3;16153;HOSPEDAJE CASA ARANA;HOTEL;KR 66 12 06;PUENTE ARANDA;2906464 -  - ;casaarana@hotmail.com;NA;Menos de $ 60.000;No Pertenece a ZIT;KR 66 12 06;4.63447777834939;-74.1179725099466
6;5230;HOTEL CANDILEJAS;HOTEL;CL 68 17 28;BARRIOS UNIDOS;6061236 - 2357329 - 3144336865;angelinav68@hotmail.com;NA;Menos de $ 60.000;No Pertenece a ZIT;CL 68 17 28;4.65658722757506;-74.0658517480742
10;11493;HOTEL BOYAC� LA 24;HOTEL;KR 24 68 35;BARRIOS UNIDOS;2502241 - 2315994 - ;NA;NA;Menos de $ 60.000;No Pertenece a ZIT;KR 24 68 35;4.6593627448831;-74.0695938830706
11;13635;APARTAHOTEL LAGOS DEL NORTE;HOTEL;KR 23 67 20;BARRIOS UNIDOS;2491610 - 2491637 - ;hotel.lagos.del.norte@gmail.com;NA;Menos de $ 60.000;No Pertenece a ZIT;KR 23 67 20;4.657987005937423;-74.06911189521988
13;4631;HOSTAL MONSERRAT;ALOJAMIENTO RURAL;KR 24 82 43;BARRIOS UNIDOS;6168160 -  - ;alpesbogota@hotmail.com - julianleus@hotmail.com;NA;Entre $ 60.001 y $ 150.000;No Pertenece a ZIT;KR 24 82 43;4.67069742332848;-74.0633975297175
14;8166;ALPES BOGOT� HOSTAL;ALOJAMIENTO RURAL;KR 48 93 64;BARRIOS UNIDOS;6221738 - 6168160 - ;alpesbogota@hotmail.com - julianleus@hotmail.com;www.alpesbogotacasahotel.com;Entre $ 60.001 y $ 150.000;No Pertenece a ZIT;KR 48 93 64;4.681372281070212;-74.06113089639628
22;7445;HOTEL LORD;HOTEL;CL 63 14 62;TEUSAQUILLO;2550530 -  - ;hotel_lord@yahoo.com.ar - info@hotel-lord.com;www.hotel-lord.com;Menos de $ 60.000;No Pertenece a ZIT;CL 63 14 62;4.64981819246039;-74.065206085126
23;14447;SUITE B�SICAS INN - SUITES EJECUTIVAS ECON�MICAS;HOTEL;CL 63 D 22 44;BARRIOS UNIDOS;3125956 - 2552313 - 2482522;basicasinn@gmail.com;www.hotelbogotainn.com;Entre $ 60.001 y $ 150.000;No Pertenece a ZIT;CL 63 D 22 44;4.654480149747065;-74.07097197494518
24;13620;SUITTES INN TUR�STICAS CALLE 63;HOTEL;CL 63 28 62;BARRIOS UNIDOS;2116901 - 2490387 - 2489640;turisticas63@hotelbogotainn.com;www.hotelbogotainn.com;Entre $ 60.001 y $ 150.000;No Pertenece a ZIT;CL 63 28 62;4.6518749978464;-74.0763201934868
25;14450;APARTAMENTOS CEDROS 63 INN  - APARTAMENTO LOS CEDROS;HOTEL;CL 63 C 21 46;BARRIOS UNIDOS;3453963 - 3452603 - 5486174;apartamentoscedro@gmail.com;www.hotelbogotainn.com;Entre $ 60.001 y $ 150.000;No Pertenece a ZIT;CL 63 C 21 46;4.65335012133212;-74.0704683153161
26;13621;SUITES INN ECON�MICAS CALLE 63;HOTEL;CL 63 B 21 30;BARRIOS UNIDOS;2492160 - 2492077 - 2492289;economicas63@gmail.com;www.hotelbogotainn.com;Entre $ 60.001 y $ 150.000;No Pertenece a ZIT;CL 63 B 21 30;4.652739299310188;-74.07049260936982
27;13343;HOTEL 63 INN EJECUTIVO;HOTEL;CL 63 D 21 26;BARRIOS UNIDOS;2116459 - 7495314 - ;hotel_63in_ejecutivo@hotmail.com;www.hotelesejecutivobogota.com;Menos de $ 60.000;No Pertenece a ZIT;CL 63 D 21 26;4.654376502132642;-74.07015907539561
31;12905;HOTEL SAN JOS� BAVARIA 1;HOTEL;CL 12 71 D 60;KENNEDY;2925026 - 4126025 - ;hotelsanjosebavaria@hotmail.com;NA;Menos de $ 60.000;No Pertenece a ZIT;CL 12 71 D 60;4.64329479301736;-74.1306184739836
41;5381;HOTEL BOGOT� ROYAL;HOTEL;KR 8 A 99 55;CHAPINERO;6341734 - 6004100 - ;reservas@hotelbogotaroyal.com;www.hotelesroyal.com;Entre $ 150.001 y $ 350.000;Calle 100;KR 8 A 99 55;4.68056998573057;-74.040405516164
43;1028;RADISSON ROYAL BOGOT� HOTEL;HOTEL;CL 113 7 65;USAQU�N;6578700 - 6578709 - ;reservas@radissonroyal.com;www.radisson.com/bogota.co;M�s de $ 350.001;Usaquen;CL 113 7 65;4.69101793979188;-74.0347921050786
44;118;HOTEL CHARLESTON BOGOT�;HOTEL;KR 13 85 46;CHAPINERO;2571100 -  - ;info@hotelescharleston.com;www.hotelescharleston.com;M�s de $ 350.001;No Pertenece a ZIT;KR 13 85 46;4.66947094362406;-74.0534685261951
47;4054;HOTEL CASONA DEL PATIO;HOTEL;KR 8 69 24;CHAPINERO;2128805 -  - ;reservas@lacasonadelpatio.net;www.lacasonadelpatio,net;Entre $ 60.001 y $ 150.000;No Pertenece a ZIT;KR 8 69 24;4.652471634025966;-74.0582956583661
48;8245;HOTEL BOGOT� REGENCY (REGENCY SUITES);HOTEL;KR 7 127 21;USAQU�N;5921777 -  - ;reservas@hotelregency.com.co;www.hotelregency.com;Entre $ 150.001 y $ 350.000;No Pertenece a ZIT;KR 7 127 21;4.70246888606464;-74.0288146123633
49;4351;HOTEL EGINA;HOTEL;KR 14 A 119 16;USAQU�N;6371610 -  - ;info@lemanoir-egina.com;www.lemanoir-egina.com;Entre $ 150.001 y $ 350.000;No Pertenece a ZIT;KR 14 A 119 16;4.6988956459098;-74.0413432326603
50;2367;NUEVO HOTEL RINC�N SANTA BARBARA;HOTEL;CL 126 7 A 19;USAQU�N;6201397 -  - ;vesntas@rincondesantabarbara.com;www.rincondesantabarbara.com;Entre $ 150.001 y $ 350.000;No Pertenece a ZIT;CL 126 7 A 19;4.7011457061015305;-74.03052975852194
51;15060;CASABLANCA 121;HOTEL;CL 121 7 A 66;USAQU�N;5938794 -  - ;reservas@hbybhotels.com;www.hbybhotels.com;Entre $ 150.001 y $ 350.000;No Pertenece a ZIT;CL 121 7 A 66;4.69835706734226;-74.03194859224774
52;7678;HOTEL HILL HOUSE;APARTA HOTEL;CL 120 A 6 54;USAQU�N;2133434 -  - ;reservas@hotelhillhouse.com.co;www.hotelhillhouse.com.co;M�s de $ 150.001;Usaquen;CL 120 A 6 54;4.697140790604679;-74.0301710618135
55;7012;SANTAFE BOUTIQUE HOTEL;HOTEL;CL 116 15 64;USAQU�N;5942400 -  - ;reservas@santafeboutique.com;www.santafeboutique.com;Entre $ 150.001 y $ 350.000;No Pertenece a ZIT;CL 116 15 64;4.69671012124275;-74.0436333343878
56;10028;HOTEL SUITE 114;HOTEL;CL 114 11 A 59;USAQU�N;2148073 - 2148120 - ;hsuite114@gmail.com;www.suitehotel114.com;Entre $ 60.001 y $ 150.000;No Pertenece a ZIT;CL 114 11 A 59;4.69394024841796;-74.0389745373617
57;6021;HOTEL HACIENDA ROYAL;HOTEL;CL 114 6 02;USAQU�N;6578950 - 6578900 - ;cmorales@haciendaroyal.com;www.haciendaroyal.com;M�s de $ 350.001;Usaquen;CL 114 6 02;4.69183844067362;-74.0318493688115
58;1628;HOTEL DANN NORTE;HOTEL;KR 15 112 09;USAQU�N;6374377 - 2152844 - ;servcioalcliente@dannnorte.comco;www.hotelesdann.com;Entre $ 150.001 y $ 350.000;No Pertenece a ZIT;KR 15 112 09;4.69479919701195;-74.0437376424491
59;11209;APARTAHOTEL CASA DE SI�N;APARTA HOTEL;KR 14 B 111 19;USAQU�N;2143675 - 2143942 - 6205814;apartahotelcasadesion@hotmail.com;www.casadesion.com;Menos de $ 150.000;No Pertenece a ZIT;KR 14 B 111 19;4.694033167732246;-74.04314773018412
61;3865;LANCASTER HOUSE CORPHOTELES;APARTA HOTEL;AK 45 106 B 28;USAQU�N;6291100 -  - 2142772;reservas@lancasterhouse.com.co;www.lancasterhouse.com.co;M�s de $ 150.001;No Pertenece a ZIT;AK 45 106 B 28;4.694991045559143;-74.05524798243341
62;9858;CASONA REAL HOTEL;HOTEL;CL 106 14 49;USAQU�N;2140179 -  - ;reservas@casonareal.com.co;www.casonareal.com.co;Entre $ 60.001 y $ 150.000;No Pertenece a ZIT;CL 106 14 49;4.689616305557488;-74.04487624821165
64;4043;HOTEL BALCONES DE MIRANDA  ;HOTEL;KR 8 D 106 78;USAQU�N;6203678 - 6203735 - ;hotelbalconesdemiranda@yahoo.es;www.hotelbalconesdemiranda.com;Entre $ 60.001 y $ 150.000;No Pertenece a ZIT;KR 8 D 106 78;4.688719033976043;-74.04081518334523
67;17610;104 ART SUITES;APARTA HOTEL;KR 18 A 104 77;USAQU�N;6025959 -  - ;e.commerce@104artsuites.com;NA;M�s de $ 150.001;No Pertenece a ZIT;KR 18 A 104 77;4.691099127348652;-74.05055608025344
68;745;HOTEL DANN CARLTON BOGOT�;HOTEL;AV 15 103 60;USAQU�N;6350010 - 6461888 - 18000943266;angela.bueno@hotelesdann.com - centralreservas@hotelesdann.com;NA;Entre $ 150.001 y $ 350.000;No Pertenece a ZIT;AV 15 103 60;4.68832445506923;-74.0470266648297
69;6064;HOTEL LE MANOIR;HOTEL;CL 105 17 A 82;USAQU�N;2133980 -  - ;info@lemanoir-egina.com;www.lemanoir-egina.com;Entre $ 150.001 y $ 350.000;No Pertenece a ZIT;CL 105 17 A 82;4.691656771391221;-74.05008007182347
71;13709;CASA RINC�N DEL CHICO INTERNACIONAL;ALOJAMIENTO RURAL;CL 101 13 32;USAQU�N;2147430 - 2158637 - 2159855;hotelrincondelchico1@hotmail.com;www.rincondelchico.com;Entre $ 60.001 y $ 150.000;Calle 100;CL 101 13 32;4.684851425384889;-74.04548891763046
72;5969;HOTEL SUITE CHICO II HOUSE;HOTEL;CL 101 13 A 23;USAQU�N;7420410 - 2155530 - ;reservas@hotelsuitechico.com.co;www.hotelsuitechico.com.co;Entre $ 150.001 y $ 350.000;Calle 100;CL 101 13 A 23;4.6848120810127405;-74.04621232325334
73;11211;HOTEL LE MIRAGE;HOTEL;KR 14 A 102 12;USAQU�N;2570412 - 2561955 - 6103036;hotellemiragebta@gmail.com;www.hotellemirageltda.com;Entre $ 60.001 y $ 150.000;No Pertenece a ZIT;KR 14 A 102 12;4.686990416876632;-74.04654247548798
74;3313;BOGOT� PLAZA SUMMIT HOTEL;HOTEL;CL 100 18 A 30;CHAPINERO;6322200 -  - ;dr@bogotaplazahotel.com;www.bogotaplazahotel.com;Entre $ 150.001 y $ 350.000;Calle 100;CL 100 18 A 30;4.68612700707915;-74.0517105200311
75;5982;101 PARK HOUSE;APARTA HOTEL;KR 21 101 10;USAQU�N;6000101 - 6001087 - 6001828;reservas@101parkhouse.com;www.101parkhouse.com;Menos de $ 60.000;No Pertenece a ZIT;KR 21 101 10;4.687525941845263;-74.05406045398027
76;5032;HOTEL ANDES PLAZA;HOTEL;AK 15 100 11;USAQU�N;3148180 -  - ;andesplaza@doradoplaza.com;www.hotelandesplaza.co;Entre $ 150.001 y $ 350.000;Calle 100;AK 15 100 11;4.685832056029274;-74.04826373495122
77;1810;GHL CONFORT HOTEL EL BELVEDERE - INVERSIONES BELVEDERE LTDA;HOTEL;KR 17 A 100 16;USAQU�N;2577700 -  - ;reservas.belvedere@ghlhoteles.com;www.ghlhoteles.com;Entre $ 150.001 y $ 350.000;Calle 100;KR 17 A 100 16;4.686097829285935;-74.05019102846056
80;13321;HOTEL GRAND HOUSE;HOTEL;KR 18 93 97;CHAPINERO;4034000 -  - ;recepcion@hotelgh.com - ventas@hotelgh.com;NA;Entre $ 150.001 y $ 350.000;Parque 93;KR 18 93 97;4.67901987301168;-74.0540276948619
82;3288;HOTEL GHL HAMILTON COURT;HOTEL;KR 14 81 20;CHAPINERO;6215455 -  - ;hotel.hamilton@ghlhoteles.com;www.ghlhoteles.com;Entre $ 150.001 y $ 350.000;Calle 82;KR 14 81 20;4.666827843773477;-74.0557164302568
84;5895;GHL CONFORT HOTEL LOS HEROES;HOTEL;CL 74 15 60;CHAPINERO;3175959 -  - ;hotel.losheroes@ghlhoteles.com;www.ghlhoteles.com;Entre $ 150.001 y $ 350.000;No Pertenece a ZIT;CL 74 15 60;4.66140780648812;-74.0607256631403
85;7110;CASABLANCA 93;HOTEL;CL 93 18 11;CHAPINERO;5938794 -  - ;reservas@hbybhotels.com;www.hbybhotels.com;Entre $ 150.001 y $ 350.000;Parque 93;CL 93 18 11;4.677665101775399;-74.05418907161341
86;23784;HOTEL BOGOT� ROYAL SUITE;HOTEL;CL 53 10 78;CHAPINERO;3479835 - 3473955 - 3108524911;reservasbogotaroyalsuite@gmail.com;www.hotelbogotaroyalsuite.com;Menos de $ 60.000;No Pertenece a ZIT;CL 53 10 78;4.6402403828859;-74.0648501615621
88;15591;HOTEL BH EL RETIRO;HOTEL;CL 80 10 11;CHAPINERO;7563177 -  - ;recepcionelretiro@bhhoteles.com;www.bhhoteles.com;Entre $ 150.001 y $ 350.000;Nogal;CL 80 10 11;4.663556976953078;-74.05333275137173
89;17366;HOTEL BH LA QUINTA;HOTEL;KR 5 74 52;CHAPINERO;7424908 -  - ;recepcionlaquinta@bhhoteles.com;www.bhhoteles.com;Entre $ 150.001 y $ 350.000;No Pertenece a ZIT;KR 5 74 52;4.65633633111083;-74.0527942857738
90;22229;CELEBRITIES SUITES - MODERNO PARK SA;VIVIENDA TUR�STICA;CL 74 10 33;CHAPINERO;6011414 - 6012604 - 6012606;reserva@celebritiessuites.com;www.celebritiessuites.com;Entre $ 150.001 y $ 350.000;No Pertenece a ZIT;CL 74 10 33;4.65833681639902;-74.0568140394249
92;11041;HOTEL CASA FALCON;HOTEL;CL 69 11 A 64;CHAPINERO;2110491 -  - ;jcartagena64@gmail.com;www.hotelcasafalcon.com;Entre $ 60.001 y $ 150.000;Calle 72;CL 69 11 A 64;4.65529152143726;-74.06195712239253
93;7105;APARTAMENTOS LAGO 76;APARTA HOTEL;KR 15 76 15;CHAPINERO;6913720 - 2366458 - 2366494;ap_hotelago76@yahoo.com - apartahotel_76@hotmail.com;www.lago76.com;Menos de $ 150.000;No Pertenece a ZIT;KR 15 76 15;4.66300408798037;-74.0591323841687
95;4668;HOTEL INTER BOGOT�;HOTEL;KR 3 20 17;SANTA FE;3417057 - 2837631 - ;servicioalcliente@interbogotahotel.com;www.interbogotahotel.com;Entre $ 60.001 y $ 150.000;No Pertenece a ZIT;KR 3 20 17;4.60434296107741;-74.06779308861769
96;16585;HOTEL CLAUDIA DEL CENTRO;HOTEL;KR 8 17 66;SANTA FE;3422727 -  - ;hospedajeclaudia@hotmail.com;NA;Menos de $ 60.000;Candelaria;KR 8 17 66;4.6045733002779;-74.0728934888406
98;4285;HOTEL MONSERRAT SPA VITAL;HOTEL;KR 3 20 35;SANTA FE;2868685 - 3418947 - ;monserratspavitalltda@hotmail.com;www.hotelmonserratspa.net;Entre $ 60.001 y $ 150.000;No Pertenece a ZIT;KR 3 20 35;4.6044826064757345;-74.06782263228446
101;14575;CASA DE HUESPEDES SANTA MAR�A HOTEL;HOTEL;KR 45 24 B 09;TEUSAQUILLO;3680516 - 6380517 - 3102389983;casahuespedessantamaria@yahoo.com;www.hotelcercaalaembajada.net - www.hotelcercaalaembajada.com;Entre $ 60.001 y $ 150.000;Quinta Paredes;KR 45 24 B 09;4.635656040128162;-74.09394298183709
103;1410;HOTEL SOFITEL BOGOT� VICTORIA REGIA - PROMOTORA Y OPERADORA DE HOTELES PROMOTEL ;HOTEL;KR 13 85 80;CHAPINERO;6212666 -  - ;reservas.bogota@sofitel.com - reservas@sofitel.com;www.sofitel.com;M�s de $ 350.001;No Pertenece a ZIT;KR 13 85 80;4.6699749607195296;-74.05304044803746
104;6958;HOTEL ESTRELLA LA 23;APARTA HOTEL;CL 23 7 86;SANTA FE;3418790 - 3133026578 - ;hotelestrellala23@hotmail.com;www.hotelestrellala23.com;Menos de $ 150.000;No Pertenece a ZIT;CL 23 7 86;4.60945570232993;-74.0711084924018
105;11149;HOTEL MANILA PLAZA;HOTEL;CL 17 8 23;SANTA FE;2439013 - 3413308 - 3105792043;hotelmanilaplaza@gmail.com;NA;Menos de $ 60.000;Candelaria;CL 17 8 23;4.60413586353765;-74.07341334067
106;9169;HOTEL AMERICANO;HOTEL;CL 23 9 18;SANTA FE;3413000 - 3346237 - ;info@hotelamericanobogota.com - inversionesyhoteles@hotmail.com;www.hotelamericanobogota.com;Menos de $ 60.000;No Pertenece a ZIT;CL 23 9 18;4.609741613899105;-74.07148290873496
107;12903;HOTEL EL DUQUE CENTRO INTERNACIONAL;HOTEL;CL 23 9 38;SANTA FE;3340080 - 3340081 - ;hotel.duque@hotmail.com;www.hotelelduqueci.com;Menos de $ 60.000;No Pertenece a ZIT;CL 23 9 38;4.6097282694765;-74.0716529876058
111;4374;HOTEL EUROPA VIEJO;HOTEL;CL 23 13 30;SANTA FE;2436625 - 2811938 - ;hotel-europa@hotmail.com;NA;Menos de $ 60.000;No Pertenece a ZIT;CL 23 13 30;4.610835893180261;-74.07349216875073
115;9946;GUN CLUB;HOTEL;KR 8 16 28;SANTA FE;2811283 - 3133434731 - ;;NA;Menos de $ 60.000;Candelaria;KR 8 16 28;4.60334710755722;-74.0735739994679
120;17560;A MI REFUGIO CASA CULTURAL Y DE HUESPEDES ;HOTEL;KR 19 33 21;TEUSAQUILLO;2872489 -  - ;amirefugiohostal@gmail.com;www.amirefugio.org;Menos de $ 60.000;No Pertenece a ZIT;KR 19 33 21;4.62219618468536;-74.0740506090667
121;4968;HOTEL LOS CERROS;HOTEL;CL 19 9 18;SANTA FE;3416068 - 2838438 - ;hotel_los_cerros@hotmail.com;NA;Menos de $ 60.000;No Pertenece a ZIT;CL 19 9 18;4.60657526903798;-74.0731521288616
124;7577;HOTEL DEL PARQUE SUPERIOR;HOTEL;KR 5 23 34;SANTA FE;3363600 - 2842200 - ;reservas@hoteldelparquesuperior.co;www.hoteldelparquesuperior.co;Entre $ 60.001 y $ 150.000;No Pertenece a ZIT;KR 5 23 34;4.6082407901141025;-74.06803484485677
125;7748;HOTEL SAN FRANCISCO DE ASIS;HOTEL;KR 10 23 63;SANTA FE;2861677 -  - ;info@sfbogota.com;www.hotelsanfranciscodeasis.com;Entre $ 60.001 y $ 150.000;No Pertenece a ZIT;KR 10 23 63;4.61046894768158;-74.0719497956009
129;6657;HOTEL LA SABANA;HOTEL;CL 23 5 23;SANTA FE;2844830 -  - ;hotel_lasabana@hotmail.com;www.hotellasabana.com;Entre $ 60.001 y $ 150.000;No Pertenece a ZIT;CL 23 5 23;4.60795530810613;-74.06899721207394
132;6948;HOTEL LIDO;HOSTAL;CL 11 9 45 ;CANDELARIA;3412582 -  - ;lidoplazahotel@hotmail.com;NA;Menos de $ 60.000;Candelaria;CL 11 9 45;4.59958376760031;-74.0774215444839
133;11490;ABADIA COLONIAL (ROMA);HOTEL;CL 11 2 32;CANDELARIA;3411884 -  - ;abadiacolonial@gmail.com;www.abadiacolonial.com;Entre $ 60.001 y $ 150.000;Candelaria;CL 11 2 32;4.59564284995832;-74.0711058683924
134;5029;HOTEL DE LA OPERA - INVERSIONES LA OPERA S A;HOTEL;CL 10 5 72 ;CANDELARIA;3362066 -  - ;manager@hotelopera.com.co - sales@hotelopera.com.co;www.hotelopera.com.co;Entre $ 150.001 y $ 350.000;Candelaria;CL 10 5 72;4.59663481042018;-74.0746524676243
136;16842;ALEGRIA�S HOSTEL;HOTEL;CL 9 2 13;CANDELARIA;2868047 - 2823168 - ;alegriamesa@hotmail.com;www.alegriashostel.com;Menos de $ 60.000;Candelaria;CL 9 2 13;4.5936953374406;-74.0721269914488
137;13877;POSADA ANANDA MAYI;HOTEL;CL 9 2 81;CANDELARIA;3417208 - 3340419 - ;anandamayihostel@yahoo.com;www.anandamayihostel.com;Menos de $ 60.000;Candelaria;CL 9 2 81;4.59391738538796;-74.0727393541604
142;6839;HOTEL AMBAL� BOGOT� COLONIAL;HOTEL;KR 5 12 B 46;CANDELARIA;3426384 - 3412376 - 3376593;info@hotelambala.net;www.hotelambala.net;Entre $ 60.001 y $ 150.000;Candelaria;KR 5 12 B 46;4.59917741331411;-74.0723001581338
143;481;HOTEL INTERNACIONAL;HOTEL;KR 5 12 C 45;LOS MARTIRES;3418731 - 3418336 - ;hotelinternacionalbogota@hotmail.com;www.hotelinternacionalbogota.com;Menos de $ 60.000;Candelaria;KR 5 12 C 45;4.60013058268866;-74.071809932523
144;16378;HOSTAL SUE CANDELARIA;HOTEL;KR 3 12 C 18;CANDELARIA;3412647 - 3144640774 - ;hostalsuecandelaria@yahoo.com;www.suecandelaria.com;Menos de $ 60.000;Candelaria;KR 3 12 C 18;4.59873438165656;-74.070077864709
146;4551;HOTEL EL DORADO;HOTEL;KR 4 12 D 02;CANDELARIA;3343988 - 2817271 - ;doradohotel@hotmail.com;NA;Menos de $ 60.000;Candelaria;KR 4 12 D 02;4.60021057039525;-74.0704109230467
147;16379;HOSTAL SUE E.U.;HOTEL;CL 12 F 2 55;CANDELARIA;3348894 -  - ;hostalsue@yahoo.com;www.suecandelaria.com;Menos de $ 60.000;Candelaria;CL 12 F 2 55;4.60005672488845;-74.0685206818192
149;16333;THE HOSTAL CRANKYCROC;HOTEL;CL 12 D 3 46;CANDELARIA;3422438 - 3144275299 - ;info@crankycroc.com;www.crankycroc.com;Menos de $ 60.000;Candelaria;CL 12 D 3 46;4.59976733453991;-74.0699703112193
150;16513;HOSTAL FATIMA;HOTEL;CL 12 C 2 24;CANDELARIA;2816389 - 2810071 - ;contacto@hostalfatima.com;www.hostalfatima.com;Menos de $ 60.000;Candelaria;CL 12 C 2 24;4.59835941214084;-74.069395788142
158;13807;HABITEL;HOTEL;AC 26 100 97 ;FONTIBON;4199999 - 3105631311 - ;reservas@hotelhabitel.com;info@hotelhabitel.com;M�s de $ 350.001;No Pertenece a ZIT;AC 26 100 97;4.688416605711878;-74.13100256025518
159;813;GHL HOTEL CAPITAL;HOTEL;CL 25 B 69 A 50;FONTIBON;4233000 -  - ;reservas.capital@ghlhoteles.com;hotel.capital@ghlhoteles.com;Entre $ 150.001 y $ 350.000;Ciudad Salitre;CL 25 B 69 A 50;4.65837952223408;-74.1082590864117
160;6974;HOTEL SHERATON BOGOT�;HOTEL;CL 25 B 69 C 80;FONTIBON;2105000 -  - ;reservas@sheratonbogota.com - hotel.sheratonbogota@ghlhoteles.com;www.sheratonbogota.com - www.ghlhoteles.com;Entre $ 150.001 y $ 350.000;Ciudad Salitre;CL 25 B 69 C 80;4.66011662684884;-74.1093661583897
161;5215;HOTEL A.R.V.;HOTEL;CL 17 96 C 32;FONTIBON;2670845 - 3134287725 - ;hotel_arv@hotmail.com;NA;Menos de $ 60.000;No Pertenece a ZIT;CL 17 96 C 32;4.6685377288827805;-74.14219976398743
163;5349;HOTEL HYNTIVA;HOTEL;KR 98 17 36;FONTIBON;2670367 - 5451203 - ;jairopico1@hotmail.com;NA;Menos de $ 60.000;No Pertenece a ZIT;KR 98 17 36;4.671604952323523;-74.14418011624029
165;5398;HOTEL LOS CAMBULOS;HOTEL;KR 96 C 17 38;FONTIBON;2679973 - 2673387 - 3132913396;NA;NA;Menos de $ 60.000;No Pertenece a ZIT;KR 96 C 17 38;4.66814261296553;-74.14173322090745
167;11459;HOTEL ESCORIAL FONTIB�N EN SUCESI�N;HOTEL;CL 17 96 C 15;FONTIBON;2981150 - 2672951 - 4188241;hotelescorial@hotmail.com;NA;Menos de $ 60.000;No Pertenece a ZIT;CL 17 96 C 15;4.668114266599057;-74.14249879097787
169;10026;CASA BLANCA 98 HOTEL;HOTEL;CL 17 A 97 83;FONTIBON;4186098 -  - ;NA;NA;Menos de $ 60.000;No Pertenece a ZIT;CL 17 A 97 83;4.671656209651415;-74.14411294838078
181;4355;HOTEL FONTIB�N;HOTEL;CL 17 97 10;FONTIBON;2679728 - 2679828 - ;servicioalcliente@hotelfontibon.com;www.hotelfontibon.com;Menos de $ 60.000;No Pertenece a ZIT;CL 17 97 10;4.670919515264994;-74.1440506422697
183;1484;HOTEL RESIDENCIA ESPA�A;HOTEL;KR 7 23 20;SANTA FE;3421396 - 7503736 - 3134229479;hotel_107@hotmail.com;NA;Menos de $ 60.000;No Pertenece a ZIT;KR 7 23 20;4.60924152127126;-74.0702651038835
184;12525;HOSTAL BOGOT� REAL;HOTEL;CL 103 B 46 05;SUBA;6348094 - 3112121599 - ;info@hostalbogotareal.com;www.hostalbogotareal.com;Entre $ 60.001 y $ 150.000;No Pertenece a ZIT;CL 103 B 46 05;4.690880110637087;-74.05825315533667
185;396;HOTEL DANN AV 19 - INVERSIONES SPIWAK LTDA;HOTEL;AV 19 5 72;LOS MARTIRES;2840100 -  - ;lina.medellin@hotelesdann.com - centralreservas@hotelesdann.com;www.hotelesdann.com;Entre $ 60.001 y $ 150.000;No Pertenece a ZIT;AV 19 5 72;4.60489940509539;-74.0706475237693
188;21074;HOTEL FERROVIAL;HOTEL;KR 40 22 59;PUENTE ARANDA;2695559 - 2695555 - ;recepcion@hotelferrovialinn.com - reservas@hotelferrovialinn.com;www.hotelferrovialinn.com;Entre $ 60.001 y $ 150.000;Quinta Paredes;KR 40 22 59;4.62975623128618;-74.0946198206946
189;13619;HOTEL QUINTA PAREDES INN;HOTEL;KR 40 22 69;PUENTE ARANDA;2441533 - 2441535 - ;hotelqp@hotmail.com - hotelquintaparedesinn@yahoo.com;www.hotelquintaparedesinn.com;Entre $ 60.001 y $ 150.000;Quinta Paredes;KR 40 22 69;4.62980658563303;-74.094544934741
193;3411;NUEVO HOTEL TEUSAQUILLO;HOTEL;KR 16 28 A 24;TEUSAQUILLO;2457996 - 6055515 - 2857960;hteusaquillo@etb.net.co;NA;Menos de $ 60.000;No Pertenece a ZIT;KR 16 28 A 24;4.61711788251417;-74.07315666527512
196;11315;HOSTAL DE FEDERMAN;HOTEL;KR 38 56 38;TEUSAQUILLO;2225531 -  - ;contactenos@hostaldefederman.com;www.hostaldefederman.com;Entre $ 60.001 y $ 150.000;No Pertenece a ZIT;KR 38 56 38;4.646496912777845;-74.08276384148242
198;11491;APARTAMENTOS GALERIAS 52;APARTA HOTEL;KR 30 52 38;TEUSAQUILLO;2486652 - 2486521 - 3477130;galerias51@gmail.com;www.apartamentosgalerias.com;Menos de $ 150.000;No Pertenece a ZIT;KR 30 52 38;4.64176468770484;-74.0787251431879
199;4232;HOTEL EMBAJADOR;HOTEL;CL 37 18 A 49;TEUSAQUILLO;2458078 - 2452842 - 2322636;hotelembajador01@hotmail.com;www.hotelembajador.com.co;Menos de $ 60.000;Teusaquillo;CL 37 18 A 49;4.62607014069418;-74.073007287536
200;3402;HOTEL SUAMOX;HOTEL;CL 38 16 07;TEUSAQUILLO;2870065 - 2329812 - 3123869128;reservas@hotelsuamox.com;www.hotelsuamox.com;Entre $ 60.001 y $ 150.000;Teusaquillo;CL 38 16 07;4.62641119266852;-74.07092313663456
201;19911;HOTEL INNOVA MASTER CENTRO INTERNACIONAL;HOTEL;CL 34 7 87;SANTA FE;2887007 -  - ;reservas@hotelesinnova.com;www.hotelesinnova.com;Entre $ 60.001 y $ 150.000;Centro Internacional;CL 34 7 87;4.62173264357849;-74.0678157903833
202;7076;HOTEL VILLA KARINA;HOTEL;CL 30 17 47;TEUSAQUILLO;2871445 - 2870953 - 2871298;hotelvillakarina@yahoo.es;NA;Menos de $ 60.000;No Pertenece a ZIT;CL 30 17 47;4.61944355651343;-74.0739395367188
203;7617;HOTEL CAVIAR;HOTEL;KR 19 39 A 18;TEUSAQUILLO;2870870 -  - ;reservas@hotelcaviar.com;www.hotelcaviar.com;Entre $ 60.001 y $ 150.000;Teusaquillo;KR 19 39 A 18;4.62851136339755;-74.0727103716373
204;15006;CASA KOLPING BOGOT�;HOTEL;KR 16 35 41;TEUSAQUILLO;2453223 -  - ;ckolpingbogta@etb.net.co;www.kolpingcolombia.com;Entre $ 60.001 y $ 150.000;Teusaquillo;KR 16 35 41;4.62463519944609;-74.07129661970083
205;9027;HOTEL AMERICAN DREAM AND EVENTS;HOTEL;AV 40 25 28;TEUSAQUILLO;2643309 -  - ;reservas@hotelamericandream.com;www.hotelamericandream.com;Entre $ 60.001 y $ 150.000;Quinta Paredes;AV 40 25 28;4.63250590002431;-74.089898339238
206;10686;HOTEL COLOMBIANS SUITE INTERNATIONAL;HOTEL;KR 43 A 24 C 06;TEUSAQUILLO;7441010 -  - ;reservas@hotelcolombiansuite.com;www.hotelescsi.com;Entre $ 60.001 y $ 150.000;Quinta Paredes;KR 43 A 24 C 06;4.63330731549824;-74.09183482291184
207;24476;HOTEL CASA AMERICANA;HOTEL;CL 24 D 44 A 73;TEUSAQUILLO;2698875 - 5792287 - 4781570;reservas@hotelcasaamericana.com;www.hotelcasaamericana.com;Entre $ 60.001 y $ 150.000;Quinta Paredes;CL 24 D 44 A 73;4.635582274856369;-74.0930582473468
208;9644;HOTEL CASA LA EMBAJADA COLONIAL;HOTEL;KR 44 A 24 A 60;TEUSAQUILLO;2447994 - 2694422 - ;hotelcasalaembajadacolonial@gmail.com;NA;Entre $ 60.001 y $ 150.000;Quinta Paredes;KR 44 A 24 A 60;4.633973836219491;-74.09357347780018
211;10157;HOTEL CASA FORTEL;HOTEL;CL 22 B 44 C 09;TEUSAQUILLO;2696058 - 3134775051 - ;reservas@casafortel.com;NA;Entre $ 60.001 y $ 150.000;Quinta Paredes;CL 22 B 44 C 09;4.633924439917265;-74.0959978466437
215;7379;HOTEL CASA LA EMBAJADA;HOTEL;CL 24 D 44 A 97;TEUSAQUILLO;2694838 - 5720260 - ;reservaslaembajada@gmail.com;www.hotelcasaembajada.com;Entre $ 60.001 y $ 150.000;Quinta Paredes;CL 24 D 44 A 97;4.635836920134779;-74.09317829731604
217;17027;HOTEL SALITRE RUGAL;HOTEL;AC 24  40 71;TEUSAQUILLO;8051408 - 3689403 - ;reservas@hotelsalitrerugal.com;www.hotelsalitrerugal.com;Entre $ 60.001 y $ 150.000;Quinta Paredes;AC 24 40 71;4.63126582984367;-74.0932721004457
218;13249;HOTEL PLATINUM SUITE;HOTEL;AC 24 40 76;TEUSAQUILLO;3378080 - 2685627 - ;reservas@hotelplatinumsuite.com.co;www.hotelplatinumsuite.com.co;Entre $ 150.001 y $ 350.000;Quinta Paredes;AC 24 40 76;4.631848719334389;-74.09329588099203
220;15720;HOTEL SAN PABLO;HOTEL;CL 26 38 A 11;TEUSAQUILLO;3694700 -  - ;reservas@sanpablohotel.com - operacion@sanpablohotel.com;www.sanpablohotel.com;Entre $ 150.001 y $ 350.000;No Pertenece a ZIT;CL 26 38 A 11;4.63287082346529;-74.0864272337882
222;9448;HOTEL CASA SANTA MARTA;HOTEL;KR 43 22 A 91;TEUSAQUILLO;3691876 - 3687163 - ;hotelcasasantamarta@gmail.com;NA;Entre $ 60.001 y $ 150.000;Quinta Paredes;KR 43 22 A 91;4.631403010732428;-74.09411972642732
224;8734;HOTEL TUR�STICO INTERNACIONAL GRAN AM�RICA;HOTEL;CL 24 32 86;TEUSAQUILLO;2694903 - 5707725 - 3685348;hgranamerica@hotmail.com;NA;Entre $ 60.001 y $ 150.000;No Pertenece a ZIT;CL 24 32 86;4.62627874428667;-74.0859274066618
228;14343;SUITES EJECUTIVAS 57 INN;HOTEL;CL 57 18 25;TEUSAQUILLO;3458428 - 2490408 - ;ejecutivas57@hotelbogotainn.com;www.hotelbogotainn.com;Entre $ 60.001 y $ 150.000;No Pertenece a ZIT;CL 57 18 25;4.64456882149137;-74.0695192757343
231;14344;SUITES INN GALERIAS;HOTEL;KR 23 53 A 43;TEUSAQUILLO;3101066 - 5414688 - 5403569;galerias@hotelbogotainn.com;www.hotelbogotainn.com;Entre $ 60.001 y $ 150.000;Campin;KR 23 53 A 43;4.642675551423438;-74.07344379901636
232;4731;HOTEL SIAR;HOTEL;KR 25 52 16;TEUSAQUILLO;7008500 -  - ;hotelsiar@yahoo.es;www.hotelsiar.com;Entre $ 60.001 y $ 150.000;Campin;KR 25 52 16;4.640998839397325;-74.07451966685517
233;17507;HOTEL PARKWAY;HOTEL;AK 24 39 B 32;TEUSAQUILLO;2885090 - 2885091 - ;hotelparkway@live.com;www.hotelparkway.com.co;Entre $ 60.001 y $ 150.000;Teusaquillo;AK 24 39 B 32;4.6298520176731355;-74.0746581862949
234;14456;HOTEL LORD GALERIAS;HOTEL;KR 27 A 53 20;TEUSAQUILLO;2488540 -  - ;hotel_lordgalerias@yahoo.com.ar;www.hotellordgalerias.com;Entre $ 60.001 y $ 150.000;Campin;KR 27 A 53 20;4.64251562174049;-74.07621530429614
235;6805;HOTEL EL CAMPIN (MAICHEL E HIJOPS CIS S EN C);HOTEL;KR 25 52 35;TEUSAQUILLO;3491616 -  - ;reservas@hotelelcampin.com;comercial@hotelelcampin.com;Entre $ 150.001 y $ 350.000;Campin;KR 25 52 35;4.64126542830801;-74.07473010730594
236;12563;HOTEL EL CONDADO PLAZA BOGOT�;HOTEL;DG 53 D 23 18;TEUSAQUILLO;2101102 - 2101105 - 3138611212;condadoplazahotel@hotmail.com;www.hotelelcondadoplaza.com;Entre $ 60.001 y $ 150.000;No Pertenece a ZIT;DG 53 D 23 18;4.6438454773737465;-74.07273129425259
237;15069;HOTEL SUITE BOGOT� COLONIAL UNO;HOTEL;CL 24 C 44 35;TEUSAQUILLO;3682682 -  - ;suitebogotacolonial@gmail.com;NA;Entre $ 60.001 y $ 150.000;Quinta Paredes;CL 24 C 44 35;4.634464323095013;-74.0928984406321
238;7990;HOTEL SAN RAFAEL;APARTA HOTEL;AC 24 43 A 49;TEUSAQUILLO;2686858 - 3142935020 - 3689341;hotelsanrafael10@gamil.com;NA;Menos de $ 150.000;Quinta Paredes;AC 24 43 A 49;4.63246261114687;-74.0940761468892
239;14341;HOTEL SANTAF� REAL;HOTEL;AC 24 40 31;TEUSAQUILLO;3686817 -  - ;reservas@hotelsantafereal.com;www.hotelsantafereal.com;Entre $ 60.001 y $ 150.000;Quinta Paredes;AC 24 40 31;4.6309659205663;-74.0930703970179
240;16143;EMBASSY PARK HOTEL;HOTEL;AC 24 44 A 79;TEUSAQUILLO;3691876 -  - ;reservas@hotelembassypark.com;www.hotelembassypark.com;Entre $ 150.001 y $ 350.000;Quinta Paredes;AC 24 44 A 79;4.63402551812446;-74.0951425318282
241;6866;HOTEL ESTELAR DE LA FERIA;HOTEL;AC 24 43 A 85;TEUSAQUILLO;5978240 -  - ;reservas.hotelaferia@hotelesestelar.com;www.hotelesestelar.com;Entre $ 150.001 y $ 350.000;Quinta Paredes;AC 24 43 A 85;4.63273279699449;-74.0942572683652
242;9042;VIAGGIO PARQUE 54 - INMOBILIRIARIA ROYAL S.A.S.;VIVIENDA TUR�STICA;KR 4 54 24;CHAPINERO;7449999 -  - ;mercadeo@viaggio.com.co - reservas@viaggio.com.co;www.viaggio.com.co;Entre $ 60.001 y $ 150.000;No Pertenece a ZIT;KR 4 54 24;4.639595418724661;-74.06046724676081
243;9042;VIAGGIO COUNTRY - INMOBILIRIARIA ROYAL S.A.S.;VIVIENDA TUR�STICA;KR 15 85 55;CHAPINERO;7449999 -  - ;mercadeo@viaggio.com.co;www.viaggio.com.co;Entre $ 150.001 y $ 350.000;No Pertenece a ZIT;KR 15 85 55;4.67050356025731;-74.0551508052695
244;9042;VIAGGIO SALLE - INMOBILIRIARIA ROYAL S.A.S.;VIVIENDA TUR�STICA;CL 61 5 75;CHAPINERO;7449999 -  - ;mercadeo@viaggio.com.co;www.viaggio.com.co;Entre $ 150.001 y $ 350.000;Lourdes;CL 61 5 75;4.64604671683617;-74.06049604381454
245;9042;VIAGGIO CENTRO FINANCIERO - INMOBILIRIARIA ROYAL S.A.S.;VIVIENDA TUR�STICA;CL 62 3 A 50;CHAPINERO;7449999 -  - ;mercadeo@viaggio.com.co - reservas@viaggio.com.co;www.viaggio.com.co;Entre $ 60.001 y $ 150.000;No Pertenece a ZIT;CL 62 3 A 50;4.6455573870000535;-74.0576016249999
246;9042;VIAGGIO STUDIOS - INMOBILIRIARIA ROYAL S.A.S.;VIVIENDA TUR�STICA;CL 62 3 B 37;CHAPINERO;7449999 -  - ;mercadeo@viaggio.com.co;www.viaggio.com.co;Entre $ 150.001 y $ 350.000;No Pertenece a ZIT;CL 62 3 B 37;4.645562763808686;-74.05800463492933
247;11183;CASA HOTEL ZUETANA PI;HOTEL;CL 106 A 18 A 19;USAQU�N;6206848 - 6208052 - ;reservas@zuetana.com.co;www.zuetana.com;Entre $ 150.001 y $ 350.000;No Pertenece a ZIT;CL 106 A 18 A 19;4.692895930419191;-74.04989304038091
253;5538;HOTEL PARQUE 97 SUITES;HOTEL;CL 97 19 15;CHAPINERO;7444030 - 6917337 - ;reservas@hotelparque97.com;www.hotelparque97.com;Entre $ 150.001 y $ 350.000;Calle 100;CL 97 19 15;4.683970625515122;-74.05273419130981
254;4088;SUITES REAL 97;APARTA HOTEL;CL 97 A 10 45;CHAPINERO;6109700 -  - ;real97@suitesreal.com;www.suitesreal.com;M�s de $ 150.001;Calle 100;CL 97 A 10 45;4.680256472806737;-74.04403222622109
255;40;HOTEL DE LA VILLE;HOTEL;CL 100 13 55;CHAPINERO;6500700 -  - ;ventas@hotelesdelaville.com.co;www.hotelesdelaville.com;Entre $ 150.001 y $ 350.000;Calle 100;CL 100 13 55;4.68381185596163;-74.0464245697252
257;4873;HALIFAX;HOTEL;CL 93 15 93;CHAPINERO;6163098 -  - ;info@hotelhalifax.com.co;www.hotelhalifax.com.co;Entre $ 60.001 y $ 150.000;Parque 93;CL 93 15 93;4.67709486702192;-74.0526871165138
258;3975;RICHMOND SUITES;HOTEL;CL 93 18 81;CHAPINERO;6235623 -  - ;reservas@richmondsuiteshotel.com;www.richmondsuiteshotel.com;Entre $ 150.001 y $ 350.000;Parque 93;CL 93 18 81;4.677966349754274;-74.0547769050365
259;6876;HOTEL ESTELAR WINDSOR HOUSE;HOTEL;CL 95 9 97;CHAPINERO;6343630 -  - ;reservas.hwhouse@hotelesestelar.com;www.hotelesestelar.com;Entre $ 150.001 y $ 350.000;No Pertenece a ZIT;CL 95 9 97;4.67751344597304;-74.0434834131516
261;19011;HOTEL VIRREY PARK;HOTEL;KR 15 87 94;CHAPINERO;2181625 - 2181606 - ;reservas@hotelvirreypark.com;www.hotelvirreypark.com;Entre $ 150.001 y $ 350.000;No Pertenece a ZIT;KR 15 87 94;4.67251942084605;-74.0539570599122
262;4734;HOTEL CHICO IMPERIAL SUITES;HOTEL;KR 19 C 91 63;CHAPINERO;6108003 -  - ;reservas@chicoimperialsuites.com.co;www.chicoimperial.com.co;Entre $ 60.001 y $ 150.000;No Pertenece a ZIT;KR 19 C 91 63;4.6779652968427525;-74.05709842946759
263;12210;HOTEL LA FONT;HOTEL;KR 16 86 A 32;CHAPINERO;5938150 -  - ;hotel@lafont.com.co;www.lafont.com.co/hotel;M�s de $ 350.001;No Pertenece a ZIT;KR 16 86 A 32;4.672226782540142;-74.05476537745842
264;4089;SUITES REAL 85;APARTA HOTEL;KR 18 84 56;CHAPINERO;2180100 -  - ;suitesreal85@gmail.com;www.suitesreal.com;M�s de $ 150.001;Country;KR 18 84 56;4.670281846187172;-74.05701630284982
265;2226;HOTEL EXCELSIOR BOGOT�;HOTEL;KR 14 86 A 96;CHAPINERO;2184311 -  - ;reservas@hotelexcelsiorbogota.com;www.hotelexcelsiorbogota.com;Entre $ 150.001 y $ 350.000;No Pertenece a ZIT;KR 14 86 A 96;4.671506097980326;-74.05357602025133
266;3312;HOTEL BOHEME ROYAL;HOTEL;CL 82 12 35;CHAPINERO;6447100 - 6447132 - ;recepcionbh@bohemeroyal.com;www.hotelesroyal.com;Entre $ 150.001 y $ 350.000;Calle 82;CL 82 12 35;4.66654511678498;-74.0544650533027
267;1076;HOTEL ANDINO ROYAL;HOTEL;CL 85 12 28;CHAPINERO;6513100 - 6515131 - ;ipena@andinoroyal.com - jsanabria@andinoroyal.com;www.hotelesroyal.com;M�s de $ 350.001;No Pertenece a ZIT;CL 85 12 28;4.66861507670573;-74.0526214025828
269;407;CROWNE PLAZA TEQUENDAMABOGOT� (HOTEL TEQUENDAMA);HOTEL;KR 10 26 21;SANTA FE;3820300 - 3822930 - 18000916565;reservas@sht.com.co;www.sht.com.co;Entre $ 150.001 y $ 350.000;Centro Internacional;KR 10 26 21;4.61198372497338;-74.071216347347
272;1423;SUITE LUGANO IMPERIAL & CIA LTDA.;HOTEL;CL 70 A 7 62;CHAPINERO;3131113 -  - ;reservas@lytoperadora.com;www.ltyoperadora.com;Entre $ 150.001 y $ 350.000;Calle 72;CL 70 A 7 62;4.654228644739275;-74.05683224197126
273;120;HOTEL CASA MEDINA;HOTEL;KR 7 69 A 22;CHAPINERO;3120299 - 2170288 - ;info@hotelescharleston.com;www.hotelescharleston.com;M�s de $ 350.001;Calle 72;KR 7 69 A 22;4.65241981914047;-74.0565850845073
274;7412;EMAUS BOGOT�;HOTEL;KR 4 69 A 46;CHAPINERO;5442005 -  - ;gerencia@hotelemausbogota.com.co;www.hotelemausbogota.com;Entre $ 150.001 y $ 350.000;No Pertenece a ZIT;KR 4 69 A 46;4.651110649934161;-74.05396144159991
275;15690;HOTEL ABC 7 AVENIDA;HOTEL;KR 7 47 63;CHAPINERO;2856329 - 2872026 - 2872097;hotelabc7@hotmail.com;www.hotelabc7.com;Menos de $ 60.000;Chapinero Central;KR 7 47 63;4.6343000894524;-74.0639511079566
277;23271;HOTEL L�TOILE;HOTEL;KR 7 43 47;CHAPINERO;2878728 - 2876717 - ;recepcion.hotel6@gmail.com - reservas@grupotasaca.com;www.hotelesgrupotasaca.com;Entre $ 60.001 y $ 150.000;Chapinero Central;KR 7 43 47;4.63067443588318;-74.0645978350272
278;2430;HOTEL PORTON BOGOT�;HOTEL;CL 84 7 65;CHAPINERO;6166611 -  - ;servicioalcliente@hotelportonbogota.com.co;www.hotelportonbogota.com.co;M�s de $ 350.001;No Pertenece a ZIT;CL 84 7 65;4.66437062586787;-74.0481975774778
279;3584;MORRISON HOTEL;HOTEL;CL 84 BIS 13 54;CHAPINERO;6223111 -  - ;morrisonhotel@morrisonhotel.com;www.morrisonhotel.com;M�s de $ 350.001;Calle 82;CL 84 BIS 13 54;4.6690486553517605;-74.05440042891676
280;4262;HOTEL RETIRO 84;HOTEL;CL 84 9 95;CHAPINERO;6161501 -  - ;reservas@retiro84.com - amandas@retiro84.com;www.retiro84.com;Entre $ 150.001 y $ 350.000;No Pertenece a ZIT;CL 84 9 95;4.6663770341597415;-74.05082259448872
282;14582;ROYAL PARK METROTEL;HOTEL;CL 74 13 27;CHAPINERO;3254445 -  - ;reservas@metrotelroyalpark.com - servicioalclienteml@metrotelroyalpark.com;www.metrotelroyalpark.com;Entre $ 150.001 y $ 350.000;No Pertenece a ZIT;CL 74 13 27;4.66027250533427;-74.0594253515749
283;4655;HOTEL CONFORT 80;HOTEL;KR 16 A 79 85;CHAPINERO;6101678 -  - ;operaciones@hotelesconfort80.com;www.hotelesconfort80.com;Entre $ 150.001 y $ 350.000;Country;KR 16 A 79 85;4.666884979693608;-74.05847653705572
284;4752;HOTEL EMBASSY SUITES ROSALES BOGOT� BY HILTON;HOTEL;CL 70 6 22;CHAPINERO;3171313 -  - ;reservas@embassy-bogota.com.co - crm@embassy-bogota.com.co;www.embassysuites.com - www.hilton.com;M�s de $ 350.001;Calle 72;CL 70 6 22;4.652576945274204;-74.05578985050587
285;6277;HOTEL NACI�N;HOTEL;KR 8 65 29 / KR 8 A 65 36;CHAPINERO;2480709 - 2555680 - ;hotelnacion@hotmail.com - contactenos@hotelesnacion.com;www.hotelesnacion.com;Entre $ 60.001 y $ 150.000;No Pertenece a ZIT;KR 8 65 29;4.650114887292264;-74.06002510171173
287;3314;HOTEL ESTELAR SUITE JONES - SURCURSAL CHAPINERO ALTO;HOTEL;CL 61 5 39;CHAPINERO;3468246 -  - ;www.hotelesestelar.com;NA;Entre $ 150.001 y $ 350.000;Lourdes;CL 61 5 39;4.64580262432589;-74.0599251619676
288;4079;APARTASUITES LOURDES LIMITADA;HOTEL;CL 63 15 61;BARRIOS UNIDOS;3454301 - 3454305 - 3454306;reservas@hotellourdes.com;www.hotellourdes.com;Entre $ 60.001 y $ 150.000;No Pertenece a ZIT;CL 63 15 61;4.64976532558145;-74.0662837481183
289;15237;HOTEL LOURDES 62 ;APARTA HOTEL;CL 62 11 15;CHAPINERO;2175735 - 3106190271 - ;hotellourdesla62@hotmail.com;www.hotellourdes.amawebs.com;Menos de $ 150.000;Lourdes;CL 62 11 15;4.64851126530907;-74.0629186519193
295;5543;HOTEL CENTRO INTERNACIONAL;HOTEL;KR 13 A 38 95;SANTA FE;2885566 -  - ;reservas@hotelcentrointernacional.com - contacto@hotelcentrointernacional.com;www.hotelcentrointernacional.com;Entre $ 60.001 y $ 150.000;No Pertenece a ZIT;KR 13 A 38 95;4.627376023377807;-74.06822144440747
297;4792;HOTEL CASA DANN CARLTON;HOTEL;CL 94 19 71;CHAPINERO;6338777 -  - ;reservas.casadann@hotelesdann.com - servicioalcliente@hotelesdann.com;www.hotelesdann.com;Entre $ 150.001 y $ 350.000;Parque 93;CL 94 19 71;4.68091466900006;-74.05409083399991
298;1119;HOTEL ESTELAR LA FONTANA;HOTEL;AC 127 15 A 10;USAQU�N;6154400 -  - ;;www.hotelestelar.com;Entre $ 150.001 y $ 350.000;No Pertenece a ZIT;AC 127 15 A 10;4.705007582292585;-74.04361828882725
301;9042;VIAGGIO VIRREY - INMOBILIRIARIA ROYAL S.A.S.;VIVIENDA TUR�STICA;KR 18 86 A 36;CHAPINERO;7449999 -  - ;mercadeo@viaggio.com.co;www.viaggio.com.co;Entre $ 60.001 y $ 150.000;No Pertenece a ZIT;KR 18 86 A 36;4.672546599980407;-74.05592922358028
304;12723;HOTEL EL VIAJERO INN;HOTEL;CL 18 8 57 ;SANTA FE;3422136 - 3347656 - ;hotelavis@gmail.com;NA;Menos de $ 60.000;Candelaria;CL 18 8 57;4.60517207926281;-74.0732001035702
306;15515;HOTEL DIAMANTE INTERNACIONAL;HOTEL;AC 24 40 70;TEUSAQUILLO;2699550 -  - ;reservas@hoteldiamanteinternacional.com;www.hoteldiamanteinternacional.com;Entre $ 60.001 y $ 150.000;Quinta Paredes;AC 24 40 70;4.63177376792956;-74.09324533453963
308;13109;CASA HOTEL LA ESTANCIA;HOTEL;KR 43 A 22 A 07;TEUSAQUILLO;2686475 - 5700043 - 2685510;reservas@casahotellaestancia.com;www.casahotellaestancia.com;Entre $ 60.001 y $ 150.000;Quinta Paredes;KR 43 A 22 A 07;4.631446846539208;-74.09496346089865
309;11208;HOTEL ARAG�N ""EN SUCESI�N"";HOTEL;KR 3 12 C 13;CANDELARIA;3425239 - 2848325 - ;hotelaragonbogota@hotmail.es;NA;Menos de $ 60.000;Candelaria;KR 3 12 C 13;4.59872386174036;-74.0701487553075
311;7706;HOTEL SAN PAOLO DI TORINO;HOTEL;KR 9 9 69 ;CANDELARIA;3415729 - 5600456 - ;hotelciudadreal@hotmail.com;NA;Menos de $ 60.000;Candelaria;KR 9 9 69;4.59903644493835;-74.0773048744511
312;29986;HOTEL LIMA;HOTEL;KR 4 16 65;SANTA FE;3348334 - 3419533 - 2437935;hotel.lima.bogota@gmail.com;www.hotellima.com;Menos de $ 60.000;Candelaria;KR 4 16 65;4.60150563635107;-74.0698426221359
314;4598;HOTELES AM�RICA;HOTEL;CL 66 8 23 TORRE A / CL 66 8 34 TORRE B ;CHAPINERO;2128110 -  - ;reservas@hotelesamerica.com.co;info@hotelesamerica.com.co;Entre $ 60.001 y $ 150.000;No Pertenece a ZIT;CL 66 8 23;4.650799584482759;-74.05974245447817
316;4619;HOTEL DORANTES;HOTEL;CL 12 B 5 07;SANTA FE;3346640 -  - ;informacion@hoteldorantes.com;www.hoteldorantes.com;Menos de $ 60.000;Candelaria;CL 12 B 5 07;4.59883278561329;-74.0726157003996
1004;8745;APARTAMENTOS ESTELAR;HOTEL;CL 127 15 A 10;USAQU�N;5769240 -  - ;huesped.lafontana@apartamentosestelar.com;www.hotelesestelar.com;Entre $ 150.001 y $ 350.000;No Pertenece a ZIT;CL 127 15 A 10;4.70432795435352;-74.0436598311391
1008;10027;APARTA ESTUDIOS ANDINO LTDA.;APARTA HOTEL;KR 19 A 102 09;USAQU�N;6220678 -  - ;reservas@apartaestudioslosandes.com;www.apartaestudioslosandre.com;Menos de $ 150.000;No Pertenece a ZIT;KR 19 A 102 09;4.688048272838496;-74.05284426897455
1011;11840;APARTAMENTOS GALERIAS 51;APARTA HOTEL;KR 30 51 34;TEUSAQUILLO;2550180 - 2550160 - 2553959;galerias51@gmail.com;www.apartamentosgalerias.com;Menos de $ 150.000;No Pertenece a ZIT;KR 30 51 34;4.64085379992114;-74.0787872672307
1013;12526;HOTEL HELICONIA SUITE;HOTEL;KR 9 7 29;CANDELARIA;2462027 -  - ;NA;NA;Menos de $ 60.000;Candelaria;KR 9 7 29;4.595798312572202;-74.07953926525079
1014;13613;HOTEL MONTECARLO COLONIAL;HOTEL;CL 18 8 35;SANTA FE;3416114 - 2816103 - ;hotelmontecarlocolonial@hotmail.com;www.hotelmontecarlocolonial.com.co;Menos de $ 60.000;Candelaria;CL 18 8 35;4.605031733695639;-74.07314831608
1016;14195;HOTEL SUITE DE NORMANDIA;HOTEL;KR 71 A 50 39;ENGATIV�;2957925 - 2632737 - 3132930628;hotel.s.normandia@hotmail.com;NA;Menos de $ 60.000;No Pertenece a ZIT;KR 71 A 50 39;4.667957006992698;-74.10784055782557
1017;14972;ROYAL EMBASSY HOTEL;HOTEL;CL 24 D 43 A 05;TEUSAQUILLO;2680102 - 5742462 - ;reservasroyalembassy@hotmail.com;NA;Entre $ 60.001 y $ 150.000;Quinta Paredes;CL 24 D 43 A 05;4.633693936485527;-74.09178759531672
1020;15484;HOSTAL LA CANDELARIA BOGOT�;HOTEL;CL 12 F 2 38;CANDELARIA;6007559 - 2815724 - 3168880421;info@hostallacandelaria.com;www.hostallacandelaria.com;Menos de $ 60.000;Candelaria;CL 12 F 2 38;4.60031366246666;-74.0681594672768
1030;17200;BLUE SUITES HOTEL;HOTEL;CL 93 17 48;CHAPINERO;7452222 - 7452223 - ;reservas@bluesuiteshotel.com;www.bluesuiteshotel.com;Entre $ 150.001 y $ 350.000;Parque 93;CL 93 17 48;4.677964463893625;-74.05374396580963
1031;17326;APARTAHOTEL CASABLANCA BOGOT�;APARTA HOTEL;CL 55 6 31;CHAPINERO;2350081 -  - ;apartahotelcasablancabogota@hotmail.com;www.aparthahotelcasablanca.com;Menos de $ 150.000;No Pertenece a ZIT;CL 55 6 31;4.640937147674982;-74.06219364315758
1032;17372;HOTEL ALPICAT;HOTEL;KR 9 58 07;CHAPINERO;2350084 -  - ;NA;NA;Menos de $ 60.000;No Pertenece a ZIT;KR 9 58 07;4.6447134007464665;-74.06315273569203
1036;17528;HMG SUITES 108;APARTA HOTEL;CL 108 16 05;USAQU�N;6370319 -  - ;suites108@hotmail.com;www.suites108.com;M�s de $ 150.001;No Pertenece a ZIT;CL 108 16 05;4.69249033075416;-74.0468971086996
1037;17529;DESTINO NOMADA HOSTEL;HOTEL;CL 11 00 38;CANDELARIA;3520932 -  - ;contactus@destinonomada.com;www.destinonomada.com;Menos de $ 60.000;Candelaria;CL 11 00 38;4.595056004195364;-74.0700083340735
1041;17572;HOSTAL VILLACANDELARIA;HOTEL;KR 3 12 D 93;CANDELARIA;2842348 - 3044739457 - ;villa.candelaria@hotmail.com - info@villacandelariahostel.com;www.villacandelariahostel.com;Menos de $ 60.000;Candelaria;KR 3 12 D 93;4.60036790999615;-74.0691014114311
1042;17605;CASA HOTEL BOYAC� REAL;HOTEL;KR 15 44 44;TEUSAQUILLO;4722421 - 2458982 - 32041555082;casahotelboyacareal@hotmail.com;www.hotelboyacareal.com;Entre $ 60.001 y $ 150.000;No Pertenece a ZIT;KR 15 44 44;4.632368372224731;-74.06860096827424
1048;17857;APARTA ESTUDIOS CAMPIN INN;HOTEL;KR 24 61 D 37;TEUSAQUILLO;2480957 - 2128659 - 2482678;apartaestudioselcampin@gmail.com;www.hotelbogotainn.com;Entre $ 60.001 y $ 150.000;No Pertenece a ZIT;KR 24 61 D 37;4.64907574419879;-74.0730675658821
1049;17882;USAQU�N ART SUITES;APARTA HOTEL;KR 5 117 07;USAQU�N;2142029 -  - ;usaquen@104artsuites.com;NA;M�s de $ 150.001;Usaquen;KR 5 117 07;4.693776199338249;-74.03013119681566
1051;18011;HOTEL EJECUTIVO EMBAJADOR - HOTEL EJECUTIVO EMBAJADA I;HOTEL;CL 24 B 44 A 22;TEUSAQUILLO;3682218 - 2687519 - ;hotel-ejecutivo-embajada@hotmail.com;www.hotelesejecutivobogota.com;Menos de $ 60.000;Quinta Paredes;CL 24 B 44 A 22;4.634714764407492;-74.09333795493103
1052;18096;EL MARQUES DE SAN RAFAEL;HOTEL;KR 67 12 A 76;PUENTE ARANDA;2670138 - 3002571460 - ;dianacruz104@hotmail.com;NA;Menos de $ 60.000;No Pertenece a ZIT;KR 67 12 A 76;4.636411370092861;-74.11798523370115
1054;18348;BALMORAL CASA Y HOSTAL;HOTEL;KR 17 A 125 10;USAQU�N;5234443 - 5234442 - 6207318;casabalmoral@yahoo.es;www.casabalmoral.com;Entre $ 60.001 y $ 150.000;No Pertenece a ZIT;KR 17 A 125 10;4.703867696768022;-74.04564191271687
1055;18367;HOLIDAY INN EXPRESS HOTEL;HOTEL;CL 94 11 A 12;CHAPINERO;6510000 -  - ;reservas@oxohotel.com;www.hiexpress.com;Entre $ 150.001 y $ 350.000;Parque 93;CL 94 11 A 12;4.677904126956445;-74.04711917103958
1056;18428;HOTEL EMPORIUM;HOTEL;KR 33 25 A 04;TEUSAQUILLO;2680235 -  - ;reservas.hotelemporiumbogota@gmail.com;www.hotelemporiumbogota.com;Entre $ 60.001 y $ 150.000;No Pertenece a ZIT;KR 33 25 A 04;4.627990315270043;-74.08546578380785
1057;18467;CROWNE PLAZA SUITES TEQUENDAMA BOGOT� (SUITES TEQUENDAMA);HOTEL;KR 10 27 51 INT 150;SANTA FE;3813700 - 3820300 - 3822930;reservas@sht.com.co - recepcion.ast@sht.comc.o;www.sht.com.co;Entre $ 60.001 y $ 150.000;Centro Internacional;KR 10 27 51;4.61450419678762;-74.0696619581697
1059;18588;HOTEL CASA GALERIA;APARTA HOTEL;KR 2 12 B 62;CANDELARIA;3425225 - 3153362999 - ;info@hotelcasagaleria.com;www.hotelcasagaleria.com;Menos de $ 150.000;Candelaria;KR 2 12 B 62;4.59799721550179;-74.0695738725766
1060;18662;HOTEL CASA DECO;HOTEL;CL 12 C 2 36;CANDELARIA;2837032 - 2827640 - 2837262;reservas@hotelcasadeco.com;www.hotelcasadeco.com;Entre $ 150.001 y $ 350.000;Candelaria;CL 12 C 2 36;4.59865883323241;-74.0701866468259
1061;18690;HOTEL MARRIOT;HOTEL;AC 26 69 B 53;FONTIBON;4851111 -  - ;reservas@marriot.com;www.marriott.com;M�s de $ 350.001;Ciudad Salitre;AC 26 69 B 53;4.6593576073369665;-74.10841189455864
1067;18773;SUITES 109;APARTA HOTEL;CL 109 A 17 52;USAQU�N;5200602 -  - ;administracion@suites109.com;www.suites109.com;M�s de $ 150.001;No Pertenece a ZIT;CL 109 A 17 52;4.694842223334042;-74.04769349547635
1069;18892;ZUETANA MALIBU;HOTEL;CL 119 50 15;SUBA;7035086 - 8052052 - ;fmunera@zuetana.com;www.zuetana.co;Entre $ 60.001 y $ 150.000;No Pertenece a ZIT;CL 119 50 15;4.701685257116425;-74.05933489434466
1070;18893;APARTAESTUDIOS KAFIR;APARTA HOTEL;CL 25 B 36 28;TEUSAQUILLO;2447143 - 2447143 - ;info@alojamientoenbogota.com;www.alojamientoenbogota.com;Menos de $ 150.000;Quinta Paredes;CL 25 B 36 28;4.630837032135081;-74.08638168589528
1073;19010;HOTEL BOGOT� VIRREY;HOTEL;KR 15 87 06;CHAPINERO;2568826 - 2183949 - ;reservas@hotelbogotavirrey.com;www.hotelbogotavirrey.com;Entre $ 150.001 y $ 350.000;No Pertenece a ZIT;KR 15 87 06;4.67200670691137;-74.0542073891214
1075;19161;HOTEL LAGUNA 24;HOTEL;CL 24 B 44 A 59;TEUSAQUILLO;2688163 - 5705550 - ;hotellaguna24@yahoo.com;www.hotelescercaalaembajada.com;Menos de $ 60.000;Quinta Paredes;CL 24 B 44 A 59;4.634866283831471;-74.09381644502831
1077;19336;HOTEL MS OCEANIA;HOTEL;KR 13 24 A 48;SANTA FE;2842100 -  - ;reservasoceania@hotelesms.com;www.hotelesms.com;Entre $ 60.001 y $ 150.000;No Pertenece a ZIT;KR 13 24 A 48;4.611908339697563;-74.0718635301869
1079;19498;CITE HOTEL;HOTEL;KR 15 88 10;CHAPINERO;6467777 -  - ;reservas@citehotel.com;www.citehotel.com;M�s de $ 350.001;No Pertenece a ZIT;KR 15 88 10;4.67318668311468;-74.0536637970364
1081;19576;CASA AURA MAR�A;HOTEL;KR 39 25 81;TEUSAQUILLO;3680448 - 3112100803 - ;hotel.casaauramaria@live.com;NA;Menos de $ 60.000;No Pertenece a ZIT;KR 39 25 81;4.6321943122876625;-74.0888221202486
1083;19732;NICO APARTASUITES;VIVIENDA TUR�STICA;CL 68 4 62;CHAPINERO;7435348 -  - ;nicoapartamentos@gmail.com  - reservas@hotelesnico.com;www.hotelesnico.com;Entre $ 150.001 y $ 350.000;No Pertenece a ZIT;CL 68 4 62;4.650395380640436;-74.05542987744751
1084;17500;HOTEL CASA  NORMANDIA;HOTEL;KR 71 B 53 35;ENGATIV�;2632522 - 2952132 - ;reservas@hotelcasanormandia.com;www.hotelcasanormandia.com;Entre $ 60.001 y $ 150.000;No Pertenece a ZIT;KR 71 B 53 35;4.67065018962195;-74.1057504425021
1085;31116;HOTEL PALERMO PLAZA;HOTEL;KR 19 45 A 28;TEUSAQUILLO;7512946 - 3406224 - ;hotelpalermoplaza@yahoo.com - - hotelpalermoplaza@hotmail.com;www.hotelpalermoplaza.com;Entre $ 60.001 y $ 150.000;No Pertenece a ZIT;KR 19 45 A 28;4.63399457292322;-74.0716920596067
1088;20155;CASA COLONIAL INN;HOTEL;CL 57 18 26;TEUSAQUILLO;2490575 - 5486176 - 5486181;casacolonial@hotelbogotainn.com;www.hotelbogotainn.com;Entre $ 60.001 y $ 150.000;No Pertenece a ZIT;CL 57 18 26;4.64485451530405;-74.0694799757746
1089;20271;HOTEL CLASSIC;HOTEL;CL 25 A 38 A 22;TEUSAQUILLO;5703420 -  - ;contacto@hotelclassic.com.co;www.hotelclasic.com.co;Entre $ 60.001 y $ 150.000;No Pertenece a ZIT;CL 25 A 38 A 22;4.632087045710225;-74.08833526139564
1091;20295;HOTEL SPLENDOR;HOTEL;AC 24 40 46;TEUSAQUILLO;2447890 -  - ;reservas@hotelsplendorbogota.com;www.hotelsplendorbogota.com;Entre $ 150.001 y $ 350.000;Quinta Paredes;AC 24 40 46;4.6314740284952025;-74.09304398512
1092;20311;HOTELES BRISAS DEL OASIS ;HOTEL;CL 66 11 77;CHAPINERO;5410980 - 4763705 - ;hotelbrisasdeloasis.bogota@gmail.com;www.hotelbrisasdeloasis.com;Menos de $ 60.000;No Pertenece a ZIT;CL 66 11 77;4.652202467521731;-74.06258803353154
1093;20353;HOTEL SAN NICOLAS BOGOT�;HOTEL;CL 38 29 12;TEUSAQUILLO;3681075 - 7504209 - ;hotelsannicolasbogota@hotmail.com;www.hotelsannicolasbogota.net;Menos de $ 60.000;No Pertenece a ZIT;CL 38 29 12;4.626436469712627;-74.07946995408481
1094;29829;MARTINIK HOSTEL;HOSTAL;KR 4 11 88;CANDELARIA;2833180 -  - ;info@hostalmartinik.com;www.hostalmartinik.com;Menos de $ 60.000;Candelaria;KR 4 11 88;4.597197487868148;-74.07214170019003
1095;20447;A BOGOT� ON HOLIDAYS;HOSTAL;CL 51 A 74 20;ENGATIV�;7575121 - 3213004741 - ;abogotaonholidays@hotmail.com;www.abogotaonholidays.com;Entre $ 60.001 y $ 150.000;No Pertenece a ZIT;CL 51 A 74 20;4.6725630592308365;-74.11077945592343
1097;20484;HOTEL BH PARQUE 93;HOTEL;KR 14 93 A 69;CHAPINERO;7432820 -  - ;reservasoc@bhhoteles.com;www.bhhoteles.com;Entre $ 150.001 y $ 350.000;Parque 93;KR 14 93 A 69;4.67817587615182;-74.05050686639056
1098;20493;CONTINENTAL ALL SUITES HOTEL;VIVIENDA TUR�STICA;AV JIMENEZ 4 16;CANDELARIA;6063000 -  - ;conserje@hotelcontinentalbogota.com.co;www.hotelcontinentalbogota.com.co;Entre $ 150.001 y $ 350.000;Candelaria;AV JIMENEZ 4 16;4.60097427371671;-74.0702588642085
1099;20507;TIVOLI SUITES;APARTA HOTEL;KR 17 109 A 67;USAQU�N;6370411 -  - ;reservas@ltyoperadora.com;www.trivolisuites.com;M�s de $ 150.001;No Pertenece a ZIT;KR 17 109 A 67;4.694906412527068;-74.04675660732754
1100;20511;SEBASTIAN INN;HOTEL;KR 33 25 A 38;TEUSAQUILLO;2680236 -  - ;reservas.hotelemporiumbogota@gmail.com;www.hotelsebastianinn.com;Entre $ 60.001 y $ 150.000;No Pertenece a ZIT;KR 33 25 A 38;4.628194814859934;-74.08524949023607
1105;20628;APARTAESTUDIOS LA CANDELARIA;APARTA HOTEL;CL 10 2 40;CANDELARIA;2816923 - 2136151 - 3134421805;lacandelaria@gmail.comNA;NA;Menos de $ 150.000;Candelaria;CL 10 2 40;4.59498579390904;-74.0716830587822
1106;20629;HOTEL SANTA BARBARA REAL;HOTEL;CL 127 7 89;USAQU�N;6290944 -  - ;reservas@hotelsantabarbara.com;www.hotelsantabarbarareal.com;Entre $ 60.001 y $ 150.000;No Pertenece a ZIT;CL 127 7 89;4.70207559043005;-74.0294448399835
1107;20670;CHAPINORTE VIP;VIVIENDA TUR�STICA;CL 79 14 59 APTO 301;CHAPINERO;5305558 - 3176406716 - ;chapinortevip@hotmail.com;www.chapinortehostelbogota.com;Entre $ 60.001 y $ 150.000;No Pertenece a ZIT;CL 79 14 59;4.665104245471973;-74.05760315230691
1108;20718;ARLINGTON PLACE S.A.S.;VIVIENDA TUR�STICA;CL 109 19 51;USAQU�N;6052500 -  - ;reservas@arlington-place.com;www.apsuites.com;Entre $ 150.001 y $ 350.000;No Pertenece a ZIT;CL 109 19 51;4.6951705661647525;-74.05112554274817
1109;20726;HOTEL CASA SANTA ISABEL;HOTEL;KR 28 1 G 04;LOS MARTIRES;4758016 - 3112262889 - ;jdchavarro@hotmail.com;www.apto4rent.com;Menos de $ 60.000;No Pertenece a ZIT;KR 28 1 G 04;4.59965568852906;-74.10107476718
1112;20799;HOTEL 116 AVENUE;HOTEL;CL 116 18 B 60;USAQU�N;6578000 -  - ;recepcion@116hotel.com;www.116hotel.com;Entre $ 150.001 y $ 350.000;No Pertenece a ZIT;CL 116 18 B 60;4.69866120495192;-74.0491298040767
1114;20830;BELLE EPOQUE BOUTIQUE 94;HOTEL;CL 94 A 21 42;CHAPINERO;7428600 -  - ;reservas@belleepoque94.com;www.belleepoque94.com;Entre $ 150.001 y $ 350.000;No Pertenece a ZIT;CL 94 A 21 42;4.682451016010942;-74.05583700931402
1115;20902;HOSTAL LA PINTA;HOSTAL;CL 65 5 67;CHAPINERO;2119526 - 7044323 - ;lapintagrg@hotmail.com - laninagrg@gmail.com;www.lapinta.com.co - www.lanina.com.co;Menos de $ 60.000;No Pertenece a ZIT;CL 65 5 67;4.648584503557882;-74.05856999256534
1119;21160;HOTEL JW MARRIOTT BOGOT�;HOTEL;CL 73 8 60;CHAPINERO;4816000 - 4800888 - ;;www.jwmarriott.com;M�s de $ 350.001;Calle 72;CL 73 8 60;4.657114387464086;-74.05593175437758
1121;21242;AR HOTEL SALITRE SUITES & SPA CENTRO DE CONVENCIONES;HOTEL;AK 60 22 99;TEUSAQUILLO;7477333 - 7436700 - ;reservas@hotelesar.com;www.hotelesar.com;Entre $ 150.001 y $ 350.000;No Pertenece a ZIT;AK 60 22 99;4.643629236690444;-74.10664579592991
1122;21293;WONDERFULL HOUSE 100;VIVIENDA TUR�STICA;KR 63 98 66;BARRIOS UNIDOS;6248211 - 2740325 - ;contacto100@apartahoteleswh.com;www.apartahoteleswh.com;Entre $ 60.001 y $ 150.000;No Pertenece a ZIT;KR 63 98 66;4.688173491178751;-74.06826990328564
1123;21361;HOTEL AVIA 93;HOTEL;CL 93 11 A 34;CHAPINERO;7051555 -  - ;sandra.sepulveda@ghlhoteles.com;www.ghlhoteles.com;Entre $ 150.001 y $ 350.000;Parque 93;CL 93 11 A 34;4.67492230617547;-74.0486584210457
1124;21508;POSADAS HOUSE;HOSTAL;KR 39 A 25 25;TEUSAQUILLO;5745172 - 2687230 - 3202409920;reservas@posadashouse.com - posadashouse@hotmail.com;www.posadashouse.com - www.posadashouse-casahotel.com;Menos de $ 60.000;No Pertenece a ZIT;KR 39 A 25 25;4.632620068861179;-74.08917656161563
1125;21518;CLUB HOUSE BOGOT�;HOTEL;CL 112 13 A 45;USAQU�N;7450202 - 7450245 - ;reservas@chbogota.com;www.chbogota.com;Entre $ 150.001 y $ 350.000;No Pertenece a ZIT;CL 112 13 A 45;4.69369920229146;-74.0415493772768
1126;21581;HOTEL PLAZA 36;HOTEL;KR 16 36 55;TEUSAQUILLO;2858313 - 2878305 - 3156828684;reservashotelplaza36@hotmail.com;www.hotelplaza36.org;Entre $ 60.001 y $ 150.000;Teusaquillo;KR 16 36 55;4.62565395122275;-74.07114981584132
1127;21584;CASA REGIS;HOTEL;KR 12 119 26;USAQU�N;2159157 - 3133400035 - ;casaregis119@gmail.com;www.casaregis.com;Entre $ 60.001 y $ 150.000;No Pertenece a ZIT;KR 12 119 26;4.699045803117022;-74.03893932601815
1128;21591;HOTEL BOUTIQUE CITY CENTER;HOTEL;KR 39 25 26;TEUSAQUILLO;7459940 -  - ;reservas@hotelboutiquecitycenter.com;NA;Entre $ 60.001 y $ 150.000;Quinta Paredes;KR 39 25 26;4.631622202772094;-74.08912180089455
1129;21620;HOTEL GALERIA REAL;HOTEL;AK 30 51 80;TEUSAQUILLO;2483800 - 3005724660 - ;hotelgaleriareal@gmail.com;www.hotelesreal.com;Entre $ 60.001 y $ 150.000;No Pertenece a ZIT;AK 30 51 80;4.641320496077743;-74.07864287618904
1134;21922;CASA BELLAVISTA HOSTEL;HOSTAL;KR 2 12 B 31;CANDELARIA;3341230 -  - ;info@bellavistahostel.co;www.bellavistahostel.co;Menos de $ 60.000;Candelaria;KR 2 12 B 31;4.59773343755988;-74.0696780654937
1136;22245;ABITARE 56 HOTEL;HOTEL;CL 56 7 79;CHAPINERO;2480600 -  - ;gerencia@abitare56.com;www.abitare56.com;Entre $ 150.001 y $ 350.000;No Pertenece a ZIT;CL 56 7 79;4.642028483603027;-74.06303740572918
1138;22314;JAZZ APARTMENTS;HOTEL;CL 87 15 35;CHAPINERO;4075000 -  - ;recepcion@jazzapartments.com - reservas@jazzapartments.com;www.jazzapartments.com;Entre $ 150.001 y $ 350.000;No Pertenece a ZIT;CL 87 15 35;4.672470532734632;-74.0545618881935
1149;26012;LLOYD�S APARTASUITES;APARTA HOTEL;KR 11 94 71;CHAPINERO;6055757 -  - ;reservas@lloydsapartasuites.com;www.lloydsapartasuites.com;M�s de $ 150.001;Parque 93;KR 11 94 71;4.67780982730717;-74.0459946491153
1151;23219;HOTEL CABRERA IMPERIAL;HOTEL;CL 83 9 64;CHAPINERO;7560356 -  - ;reservas@ltyoperadora;www.hotelcabrerabogota.com;M�s de $ 350.001;No Pertenece a ZIT;CL 83 9 64;4.666031692401714;-74.05077244636674
1157;23260;HOTEL BH TEMPO - HOTEL 65 TEMPO;HOTEL;KR 7 65 01;CHAPINERO;7424095 -  - ;recepciontenpo@bhhoteles.com;www.bhhoteles.com;Entre $ 150.001 y $ 350.000;No Pertenece a ZIT;KR 7 65 01;4.64935853611138;-74.0591853049506
1165;4958;HOTEL MATISSE;HOTEL;CL 67 6 55;CHAPINERO;2120177 -  - ;ventas@matissehotel.com;www.matissehotel.com;Entre $ 150.001 y $ 350.000;No Pertenece a ZIT;CL 67 6 55;4.650340475116213;-74.05801754130086
1166;9042;VIAGGIO NUEVE TRES - INMOBILIRIARIA ROYAL S.A.S.;VIVIENDA TUR�STICA;KR 18 93 A 60;CHAPINERO;7449999 -  - ;mercadeo@viaggio.com.co;www.viaggio.com.co;Entre $ 150.001 y $ 350.000;Parque 93;KR 18 93 A 60;4.679205090138149;-74.0532025017311
1176;10656;TROPIC TOURIST;HOTEL;KR 21 A 159 A 28;USAQU�N;6721365 - 6728840 - ;rucamega@hotmail.com;www.fontanarprado.com;Entre $ 60.001 y $ 150.000;No Pertenece a ZIT;KR 21 A 159 A 28;4.740252140488059;-74.0463185694591
1180;24197;ALICANTE HOTEL BOGOT�;HOTEL;KR 18 58 B 35;TEUSAQUILLO;2554297 - 5478810 - ;alicantehotel@sbhoteles.co;www.sbhoteles.co;Entre $ 60.001 y $ 150.000;No Pertenece a ZIT;KR 18 58 B 35;4.646750843332091;-74.06901524716808
1194;19244;HOTEL MASTER CALLE 68;HOTEL;CL 68 15 48;BARRIOS UNIDOS;7440909 -  - ;reservas@hotelesinnova.com;www.hotelesinnova.com;Entre $ 60.001 y $ 150.000;No Pertenece a ZIT;CL 68 15 48;4.65604318148915;-74.0649850030835
1196;19676;HOTEL VIENES;HOTEL;CL 58 BIS 9 19;CHAPINERO;2490174 -  - ;hotelvienes@hotmail.com;NA;Menos de $ 60.000;No Pertenece a ZIT;CL 58 BIS 9 19;4.644411419965981;-74.06342249125613
1198;20550;HOSTAL CASA QUEVEDO;HOSTAL;KR 1 A 12 B 30;CANDELARIA;2812526 -  - ;hostalcasaquevedo@gmail.com;www.casaquevedo.com;Menos de $ 60.000;Candelaria;KR 1 A 12 B 30;4.59780415206824;-74.0691347209401
1199;20551;HOSTAL AVENTUREROS DE LA CANDELARIA;HOSTAL;KR 3 12 C 82;CANDELARIA;3412711 -  - ;infoaventureros@hostalaventuras.com;NA;Menos de $ 60.000;Candelaria;KR 3 12 C 82;4.59922895455996;-74.0697820317287
1201;20674;HOTEL SAN JOS� BAVARIA 2;HOTEL;CL 12 71 D 38;KENNEDY;4126015 - 2925026 - ;hotelsanjosebavaria@hotmail.com;NA;Menos de $ 60.000;No Pertenece a ZIT;CL 12 71 D 38;4.64312515807219;-74.1305163201598
1205;20988;A BOGOT��ON HILIDAYS II;HOSTAL;CL 51 A 74 20;ENGATIV�;7575121 - 3213004741 - ;abogotaonholidays@hotmail.com;www.abogotaonholidays.com;Entre $ 60.001 y $ 150.000;No Pertenece a ZIT;CL 51 A 74 20;4.6725630592308365;-74.11077945592343
1206;21145;HOTEL REAL PLAZA IN;HOTEL;CL 22 43 A 12;PUENTE ARANDA;2696478 - 3350935 - ;hotelrealplaza-in@hotmail.com;www.hotelrealplazainbogota.com;Menos de $ 60.000;No Pertenece a ZIT;CL 22 43 A 12;4.6308374379133;-74.0961138580658
1214;21490;CASA HOTEL DONDE �LVARO;HOTEL;KR 15 35 21;TEUSAQUILLO;2453472 - 3205228 - ;casahotel35@gmail.com;NA;Menos de $ 60.000;Teusaquillo;KR 15 35 21;4.624222394729789;-74.07040342482938
1215;21506;HOTEL CORFERIA INN;VIVIENDA TUR�STICA;CL 24 D 40 76;TEUSAQUILLO;2446829 - 2446834 - 2446863;reservas@corferiasinn.com;NA;Entre $ 60.001 y $ 150.000;No Pertenece a ZIT;CL 24 D 40 76;4.633303380117718;-74.0911822722588
1216;21524;CHOCOLATE HOSTEL;HOSTAL;CL 12 F 2 43;CANDELARIA;2811576 - 3413104 - 3142188976;info@chocolatehostel.com;www.chocolatehostel.com;Menos de $ 60.000;Candelaria;CL 12 F 2 43;4.60003239743178;-74.0684103964748
1219;21841;HOTEL ESMERALDA REAL;HOTEL;KR 40 22 B 17;PUENTE ARANDA;4789070 -  - ;hotelesmeraldareal@gmail.com;NA;Menos de $ 60.000;Quinta Paredes;KR 40 22 B 17;4.63069679153757;-74.0932329947033
1229;22197;CASA HOTEL ELITE DEL PARQUE;HOTEL;AC 53 66 A 59;TEUSAQUILLO;3242180 - 5745347 - ;reservas@casahotelelitedelparque.com;www.casahotelelitedelparque.com;Entre $ 60.001 y $ 150.000;No Pertenece a ZIT;AC 53 66 A 59;4.655261501584002;-74.09832289317265
1236;22636;HOTEL SUITES LA SOLEDAD INN;HOTEL;KR 20 40 64;TEUSAQUILLO;2883961 - 2322458 - 2322465;soledad@hotelbogotainn.com;www.hotelbogotainn.com;Entre $ 60.001 y $ 150.000;Teusaquillo;KR 20 40 64;4.630896769645538;-74.07289303985085
1239;25075;HOTEL CALLE 112;HOTEL;CL 112 14 B 47;USAQU�N;2143550 -  - ;info@hotelcalle112.com;www.hotelcalle112.com;Entre $ 60.001 y $ 150.000;No Pertenece a ZIT;CL 112 14 B 47;4.694219974843071;-74.0434058055338
1264;23111;HOTEL FENIX REAL;HOTEL;KR 19 71 A 30;BARRIOS UNIDOS;2491260 - 4763231 - ;comercialfenixreal@hotmail.com;www.hotelfenixreal.com;Entre $ 60.001 y $ 150.000;No Pertenece a ZIT;KR 19 71 A 30;4.660357594233681;-74.06407800916085
1265;22772;SAYTA HOSTAL;HOSTAL;CL 12 B 00 57;CANDELARIA;2815314 - 2810387 - ;info@saytahostal.com;www.saytahostal.com;Menos de $ 60.000;Candelaria;CL 12 B 00 57;4.59654652200004;-74.06916241899995
1266;23097;LA VIEJA SUIZA;HOTEL;CL 12 C 3 07;CANDELARIA;2869695 -  - ;laviejasuiza@gmail.com;www.laviejasuiza.com;Menos de $ 60.000;Candelaria;CL 12 C 3 07;4.59860306111644;-74.0702686497592
1271;23106;NH PARQUE 93;HOTEL;CL 93 12 41;CHAPINERO;5897744 -  - ;nhbogota93@nh-hotels.com;www.nh-hotels.com;Entre $ 150.001 y $ 350.000;Parque 93;CL 93 12 41;4.675014440538937;-74.0493672783991
1272;4728;HOTEL PAVILLON ROYAL I;HOTEL;CL 94 11 45;CHAPINERO;6502555 -  - ;arodriguez@pavillonroyal.com.co;www.hotelesroyal.com;M�s de $ 350.001;Parque 93;CL 94 11 45;4.677129111359269;-74.04684151485496
1273;4723;HOTEL SHERATON ;HOTEL;CL 58 BIS 9 24;CHAPINERO;2550284 - 2496322 - ;NA;NA;Entre $ 60.001 y $ 150.000;No Pertenece a ZIT;CL 58 BIS 9 24;4.644801312129032;-74.06323250883699
1275;23102;LOS ANDES B&B;HOTEL;KR 13 A 79 07;CHAPINERO;4829554 - 3117474216 - ;info@losandeshostel.com - losandeshostel@hotmail.com;www.losandeshostel.com;Menos de $ 60.000;No Pertenece a ZIT;KR 13 A 79 07;4.665234272169592;-74.05649294958162
1280;22761;WINDSOR CASTEL;APARTA HOTEL;CL 10 25 A 37;LOS MARTIRES;4737508 -  - ;yamolo12@gmail.com;NA;Menos de $ 150.000;No Pertenece a ZIT;CL 10 25 A 37;4.60740124530197;-74.0914093748224
1293;23142;REGENCY SUITES HOTEL BOUTIQUE;HOTEL;KR 43 22 A 30;TEUSAQUILLO;7433441 -  - ;jhurtado@regencyhotelboutique.co;www.regencysuites.com.co;Entre $ 150.001 y $ 350.000;No Pertenece a ZIT;KR 43 22 A 30;4.630905546433489;-74.09438586644595
1294;23215;SONESTA HOTEL BOGOT� - COMPLEJO HOTELERO METRO 127;HOTEL;KR 15 A 125 26;USAQU�N;6585500 -  - ;patricia.ramirez@ghlhoteles.com;www.ghlhoteles.com;Entre $ 150.001 y $ 350.000;No Pertenece a ZIT;KR 15 A 125 26;4.70359598151851;-74.0435542266288
1298;22702;HOTEL QUINTA REAL D.C.;HOTEL;KR 40 24 D 23;TEUSAQUILLO;3795960 - 2683711 - ;reservas@quintarealdc.com;www.quintarealdc.com;Entre $ 150.001 y $ 350.000;No Pertenece a ZIT;KR 40 24 D 23;4.63250347131229;-74.0905743551661
1303;24661;HOTEL HOLIDAY INN BOGOT� AIRPORT;HOTEL;AC 26 69 D 91;FONTIBON;4044141 -  - ;reservas.holidayinn@metro-op.com;www.holidayinn.com;M�s de $ 350.001;Ciudad Salitre;AC 26 69 D 91;4.661592100352675;-74.10988802624703
1304;23043;EXPO SUITE PARQUE CENTRAL BAVAR�A;HOTEL;KR 13 A 32 A 39;SANTA FE;2884260 -  - ;expohotel@grupotasaca.com;www.expohotel.com.co;Entre $ 60.001 y $ 150.000;Centro Internacional;KR 13 A 32 A 39;4.620369610287044;-74.06924644237449
1306;23388;HOTEL BULEVAR PLAZA;HOTEL;AK 40 22 79;TEUSAQUILLO;2687519 - 5703590 - ;hotel_bulevarplaza@hotmail.com;www.hotelesejecutivobogota.com;Menos de $ 60.000;Quinta Paredes;AK 40 22 79;4.62985683639122;-74.0944701780378
1307;25609;ALOFT BOGOT� AIRPORT HOTEL;HOTEL;AC 26 92 32;FONTIBON;7427070 -  - ;reservas.bogota@alofthotels.com;alofthotels.com/bogotaairport;Entre $ 150.001 y $ 350.000;No Pertenece a ZIT;AC 26 92 32;4.684044618046653;-74.1198479073137
1310;27230;APARTAMENTOS ESTELAR AEROPUERTO;VIVIENDA TUR�STICA;CL 25 B 40 67;TEUSAQUILLO;5977788 -  - ;reservas@hotelesestelar.com;www.hotelesestelar.com;Entre $ 60.001 y $ 150.000;No Pertenece a ZIT;CL 25 B 40 67;4.633495460534149;-74.09026616889956
1313;26930;HOTEL PESTANA BOGOT� 100 - HOTEL CALLE 100 BOGOT�;HOTEL;CL 100 14 26;CHAPINERO;3847100 -  - ;NA;www.pestana.com;Entre $ 150.001 y $ 350.000;Calle 100;CL 100 14 26;4.68486124577011;-74.0472882171567
1314;27775;GRUPO CASA REAL 93;VIVIENDA TUR�STICA;CL 93 A 9 A 53;CHAPINERO;5304884 -  - ;info@casareal.com;www.casareal.com.co;Entre $ 150.001 y $ 350.000;No Pertenece a ZIT;CL 93 A 9 A 53;4.674784175899692;-74.0459133250121
1315;4001;HOTEL CLUB EL NOGAL;HOTEL;KR 5 78 75;CHAPINERO;3267700 - 3267700 - ;alojamiento@clubelnogal.com;www.clubelnogal.com;M�s de $ 350.001;No Pertenece a ZIT;KR 5 78 75;4.6591440790811;-74.0507162202016
1316;8263;FONTANAR PRADO;HOTEL;CL 129 A 45 35;SUBA;6251433 - 3006121489 - ;fontanarprado129@hotmail.com - reservas@fontanarprado.com;www.fontanarprado.com;Menos de $ 60.000;No Pertenece a ZIT;CL 129 A 45 35;4.715936125607056;-74.05314780724024
1331;17274;HOTEL PAVILLON ROYAL II;HOTEL;CL 94 11 45;CHAPINERO;6502555 -  - ;arodriguez@pavillonroyal.com.co;www.hotelesroyal.com;Entre $ 150.001 y $ 350.000;Parque 93;CL 94 11 45;4.677129111359269;-74.04684151485496
1337;23332;HOTEL AIRPORT TRAVEL;HOTEL;KR 71 B 49  A 52;ENGATIV�;2634844 - 3213003819 - 3212082775;reservas@hotelesairporttravel.com;www.hotelesairporttravel.com;Entre $ 150.001 y $ 350.000;No Pertenece a ZIT;KR 71 B 49 A 52;4.667709628377771;-74.10838277597608
1338;23378;NIZA NORTE APARTAHOTELES S.A.S.;APARTA HOTEL;CL 127 71 25;SUBA;7512626 - 5106911 - 3162679817;reservas@nizanorte.com;www.nizanorte.com;Menos de $ 150.000;No Pertenece a ZIT;CL 127 71 25;4.71014921211833;-74.0766017789532
1339;23463;JULIETTE MAISON;HOTEL;KR 3 A 58 52;CHAPINERO;3450055 - 2112544 - ;juliettereservas@gmail.com - - areatek@yahoo.com;www.julietteapartasuites.com;Entre $ 60.001 y $ 150.000;No Pertenece a ZIT;KR 3 A 58 52;4.64291660107257;-74.05903142134103
1341;23503;HOTEL MUISCA;HOTEL;CL 10 0 25 29 ESTE;CANDELARIA;2810644 - 2820152 - ;reservas@hotelmuisca.com;www.hotelmuisca.com;Entre $ 150.001 y $ 350.000;Candelaria;CL 10 0 25;4.59383182766352;-74.0703760329541
1342;23643;HOTEL PUERTO LLERAS;HOTEL;KR 21 13 A 05;LOS MARTIRES;2371176 - 3107716665 - ;NA;NA;Menos de $ 60.000;No Pertenece a ZIT;KR 21 13 A 05;4.609755540687649;-74.08597921592172
1344;23812;HOTEL PARQUE NORMANDIA;HOTEL;CL 52 A 73 A 42;ENGATIV�;4714906 - 3142366499 - 2632752;hotelparquenormandia@hotmail.com;www.hotelparquedenormandia.com;Entre $ 60.001 y $ 150.000;No Pertenece a ZIT;CL 52 A 73 A 42;4.673118614547214;-74.10975296150964
1346;24173;HOSPEDAJE LA GRAN COLOMBIA;HOTEL;KR 13 48 15;CHAPINERO;2857341 - 3143205804 - ;NA;NA;Menos de $ 60.000;No Pertenece a ZIT;KR 13 48 15;4.63542799547851;-74.0659751670638
1347;24182;BEST WESTERN PLUS 93 PARK;HOTEL;CL 93 13 71;CHAPINERO;6051444 - 6051414 - ;reservas@bestwestern93.com;www.hotelbestwestern93.com;Entre $ 150.001 y $ 350.000;Parque 93;CL 93 13 71;4.675781474409588;-74.05072169093113
1349;24275;IMPERIAL HOUSE HOTEL;HOTEL;CL 24 A 44 09;TEUSAQUILLO;2690133 - 3112201517 - 3115607989;reservas@hotelimperialhouse.com;www.hotelimperialhouse.com;Entre $ 60.001 y $ 150.000;Quinta Paredes;CL 24 A 44 09;4.6333616809188545;-74.0940687406065
1351;24501;HOTEL RADEL BOGOT�;HOTEL;CL 24 A 44 A 57;TEUSAQUILLO;3408392 - 4753120 - ;hotelradelbogota@hotmail.com;www.hotelradelbogota.com;Menos de $ 60.000;Quinta Paredes;CL 24 A 44 A 57;4.634289995773956;-74.09468967271486
1353;24619;APARTAHOTEL 122 PLAZA;APARTA HOTEL;KR 15 A 122 27;USAQU�N;7569170 - 7569175 - ;admon122plaza@gmail.com;www.122plaza.com;M�s de $ 150.001;No Pertenece a ZIT;KR 15 A 122 27;4.701242324016558;-74.0439682322521
1354;24625;HOTEL TRAVEL EMPRESARIAL;HOTEL;CL 18 96 H 35;FONTIBON;4151473 - 4825377 - 3143588970;hoteltravelempresarial@hotmail.com;NA;Menos de $ 60.000;No Pertenece a ZIT;CL 18 96 H 35;4.671143089863615;-74.14244774986868
1355;24708;CANDELOS HOTEL;HOSTAL;KR 3 12C 94;CANDELARIA;2865313 -  - ;candeloshostel@gmail.com;www.candeloshostel.com;Menos de $ 60.000;Candelaria;KR 3 12 C 94;4.59932180283163;-74.0697268836085
1358;24824;CASA HOTEL EXPO INN;HOTEL;CL 24 B 44 A 44;TEUSAQUILLO;4701498 -  - ;hotelexpoinn@hotmail.com;NA;Entre $ 60.001 y $ 150.000;Quinta Paredes;CL 24 B 44 A 44;4.634919316853204;-74.09347153038146
1359;24826;HOTEL OLYMPUS;HOTEL;CL 59 35 A 68;TEUSAQUILLO;2219020 - 8065737 - 3142882175;hotelolympusoficial@gmail.com;www.olympushoteloficial.com;Entre $ 60.001 y $ 150.000;No Pertenece a ZIT;CL 59 35 A 68;4.650079713169748;-74.08061638638435
1360;24865;LA CASATEIVZAQUILLOREAL;HOTEL;CL 33 A 21 06;TEUSAQUILLO;2321823 -  - ;casateivzaquilloreal@kolpingcolombia.com;www.kolpingcolombia.com;Menos de $ 60.000;No Pertenece a ZIT;CL 33 A 21 06;4.623263572199826;-74.0753359061368
1361;24890;HOTEL BOGOT� ASTRAL;HOTEL;CL 44 7 93;CHAPINERO;7442122 - 3106206865 - ;hotel.bogota.astral@gmail.com;www.hotelbogotaastral.com;Entre $ 60.001 y $ 150.000;Chapinero Central;CL 44 7 93;4.63096144750056;-74.06531593982125
1362;24950;HOTEL ALBARRIL LA CASA DE LA PASTA;HOTEL;KR 19 33 31;TEUSAQUILLO;5603308 -  - ;lacasadelapasta@colombia.com;www.lacasadelapasta.com.co;Menos de $ 60.000;No Pertenece a ZIT;KR 19 33 31;4.62228583794283;-74.0740354213448
1367;25287;HOTEL HILTON BOGOT�;HOTEL;KR 7 72 41;CHAPINERO;6006100 -  - ;NA;www.hiltonbogota.com;M�s de $ 350.001;Calle 72;KR 7 72 41;4.655792390882971;-74.05548339085784
1368;25318;APARTSUITES CK;APARTA HOTEL;KR 21 39 A 36;TEUSAQUILLO;4781092 - 5109257 - ;reservas@apartasuitesck.com;www.apartasuitesck.com;Menos de $ 150.000;Teusaquillo;KR 21 39 A 36;4.628929648006471;-74.0739434250083
1369;25371;BE HOTELES FERIA EXPOSICI�N;HOTEL;CL 25 38 08;TEUSAQUILLO;7441286 - 7441287 - 3175009724;johanna.parra@behoteles.com.co;www.behoteles.comc.o;Entre $ 150.001 y $ 350.000;Quinta Paredes;CL 25 38 08;4.631079125701988;-74.08885249866594
1372;25498;LA NI�A;HOSTAL;CL 66 4 A 07;CHAPINERO;7044323 - 2101463 - ;info@lanina.com.co;www.lanina.com.co;Menos de $ 60.000;No Pertenece a ZIT;CL 66 4 A 07;4.648707947591894;-74.05675145131538
1374;25613;HOTEL CONFORT BOGOT�;HOTEL;KR 70 C 48 A 51;ENGATIV�;2635441 - 4161329 - 3125856129;hotelconfortbogota@gmail.com;www.hotelconfortbogota.co;Entre $ 60.001 y $ 150.000;No Pertenece a ZIT;KR 70 C 48 A 51;4.665496227317594;-74.10818776502562
1375;25614;HOTEL BOUTIQUE DE LA FERIA;HOTEL;CL 24 D 40 49;TEUSAQUILLO;5705888 - 3124175266 - ;hotelboutiquedelaferia@gmail.com;NA;Menos de $ 60.000;Quinta Paredes;CL 24 D 40 49;4.632648394484542;-74.09113342399195
1377;25660;CASA HOTEL INTERNACIONAL;HOTEL;KR 42 24 A 10;TEUSAQUILLO;2699609 - 3134126714 - 3143339465;casahotelinternacional@gmail.com;www.casahotelinternacional.com;Entre $ 60.001 y $ 150.000;Quinta Paredes;KR 42 24 A 10;4.631589220297112;-74.09248340640272
1378;25722;HOTEL TOCAREMA FONTIBON;HOTEL;DG 16 A 96 G 07;FONTIBON;4182349 - 3163309904 - ;dcamortegui@gmail.com;NA;Menos de $ 60.000;No Pertenece a ZIT;DG 16 A 96 G 07;4.66638777873978;-74.146060105926
1379;25779;HOTEL LEMUS PLAZA;HOTEL;KR 36 25 B 78;TEUSAQUILLO;8101073 - 3214747020 - ;reservaslemus@gmail.com;www.hotellemusplaza.com;Entre $ 60.001 y $ 150.000;No Pertenece a ZIT;KR 36 25 B 78;4.630763898515301;-74.08561502420037
1380;25781;CENTRAL HOUSE HOTEL;HOTEL;KR 39 25 A 55;TEUSAQUILLO;5706152 - 4602824 - ;reservas@hotelcentralhousebogota.com;www.hotelcentralhousebogota.com;Entre $ 60.001 y $ 150.000;No Pertenece a ZIT;KR 39 25 A 55;4.632669520702873;-74.08831199106304
1381;25794;HOTEL URBAN ROYAL CALLE 93 B;HOTEL;CL 93 B 18 42;CHAPINERO;6380808 -  - ;recepcionub@urbanroyal93.com;www.hotelroyal.com;Entre $ 150.001 y $ 350.000;Parque 93;CL 93 B 18 42;4.680193431540203;-74.05349670969986
1383;25944;EXPLORA HOSTELS ;HOTEL;CL 12 C 3 19;CANDELARIA;2829220 - 3164668840 - ;staff@explorahostels.com;www.explorahostels.com;Menos de $ 60.000;Candelaria;CL 12 C 3 19;4.59866276984045;-74.0703603583299
1384;25949;BUSSINES HOTEL;HOTEL;KR 102 17 A 64;FONTIBON;2670786 - 4134380 - ;bussineshotel@gmail.com;www.hotelesfontibon.com;Menos de $ 60.000;No Pertenece a ZIT;KR 102 17 A 64;4.674260905060468;-74.14535932701662
1385;25950;HOSTAL EL PLAZA;HOSTAL;KR 6 26 B 61;SANTA FE;2822526 -  - ;hostalelplaza@hotmail.com;NA;Menos de $ 60.000;Centro Internacional;KR 6 26 B 61;4.61301953670404;-74.0691205160393
1386;27991;LA PLAYA HOSTEL;HOSTAL;AK 19 33 04;TEUSAQUILLO;2321532 - 7031102 - ;enjoy@laplayyahostel.com;www.laplayahostel.com;Menos de $ 60.000;No Pertenece a ZIT;AK 19 33 04;4.622115790646272;-74.07382445962904
1387;25983;MASAYA COLOMBIA;HOSTAL;KR  2 12 48 ;CANDELARIA;7471848 - 7471815 - 3106092782;info@masaya-experience.com;www.masaya-experience.com;Entre $ 60.001 y $ 150.000;Candelaria;KR 2 12 48;4.5966326130276896;-74.06992101563837
1391;26078;SUITES PARKWAY INN - HOTEL PARK WAY INN;HOTEL;CL 39A 24 26;TEUSAQUILLO;2448306 - 2444110 - ;hotelparkwayinn@live.com;www.hotelbogotainn.com;Entre $ 60.001 y $ 150.000;Teusaquillo;CL 39 A 24 26;4.629417360034338;-74.07568802985581
1395;26154;LAFONT PARK HOTEL;HOTEL;KR 98 17 34;FONTIBON;2672119 - 5451046 - ;lafontparkhotel@gmail.com;www.hotelesfontibon.com;Menos de $ 60.000;No Pertenece a ZIT;KR 98 17 34;4.671549893915157;-74.14425695645207
1397;26338;HOTEL BOGOT� EXPOCONFORT;HOTEL;CL 25 40 17;TEUSAQUILLO;4770066 - 3134598182 - ;reservas@hotelbogotaexpo.com;NA;Entre $ 60.001 y $ 150.000;No Pertenece a ZIT;CL 25 40 17;4.6326841605557;-74.0903982648131
1398;26347;APARTAMENTOS ADRIANA;APARTA HOTEL;CL 22 B 40 52;TEUSAQUILLO;4743149 - 3004867744 - 3003248322;apartamentosadrianabogota@gmail.com;www.apartamentosadriana.com;Menos de $ 150.000;Quinta Paredes;CL 22 B 40 52;4.63087767807178;-74.0935001127268
1400;26420;ANTIQUE 65 HOTEL DECORACI�N;HOTEL;CL 65 5 50;CHAPINERO;4660219 - 4660204 - ;reservas@hotelantique65.com;www.hotelantique65.com;Entre $ 60.001 y $ 150.000;No Pertenece a ZIT;CL 65 5 50;4.648927323906344;-74.05834920316066
1402;26486;B.O.G. HOTEL;HOTEL;KR 11 86 74;CHAPINERO;6399999 -  - ;reservasboghotel@oxohotel.com;www.oxohotel.com;M�s de $ 350.001;No Pertenece a ZIT;KR 11 86 74;4.66925396561047;-74.0503476092718
1403;26494;CASA QUINTA HOTEL;HOTEL;KR 43 A 24 A 75;TEUSAQUILLO;3377531 - 3005724660 - ;casa.quinta.hotel@gmail.com;NA;Entre $ 60.001 y $ 150.000;Quinta Paredes;KR 43 A 24 A 75;4.633205402888764;-74.09250083119431
1404;26574;HOTEL COLONIAL FONTIB�N;HOTEL;KR 96 C 17 30;FONTIBON;2678991 - 3204179148 - ;hotelcolonial1@hotmail.com;NA;Menos de $ 60.000;No Pertenece a ZIT;KR 96 C 17 30;4.668104245574712;-74.14178840368754
1406;26580;HOTEL AMBAR;HOTEL;KR 8 17 86;SANTA FE;7443033 - 7443034 - 7443035;inversionesilb@hotmail.com - reservas@ambarhotel.com;www.ambarhotel.com;Entre $ 60.001 y $ 150.000;Candelaria;KR 8 17 86;4.60472606125816;-74.0727965834388
1409;26651;HOTEL ESTELAR PARQUE DE LA 93;HOTEL;CL 93 11 19;CHAPINERO;5111555 -  - ;reservas.bogotanorte3@hotelesestelar.com;www.hotelesestelar.com;M�s de $ 350.001;Parque 93;CL 93 11 19;4.674315983414422;-74.04811584863917
1410;26668;HOTEL B3 VIRREY / UNIKA HOTELS CORP COLOMBIA;HOTEL;KR 15 88 36;CHAPINERO;5934490 -  - ;info@hotelesb3.com;www.hotelesb3.com;Entre $ 150.001 y $ 350.000;No Pertenece a ZIT;KR 15 88 36;4.67339300996554;-74.0535554823584
1411;26782;LIMA LIM�N CANDELARIA HOSTAL ;HOSTAL;KR 1 12 B 15 ;CANDELARIA;2811260 - 3105596949 - ;info@limalimohostels.com;www.limalimonhostels.com;Menos de $ 60.000;Candelaria;KR 1 12 B 15;4.59712438025606;-74.0689060542257
1414;26809;DIPLOMAT EMBAJADA;HOTEL;AC 24 51 40;TEUSAQUILLO;4893030 - 4893000 - ;reservas@hotelesdiplomat.com;www.hotelesdiplomat.com;Entre $ 150.001 y $ 350.000;No Pertenece a ZIT;AC 24 51 40;4.63924750750438;-74.09795045192799
1415;26834;SPLENDOR APARTAHOTEL;APARTA HOTEL;CL 22 B 43 A 32;TEUSAQUILLO;2447890 - 2686576 - ;reservarapartahotelsplendor@gmail.com;www.hotelsplendorbogota.com;Menos de $ 150.000;Quinta Paredes;CL 22 B 43 A 32;4.6321895850821315;-74.094259676827
1417;26885;SANTA BARBARA CASA HOTEL;HOTEL;CL 63 C 69J 20;ENGATIV�;8017722 - 3185722339 - 3208665222;casahotelsantabarbara@hotmail.com;www.casahotelsantabarbara.com;Entre $ 60.001 y $ 150.000;No Pertenece a ZIT;CL 63 C 69 J 20;4.671798970167649;-74.09834908879989
1420;20994;HOTEL EJECUTIVO AVENIDA LA ESPERANZA;HOTEL;AC 24 47 A 23;TEUSAQUILLO;3690420 - 2694630 - ;hotel_ejecutivoav.laesperanza@hotmail.com;www.hotelesejecutivobogota.com;Menos de $ 60.000;Quinta Paredes;AC 24 47 A 23;4.6360680626587;-74.0963410982427
1421;26990;HOTEL DORADO PLAZA BOGOT�;HOTEL;CL 25 31 A 15;TEUSAQUILLO;3409840 - 3409841 - ;reservas@hoteldoradoplazabogota.com;www.hoteldoradoplazabogota.com;Entre $ 60.001 y $ 150.000;No Pertenece a ZIT;CL 25 31 A 15;4.625758830603878;-74.084774021739
1422;27003;COSMOS INSIGNIA HOTEL;HOTEL;KR 11 B 96 59;CHAPINERO;6506900 -  - ;reservas@hotelescosmos.com;www.cosmosinsigniahotel.com;Entre $ 150.001 y $ 350.000;Calle 100;KR 11 B 96 59;4.680584753180011;-74.04632221583672
1423;27014;HOTEL SION SANTAF�;HOTEL;KR 16 A 61 A 43;TEUSAQUILLO;2355581 - 2557375 - 3015885919;hotelsionsantafe@hotmail.com;NA;Entre $ 60.001 y $ 150.000;No Pertenece a ZIT;KR 16 A 61 A 43;4.649672790095899;-74.06737508011302
1424;27087;HOTEL MOVICH CHICO 97;HOTEL;KR 11B 97 03;CHAPINERO;5190299 -  - ;reservas@movich.com;www.movichhoteles.com;Entre $ 150.001 y $ 350.000;Calle 100;KR 11 B 97 03;4.680892568396941;-74.04615648354847
1425;27088;HOSPEDAJE SUPER REAL;HOSTAL;KR 102 18 A 17;FONTIBON;2678956 -  - ;hotelsuperreal@hotmail.com;NA;Menos de $ 60.000;No Pertenece a ZIT;KR 102 18 A 17;4.675199994315304;-74.14488881118801
1427;27211;HOTEL EMBAJADA REAL;HOTEL;KR 44 22 A 69;TEUSAQUILLO;2440770 - 3202834923 - ;hotelembajadareal@gmail.com;www.hoteles real.co;Entre $ 60.001 y $ 150.000;Quinta Paredes;KR 44 22 A 69;4.632638212620519;-74.09512994710789
1428;27224;HOTEL NUEVO PUERTO L�PEZ;HOTEL;KR 102 17 A 69;FONTIBON;5442435 -  - ;cegar99@hotmail.com;NA;Menos de $ 60.000;No Pertenece a ZIT;KR 102 17 A 69;4.67449344393727;-74.1455552943664
1429;27229;HOTEL SANTIAGO PLAZA;HOTEL;CL 24 C 43 10;TEUSAQUILLO;2699786 -  - ;hotelsantiagoplazabogota@hotmail.com;NA;Entre $ 60.001 y $ 150.000;Quinta Paredes;CL 24 C 43 10;4.633077793662974;-74.09165203401432
1433;27510;HOTEL MORRISON 114;HOTEL;AV 19 114 06;USAQU�N;3788311 -  - ;olga.triana@hotelesmorrison.com;www.hotelesmorrison.com;Entre $ 150.001 y $ 350.000;No Pertenece a ZIT;AV 19 114 06;4.69689820353004;-74.0500659424764
1438;27545;KOZII HOSTEL S.A.S.;APARTA HOTEL;KR 10  A 67 66;CHAPINERO;6045587 -  - ;koziidc@koziihostels.com;www.koziihostels.com;Menos de $ 150.000;No Pertenece a ZIT;KR 10 A 67 66;4.653151726782156;-74.06045335508458
1439;27562;RAMADA BOGOT� PARQUE 93 - RAMADA BLUE;HOTEL;CL 95 13 35 TORRE 4;CHAPINERO;4894381 - 3158879973 - ;ramadabluereservas@gmail.com;www.ramadabogota.com;Entre $ 150.001 y $ 350.000;Parque 93;CL 95 13 35;4.679814304633476;-74.0482416133695
1441;27679;HOTEL LA ESTACI�N CORFERIAS;HOTEL;KR 40 22 05;PUENTE ARANDA;7495900 - 7495899 - ;info@laestacionhotel.com;www.laestacionhotel.com;Menos de $ 60.000;Quinta Paredes;KR 40 22 05;4.6291113410369;-74.0949522959039
1442;27702;MIRADOR DEL RECUERDO;HOTEL;KR 39 A 25 50;TEUSAQUILLO;7433460 -  - ;miradordelrecuerdo@hotmail.com;www.miradordelrecuerdo.com;Entre $ 150.001 y $ 350.000;No Pertenece a ZIT;KR 39 A 25 50;4.632483257553902;-74.08879613019842
1443;27719;HOTEL BH BICENTENARIO;HOTEL;KR 4 16 03;SANTA FE;7470744 -  - ;recepcion.bicentenario@bhhoteles.com;www.bhhoteles.com;Entre $ 150.001 y $ 350.000;Candelaria;KR 4 16 03;4.601226591441208;-74.07004524919179
1450;28017;HOSTAL BAKANO;HOSTAL;CL 12 F 2 86 ;CANDELARIA;2816231 -  - ;hostalbakano@gmail.com;www.hostalbakano.wix.com/hostalbakano;Menos de $ 60.000;Candelaria;CL 12 F 2 86;4.60023065895824;-74.0687418929499
1451;28075;HOTEL EL LAGO INN;HOTEL;CL 79 16 A 21;CHAPINERO;5304671 - 5304672 - 2570042;hotellagoinn@gmail.com;www.hotelbogotainn.com;Entre $ 60.001 y $ 150.000;Country;CL 79 16 A 21;4.665901147098836;-74.05910393912353
1453;28106;HOTEL ECOFERIA BOUTIQUE;HOTEL;AC 24 43 A 23;TEUSAQUILLO;7550981 - 2696230 - ;hotel_ecoferia@hotmail.com;www.hotelesejecutivobogota.com;Menos de $ 60.000;Quinta Paredes;AC 24 43 A 23;4.63226743667029;-74.0939453747019
1454;28149;HOTEL SUNA BACATA;HOTEL;KR 33 A 31 17;TEUSAQUILLO;2317929 - 3108599575 - 2442872;;www.sunabacata.com;Entre $ 60.001 y $ 150.000;No Pertenece a ZIT;KR 33 A 31 17;4.632813504639305;-74.08062526098256
1456;28248;TIP TOP BACKPACKERS;HOSTAL;KR 1 12 B 81;CANDELARIA;3342639 -  - ;tiptophostal@gmail.com;www.tiptophostels.com;Menos de $ 60.000;Candelaria;KR 1 12 B 81;4.59734259798662;-74.068786287743
1458;28275;THE ORCHIDS HOTEL;HOTEL;KR 5 10 55;CANDELARIA;7455438 - 3208382883 - ;reservations@theorchidshotel.com;www.theorchids.com;M�s de $ 350.001;Candelaria;KR 5 10 55;4.59670740853456;-74.0738941856811
1459;28325;HOTEL BOGOT� REAL D.C.;HOTEL;KR 13 22 24;SANTA FE;2439192 - 3415941 - ;hotelbogotarealdc@outlook.com;http://hotelbogotarealdc.wix.com/hotelbogotarealdc#!company/c2414;Menos de $ 60.000;No Pertenece a ZIT;KR 13 22 24;4.609895538273825;-74.0734278866503
1460;28328;CASONA D USAQU�N HOTEL BOUTIQUE;HOTEL;CL 117 6 27;USAQU�N;4686626 -  - ;casonadeusaquen@gmail.com;www.casonadeusaquen.com;Entre $ 150.001 y $ 350.000;Usaquen;CL 117 6 27;4.693988603842635;-74.031403151845
1462;28376;HOTEL LA ESTANCIA;HOTEL;KR 111 A 16 J 28;FONTIBON;4182371 -  - ;faletm@hotmail.com;NA;Entre $ 150.001 y $ 350.000;No Pertenece a ZIT;KR 111 A 16 J 28;4.679351274688911;-74.15195705185565
1463;28380;HARRINGTON 63 HOTEL;HOTEL;KR 36 A 59 22;TEUSAQUILLO;2228675 - 2228672 - 3132740755;harrington63hotel@gmail.com;NA;Menos de $ 60.000;No Pertenece a ZIT;KR 36 A 59 22;4.650213896819167;-74.08074170545805
1464;28385;CASA GAIT�N CORT�S;HOTEL;CL 69 4 97;CHAPINERO;2488081 - 7452871 - ;info@casagaitancortes.com;www.casagaitancortes.com;Menos de $ 60.000;No Pertenece a ZIT;CL 69 4 97;4.650756315539785;-74.05554632040617
1465;28387;HOTEL SO�ADOR;HOTEL;CL 12 80 D 03;KENNEDY;4246357 -  - ;hotelsonador1@hotmail.com;NA;Menos de $ 60.000;No Pertenece a ZIT;CL 12 80 D 03;4.65040529776925;-74.1387493207236
1466;28407;HOTEL HOSPEDARTE SHALOM;HOTEL;KR 80 B 24 D 45;FONTIBON;4102696 -  - ;hospedarte2013@gmail.com;NA;Entre $ 60.001 y $ 150.000;No Pertenece a ZIT;KR 80 B 24 D 45;4.668780739195791;-74.11869525477039
1467;28412;HOTEL TORRE CENTRAL LAS NIEVES;HOTEL;KR 10 17 23 ;SANTA FE;3410876 -  - ;hoteltorrecentral.ln@gmail.com;NA;Menos de $ 60.000;No Pertenece a ZIT;KR 10 17 23;4.60547927029622;-74.0748884365146
1469;28417;VLVCAHO - ULUCAHOSAS;HOTEL;KR 3 12 B 88 ;CANDELARIA;2819251 -  - ;vlvcaho@hotmail.com;NA;Menos de $ 60.000;Candelaria;KR 3 12 B 88;4.59832798386162;-74.0703346663764
1470;28419;HOTEL ESTELAR CALLE 100;HOTEL;AC 100 14 46;CHAPINERO;5921111 -  - ;reservas@hotelesestelar.com;www.hotelerestelar.com;Entre $ 150.001 y $ 350.000;Calle 100;AC 100 14 46;4.684883489251951;-74.04699327075082
1471;28511;NABUSIMAKE HOTEL;HOTEL;CL 22 F 82 24;FONTIBON;5472326 - 5479822 - ;nabusimakehostel@gmail.com;www.nabusimakehotel.amawebs.com;Entre $ 60.001 y $ 150.000;No Pertenece a ZIT;CL 22 F 82 24;4.666214163255592;-74.12651354672971
1472;29025;ZOHAR HOSTEL;HOSTAL;KR 4 09 80;CANDELARIA;2840173 - 3173943650 - ;zoharhostel@yahoo.com;www.hostelzoharbogota.com;Menos de $ 60.000;Candelaria;KR 4 09 80;4.595435664468917;-74.07325355686133
1473;29220;HOTEL BIOUXURY;HOTEL;CL 83 9 48;CHAPINERO;7442800 -  - ;denisse.rios@ghlhoteles.com;NA;Entre $ 150.001 y $ 350.000;No Pertenece a ZIT;CL 83 9 48;4.66557774642402;-74.050511457286
1475;29235;APARTAHOTEL TORRE BLANCA;APARTA HOTEL;KR 17 52 60;TEUSAQUILLO;2487870 - 3133933694 - 4801309;torreblancaapartahotel@hotmail.com;www.apartamentosamobladostorreblanca.com;M�s de $ 150.001;Campin;KR 17 52 60;4.640452158676166;-74.06914880452274
1476;29417;HOSPEDAJE ZARAGOZA;HOSTAL;AV JIMENEZ 4 56;SANTA FE;2845411 - 3166978000 - ;fardycito@hotmail.com;NA;Menos de $ 60.000;Candelaria;AV JIMENEZ 4 56;4.60092055748899;-74.0704999439768
1477;29418;HOTEL CONFORT 80 LA CASTELLANA;HOTEL;CL 95 45 A 35;BARRIOS UNIDOS;6235919 -  - ;castellana@hotelesconfort80.com;www.hotelesconfort80.com;Entre $ 60.001 y $ 150.000;No Pertenece a ZIT;CL 95 45 A 35;4.683608847132675;-74.05907769270787
1481;29686;CASA QUINTA HOTEL BOUTIQUE;HOTEL;KR 4 17 59;SANTA FE;3376500 - 3375721 - ;info@casaquintahotel.com;www.casaquintahotel.com;Entre $ 60.001 y $ 150.000;Candelaria;KR 4 17 59;4.60226923804355;-74.0694506155227
1482;16134;HOTEL DALON�S COLONIAL;HOTEL;KR 17 31 65;TEUSAQUILLO;3404522 - 3123550504 - ;hoteldarlonscolonial@hotmail.com;www.hoteldalonscolonial.com;Menos de $ 60.000;No Pertenece a ZIT;KR 17 31 65;4.620474749858154;-74.07294650559975
1483;9042;VIAGGIO 6.1.7. - INMOBILIRIARIA ROYAL S.A.S.;VIVIENDA TUR�STICA;CL 61 7 18;CHAPINERO;7449999 -  - ;mercadeo@viaggio.com.co - reservas@viaggio.com.co;www.viaggio.com.co;Entre $ 150.001 y $ 350.000;Lourdes;CL 61 7 18;4.646525365916195;-74.06091346838278
1484;27824;HOTEL 51;HOTEL;KR 7 51 A 14;CHAPINERO;2114910 - 7437808 - ;inmonautos2000@yahoo.com;www.apthotel51.com;Entre $ 60.001 y $ 150.000;No Pertenece a ZIT;KR 7 51 A 14;4.63800963914835;-74.0631465425246
1485;30191;HOTEL ARISTON�S;HOTEL;KR 36 25 22;TEUSAQUILLO;8057418 - 8057416 - ;reservas@hotelaristons.com;www.hotelaristons.com;Entre $ 60.001 y $ 150.000;No Pertenece a ZIT;KR 36 25 22;4.629439468316142;-74.08758147765855
1486;30730;HOTEL FIDENZI;HOTEL;CL 23 A 36 A 10;TEUSAQUILLO;7028484 - 3683314 - 3188658373;gerencia@hotelfindenzi.com;www.hotelfidenzi.com;Entre $ 60.001 y $ 150.000;No Pertenece a ZIT;CL 23 A 36 A 10;4.62720929743274;-74.0913225425203
1490;30837;MADELEINE SUITE;HOTEL;KR 43 B 22 A 70;TEUSAQUILLO;3350741 -  - ;gerenciamadeleine@gmail.com;NA;Menos de $ 60.000;Quinta Paredes;KR 43 B 22 A 70;4.6319430806473285;-74.09467260076401
1491;30721;HOTEL BOGOTA CITY;HOTEL;CL 24 A 43 13;TEUSAQUILLO;2691099 - 2691092 - ;reservashotelbogotacity@gmail.com;www.hotelbogotacity.com;Entre $ 60.001 y $ 150.000;Quinta Paredes;CL 24 A 43 13;4.632116597629535;-74.09323154785541
1492;21293;103 WONDERFULL HOUSE;VIVIENDA TUR�STICA;KR 64 103 C 16;SUBA;7435753 - 3204278356 - ;contacto103@apartahoteleswh.com;www.apartahoteleswh.com;Entre $ 60.001 y $ 150.000;No Pertenece a ZIT;KR 64 103 C 16;4.691740416388021;-74.06712134049282
1494;31041;DORADO SUITE;HOTEL;CL 38 29 40;TEUSAQUILLO;3680192 -  - ;hoteldoradosuite@yahoo.es;www.hoteldoradosuite.tk;Menos de $ 60.000;No Pertenece a ZIT;CL 38 29 40;4.626501830497649;-74.07978730789326
1495;30964;CASA DEL VALLE HOTEL;HOTEL;KR 18 124 50;USAQU�N;5204225 - 2145018 - ;reservas@casadelvallehotel.com;www.casadelvallehotel.com;Entre $ 60.001 y $ 150.000;No Pertenece a ZIT;KR 18 124 50;4.703688330982587;-74.04645274625605
1497;30965;HOTEL BAVIERA S.A.;HOTEL;CL 32 13 32;SANTA FE;3203564 - 3203847 - 3203710;reservas@hotelbaviera.com.co;www.hotelbaviera.com.co;Entre $ 150.001 y $ 350.000;Centro Internacional;CL 32 13 32;4.619815371629834;-74.0691467225624
1498;30726;HOTEL ANDINO INN;HOTEL;CL 23 9 26;SANTA FE;2842833 - 3187357450 - ;NA;NA;Menos de $ 60.000;No Pertenece a ZIT;CL 23 9 26;4.609772805849819;-74.07154717495607
42;4280;LA MANSI�N HOTEL;HOTEL;KR 17 102 47 /51;USAQU�N;2578037 - 2578017 - 2568038;reservas@hotellamansionbogota.com;www.hotellamansionbogota.com;Entre $ 150.001 y $ 350.000;No Pertenece a ZIT;KR 17 102 47;4.68777227870389;-74.0493848687904
139;11470;HOTEL AVENIDA JIM�NEZ;HOTEL;AV JIMENEZ 4 69;CANDELARIA;2436685 - 2867303 - ;havjimenez@gmail.com;www.hotelavenidajimenez.com;Menos de $ 60.000;Candelaria;AV JIMENEZ 4 69;4.60067582925364;-74.0705620209678
153;14832;CASA POSADA AMELIA SAN FELIPE EL DORADO;HOTEL;KR 73 B BIS 24 D 85;FONTIBON;4105644 - 3163753486 - ;casaposadaamelia@gmail.com;casaposadaamelia.wix.com/bogota;Menos de $ 60.000;No Pertenece a ZIT;KR 73 B BIS 24 D 85;4.666489641746941;-74.11552413219246
30;9945;HOTEL DEL PUENTE BOGOT�;HOTEL;AV BOYACA 48 A 04 /02;ENGATIV�;2958228 - 2958208 - ;hoteldelpuentebogota@hotmail.com;www.hoteldelpuentebogota.com;Menos de $ 60.000;No Pertenece a ZIT;AV BOYACA 48 A 04;4.66732966789697;-74.1105113022637
29;15485;HOTEL ELEGANT SUIT NORMANDIA;HOTEL;AV BOYACA 51 62;ENGATIV�;4838338 - 2630987 - ;hotelelegantsuitenormandia@hotmail.com;www.hotelelegantsuite.net;Entre $ 60.001 y $ 150.000;No Pertenece a ZIT;AV BOYACA 51 62;4.66968001213523;-74.1081672726315
229;8063;HOTEL GAVAN E.U.;HOTEL;AV CARACAS 51 39;CHAPINERO;2357990 -  - ;hotelgavan@gmail.com;www.hotelgavan.com;Menos de $ 60.000;No Pertenece a ZIT;AV CARACAS 51 39;4.63878091621501;-74.0667558427206
291;7759;HOTEL COLONIAL BOGOT�;HOTEL;AV CARACAS 56 63;CHAPINERO;2551398 - 3107462 - ;NA;NA;Menos de $ 60.000;No Pertenece a ZIT;AV CARACAS 56 63;4.64389525281106;-74.065851158134
292;10158;HOTEL EL GRAN MARQUEZ;HOTEL;AV CARACAS 51 09 ;CHAPINERO;4814881 - 2354132 - ;reservas@hotelgranmarquez.com;www.hotelelgranmarquez.com;Menos de $ 60.000;No Pertenece a ZIT;AV CARACAS 51 09;4.63851714151956;-74.0668048666362
302;9042;VIAGGIO DORMS (URBANO) - INMOBILIRIARIA ROYAL S.A.S.;VIVIENDA TUR�STICA;TV 4 43 95;CHAPINERO;7449999 -  - ;mercadeo@viaggio.com.co;www.viaggio.com.co;Entre $ 60.001 y $ 150.000;No Pertenece a ZIT;TV 4 43 95;4.630500798684375;-74.06203979478175
1068;18856;HOTEL NORMANDIA (APARTASUITENORMANDIA);HOTEL;AV BOYACA 51 08;ENGATIV�;4048181 -  - ;hotelnormandia15@hotmail.com;www.apartasuitenormandia.com;Entre $ 60.001 y $ 150.000;No Pertenece a ZIT;AV BOYACA 51 08;4.66935135903044;-74.1084978533387
1086;20082;HOTEL CASTELLANA INN;HOTEL;CL 94 BIS 49 A 18;BARRIOS UNIDOS;2364048 - 6105732 - 2365475;suiteslacastellana@gmail.com;www.hotelbogotainn.com;Entre $ 60.001 y $ 150.000;No Pertenece a ZIT;CL 94 BIS 49 A 18;4.6828680937347675;-74.06236303157206
1096;20481;HOSTAL COLONIAL LA QUINTA;HOSTAL;CL 12 B BIS 1 23;CANDELARIA;2847696 -  - ;info@hostal-laquinta.com;www.hostal-laquinta.com;Menos de $ 60.000;Candelaria;CL 12 B BIS 1 23;4.59704925755555;-74.0691256489153
1131;21638;HOTEL IBIS BOGOT� MUSEO;HOTEL;TV 6 27 85;SANTA FE;3814666 -  - ;h7318-re@accor.com;www.ibishotel.com;Entre $ 60.001 y $ 150.000;Centro Internacional;TV 6 27 85;4.61495509780309;-74.068845544239
1232;22299;HOTEL AUGUSTA;HOTEL;AV JIMENEZ 4 77;CANDELARIA;2838300 -  - ;recepcion@hotelaugusta.com.co;www.hotelaugusta.com.co;Entre $ 150.001 y $ 350.000;Candelaria;AV JIMENEZ 4 77;4.60065566730962;-74.0706059849599
1390;26053;CASA GUADALUPE;HOTEL;CL 12 B BIS 1 31;CANDELARIA;3134397575 - 2829667 - 3144095622;hotelcasaguadalupe@gmail.com;www.hotelcasaguadalupe.com;Entre $ 60.001 y $ 150.000;Candelaria;CL 12 B BIS 1 31;4.59708195314818;-74.0691886270232
1432;27507;CELESTIAL INN HOTEL;HOTEL;KR 16 17 12 SUR;ANTONIO NARI�O;3660640 - 3660645 - 3660641;contactos@celestialinnhotel.com;www.celestialinnhotel.com;Entre $ 60.001 y $ 150.000;No Pertenece a ZIT;KR 16 17 12 SUR;4.58407917728875;-74.0995008478043
1437;27536;HOSTAL CASIQUE SUGAMUXI CASU;HOSTAL;CL 12 D BIS 2 19 SEGUNDO PISO;CANDELARIA;3374326 -  - ;info@casiquesugamuxi.com - casiquesugamuxi@yahoo.es;www.casiquesugamuxi.com;Menos de $ 60.000;Candelaria;CL 12 D BIS 2 19;4.59963725857642;-74.0693458828787
1440;27572;CASA ANFITRIONA SAN FELIPE;HOSTAL;KR 22 BIS 74 A 07;BARRIOS UNIDOS;7498107 - 2481827 - ;servicios.inmobiliarios.sas@hotmail.com;NA;Entre $ 60.001 y $ 150.000;No Pertenece a ZIT;KR 22 BIS 74 A 07;4.664684238780006;-74.06468650224555
1493;32002;PRISMA SUITE CHICO 94;HOTEL;TV 23 94 26;CHAPINERO;7437818 - 7437817 - ;NA;www.primashoteles.com;Entre $ 150.001 y $ 350.000;No Pertenece a ZIT;TV 23 94 26;4.681914114690997;-74.05665542520765
1455;28247;TIP TOP HOSTEL;HOSTAL;KR 1 BIS 12 D 78;CANDELARIA;2821928 -  - ;tiptophostal@gmail.com;www.tiptophostels.com;Menos de $ 60.000;Candelaria;KR 1 BIS 12 D 78;4.59916453712209;-74.0680172510874
1445;27887;HOTEL MOVICH CITY BUSINESS;HOTEL;TV 23 98 27;CHAPINERO;5190299 -  - ;reservas@movich.com;www.movichhoteles.com;Entre $ 150.001 y $ 350.000;Calle 100;TV 23 98 27;4.685923027251958;-74.05641582026408
