ID;RNT;NOMBRE COMERCIAL;DIRECCION;TELEFONO;LOCALIDAD;SERVICIO A DOMICILIO;TELEFONO DOMICILIO;PAGINA WEB
2;8251;Oma Barra de Cafe Bogota Puente Aereo;Avenida Calle 26 No 106 - 47 Primer Piso Diagonal Porteria 4 (Vuelos Nacionales de Avianca);NR;Fontibon;NR;NA;http://173.254.122.220/
6;14321;Hamburguesas el Corral Centro Internacional;Carrera 7 No 32 - 83 Local 102;NR;Santafe;No;NA;www.elcorral.com
7;14324;Hamburguesas el Corral Hacienda;Centro Comercial Hacienda Santa Barbara Carrera 7 No 115 - 72 Local E-111;NR;Usaquen;No;NA;www.elcorral.com
8;14325;Hamburguesas el Corral Calle 93;Calle  93A No 14 - 30;NR;Chapinero;No;NA;www.elcorral.com
9;14333;Hamburguesas el Corral Plaza;Centro Comercial Plaza de Las 'Americas' Carrera 71 D  No 6 - 94 Sur  Local 2912;NR;Kennedy;No;NA;www.elcorral.com
10;14335;Hamburguesas el Corral Pepe Sierra;Avenida 116 No 18B - 75;NR;Usaquen;No;NA;www.elcorral.com
11;14336;Corral Gourmet Atlantis;Calle CL 80 No 13 - 48 Local 01-02;623 29 93 - ;Chapinero;NR;NA;www.elcorralgourmet.com
12;14337;Hamburguesas el Corral Atlantis;Calle 80 No 13 A - 20 Local 403;NR;Chapinero;No;NA;www.elcorral.com
13;14339;Hamburguesas el Corral Calle 100;Calle 100 No 8 - 75 Primer Piso;NR;Chapinero;No;NA;www.elcorral.com
14;14345;Hamburguesas el Corral Calle 71;Carrera 9 No 71 - 24;NR;Chapinero;No;NA;www.elcorral.com
15;14346;Corral Gourmet 93;Calle 93 A No 12 - 57 Local 3 y 4;640 62 59 - ;Chapinero;NR;NA;www.elcorralgourmet.com
16;14350;Beer Station;Avenida Calle 116 No 15 - 59;215 48 00 - ;Usaquen;NR;NA;www.beerstation.com.co
17;14351;Corral Gourmet 116;Avenida Calle 116 No 15 - 65;215 31 55 - ;Usaquen;NR;NA;www.elcorralgourmet.com
18;14352;Hamburguesas el Corral Andino;Carrera 11 No 82 - 01 Local 405;NR;Chapinero;No;NA;www.elcorral.com
19;14353;Beer Station Zona T;Calle 83 No 12 A - 63;236 93 20 - ;Chapinero;NR;NA;www.beerstation.com.co
20;14354;Hamburguesas el Corral Texaco 1;Carrera 7 No 69 - 26;NR;Chapinero;No;NA;www.elcorral.com
21;14397;La Cigale;Calle 69 A No 4 - 93;249 68 39 - 212 77 85;Chapinero;Si;249 68 39;www.lacigale.com.co
22;14419;Restaurante Casa Vieja San Diego;Carrera 10 No 26 - 60;284 73 59 - 281 01 90;Santafe;No ;NA;www.casavieja.com.co
23;14420;Crepes & Waffles;Carrera 11 No 85  - 79;676 76 00 Extension 701 - ;Chapinero;No ;NA;www.Crepesywaffles.com
24;14421;Crepes & Waffles;Carrera 13 No  28  -  08 Local 36;676 76 00 Extension 702 - ;Santafe;No ;NA;www.Crepesywaffles.com
25;14422;Crepes & Waffles;Calle 100 No 8 A - 55 Local 138 - 139;676 76 00 Extension 706 - ;Chapinero;No ;NA;www.Crepesywaffles.com
26;14427;Restaurante Casa Vieja;Avenida Jimenez No 3 - 57;342 67 52 - 334 89 08;Candelaria;No ;NA;www.casavieja.com.co
27;14441;Crepes & Waffles;Avenida Calle 13 No 4 - 55;676 76 00 Extension 729 - ;Candelaria;No ;NA;www.Crepesywaffles.com
28;14444;Crepes & Waffles;Carrera 12A No 83  -  40;676 76 00 Extension 711 - ;Chapinero;No ;NA;www.Crepesywaffles.com
29;14445;Crepes & Waffles;Calle 93B No 12  -  28 Local 101;676 76 00 Extension 708 - ;Chapinero;No ;NA;www.Crepesywaffles.com
30;14477;Archies Usaquen;Carrera 6 A No 119 - 01;213 32 26 - ;Usaquen;Si;605 05 05;www.archies.co
31;14480;Archies Pepe Sierra;Calle 116 No 17 - 13;637 00 38 - 310 235 19 95;Usaquen;Si;605 05 05;www.archies.co
32;14481;Archies Chico;Carrera 15 No 96 - 67;610 66 78 - ;Chapinero;Si;605 05 05;www.archies.co
33;14482;Archies Calle 93;Calle 93 A No 11 - 49;530 45 20 - ;Chapinero;Si;605 05 05;www.archies.co
34;14483;Archies Andino;Centro Comercial Andino Plaza Carrera 11 No 82 - 71 Piso 4 Local 406 ;236 27 35 - ;Chapinero;Si;605 05 05;www.archies.co
35;14485;Archies Zona Rosa;Calle 82 No 13 - 07 ;610 91 62 - ;Chapinero;Si;605 05 05;www.archies.co
36;14486;Archies Quinta Camacho;Calle 69 A No 10 - 03 ;321 23 04 - ;Chapinero;Si;605 05 05;www.archies.co
37;14490;Archies Calle 71;Calle 71 No 4 - 55;235 11 74 - 545 10 33;Chapinero;Si;605 05 05;www.archies.co
38;14491;Archies Centro Internacional;Carrera 7 No 27 - 80;NR;Santafe;Si;605 05 05;www.archies.co
39;14587;Restaurante Cali Mio No 11;Carrera 70 B No 25 - 47 Sur;260 52 82 - ;Kennedy;Si;600 43 00;www.calimio.com.co
40;14588;Restaurante Cali Mio;Calle 85 No 16 - 48 Local 1;256 37 48 - ;Chapinero;Si;600 43 00;www.calimio.com.co
41;14599;Bogota Beer Company S A;Carrera 12 No 83 - 33;742 92 92 Extension 3 Opcion 1 - ;Chapinero;NR;NA;www.bogotabeercompany.com
42;14601;Bogota Beer Company;Carrera 11 A No 93 A - 94 ;742 92 92 Extension 3 Opcion 3 - ;Chapinero;NR;NA;www.bogotabeercompany.com
43;14602;Bogota Beer Company;Carrera 6 No 119 - 24;742 92 92 Extension 3 Opcion 4 - ;Usaquen;NR;NA;www.bogotabeercompany.com
44;14603;Bogota Beer Company;Avenida 19 No 120 - 76;742 92 92 Extension 3 Opcion 2 - ;Usaquen;NR;NA;www.bogotabeercompany.com
45;14604;Bogota Beer Company;Calle 85 No 13  - 06;742 92 92 Extension 3 Opcion 6 - ;Chapinero;NR;NA;www.bogotabeercompany.com
46;14618;El Ovejo Cafe;Carrera 14 No 83 - 70 Piso 2;611 24 96 - ;Chapinero;NR;NA;NR
47;14630;Restaurante Wok;Carrera 9  69A -  63;212 01 67 - ;Chapinero;NR;NA;www.wok.com.co
48;14631;Restaurante Wok;Carrera 13  No 82 - 74;622 59 80 - ;Chapinero;NR;NA;www.wok.com.co
49;14632;Restaurante Wok;Avenida 19  No 118 - 75;213 88 54 - ;Usaquen;NR;NA;www.wok.com.co
50;14633;Restaurante Wok;Calle 93B No 12 - 28;236 49 39 - ;Chapinero;NR;NA;www.wok.com.co
51;14636;La Biferia;Calle 69 No 5 - 61;345 61 90 - 320 344 34 25;Chapinero;NR;NA;labiferia.squarespace.com
52;14643;Restaurante La Brasserie;Carrera 13 No 85 - 35;257 64 02 - 618 45 77;Chapinero;No ;NA;NR
53;14644;Restaurante Patria;Calle 83 No 12A - 11;236 98 54 - 621 06 82;Chapinero;No ;NA;NR
54;14645;Restaurante Dilucca;Carrera 13 No 85 - 32;236 73 01 - 257 42 69;Chapinero;No ;NA;NR
55;14646;Restaurante Niko Cafe;Carrera 13 No 83 - 48;610 80 90 - 610 81 02;Chapinero;No ;NA;NR
56;14647;Restaurante Museo del Oro;Calle 16 No 5 - 41;282 92 05 - 334 71 28;Santafe;No ;NA;NR
58;14650;La Fragata Restaurante Giratorio;Calle 100 No 8 A - 55 Piso 12;218 44 56 - ;Chapinero;NR;NA;www.lafragata.com
59;14651;Fish Market La Fragata Zona T;Carrera 13 No 83 - 18;691 24 19 - 257 97 43;Chapinero;NR;NA;www.lafragata.com
60;14660;Apolos Men;Calle 85 No 11 - 18;257 54 43 - 311 261 55 07;Chapinero;NR;NA;www.apolosmen.com.co
61;14665;Cotidiano Cafe Brasserie;Centro Comercial Andino Plaza Carrera 11 No 82 - 71 Local 402;654 54 54 - ;Chapinero;Si;654 54 54;www.elcotidiano.com.co
62;14666;Salto del Angel;Carrera 13 No 93 A - 45;654 54 55 - ;Chapinero;NR;NA;www.saltodelangel.com.co
63;14667;Oliveto Pizza Gourmet;Carrera 5 No 70 - 26;212 65 70 - 212 08 07;Chapinero;Si;212 65 70;www.olivetopizza.com / www.olivetopizzagourmet.com
64;14668;Oliveto Pizza Gourmet;Carrera 6A No 118  -  57;213 41 24 - 213 03 02;Usaquen;Si;212 65 70;www.olivetopizza.com / www.olivetopizzagourmet.com
65;14669;El Olivar Restaurante;Carrera 6 No 10 - 40;283 29 64 - ;Candelaria;NR;NA;NR
69;14777;Hard Rock Cafe;Centro Comercial Atlantis Calle 81 No 13 - 05  Local 011;530 73 28 - 530 73 29;Chapinero;Si;530 22 00;www.hardrock.com
70;14806;MC Donalds Parque 93;Carrera 12 No 93  - 86;618 24 28 - 311 561 08 60;Chapinero;Si;400 33 33;www.mcdonalds.com.co
71;14807;MC Donalds Andino;Carrera 11 No 82 - 02 Local 355;616 89 90 - 311 491 31 72;Chapinero;Si;400 33 33;www.mcdonalds.com.co
72;14809;MC Donalds Plaza de Las Americas;Centro Comercial Plaza de Las Americas Carrera 71 D No 6 - 94 Sur Local 1500;260 82 20 - 311 561 08 62;Kennedy;Si;400 33 33;www.mcdonalds.com.co
73;14810;MC Donalds Pepe Sierra;Calle 116 No 18B  - 43;213 78 72 - 311 561 08 61;Usaquen;Si;400 33 33;www.mcdonalds.com.co
74;14811;MC Donalds Avenida Jimenez;Avenida Jimenez No 7 - 25;243 94 91 - 311 491 31 75;Candelaria;Si;400 33 33;www.mcdonalds.com.co
75;14812;MC Donalds Atlantis;Centro Comercial Atlantis Calle 81 No 13 - 05 Local 311;531 19 14 - 311 491 31 73;Chapinero;No ;NA;www.mcdonalds.com.co
76;14813;MC Donalds Salitre;Centro Comercial Salitre Plaza Carrera 68 B No 24  - 39 Local 3-102/3-104;416 96 81 - 311 561 08 63;Fontibon;No ;NA;www.mcdonalds.com.co
77;14814;MC Donalds Ciudad Salitre;Carrera 68B No 24 - 30;405 98 99 - 311 491 31 76;Fontibon;Si;400 33 33;www.mcdonalds.com.co
78;14892;Taqueria Calle 93;Calle 93 A No 11 - 49 Local 2;616 76 71 - 616 75 68;Chapinero;NR;NA;NR
79;14893;Taqueria Calle 116;Calle 116 No 15 - 44 LC 2;616 76 71 - 616 75 68;Chapinero;NR;NA;NR
80;14914;Paneroli 1;Centro Comercial Andino Carrera 11 No  82 - 71 Local 414 ;236 23 58 - ;Chapinero;Si;236 23 58;paneroli.com
81;15013;Oma Cafe Restaurante Bogota El Lago;Carrera 15 No 82 - 58;NR;Chapinero;NR;NA;http://173.254.122.220/
82;15014;Oma Cafe Restaurante Bogota Bavaria;Carrera 10 No 27 - 91 Interior 117 Torre B;NR;Santafe;NR;NA;http://173.254.122.220/
83;15015;Oma Cafe Restaurante Bogota Parque 93;Calle 93 A No 12 - 55;NR;Chapinero;NR;NA;http://173.254.122.220/
84;15016;Oma Cafe Restaurante Bogota Andino;Centro Comercial Andino Plaza Carrera 11 No 82 - 71 Local 347;NR;Chapinero;NR;NA;http://173.254.122.220/
85;15027;Oma Cafe Restaurante Bogota Zona T;Carrera 12 A No 83 - 49;NR;Chapinero;NR;NA;http://173.254.122.220/
86;15028;Oma Cafe Restaurante Bogota Gran Estacion;Centro Comercial Gran Estacion Avenida EL Dorado No 62 - 49 Local 157-158;NR;Teusaquillo;NR;NA;http://173.254.122.220/
87;15081;Donostia Cocina de Mercado;Calle 29 BIS No 5 - 84;287 39 43 - ;Santafe;NR;NA;NR
88;15204;Restaurante Felix;Avenida Jimenez No 4 - 80;341 72 11 - 284 09 95;Candelaria;Si;341 72 11;NR
89;15433;Tienda de Cafe;Calle 119 No 6 - 16;213 39 16 - 213 31 18;Usaquen;Si;213 31 18;www.tiendadeCafe.net
90;15682;Tramonti;Carrera 1 No 70 - 50;218 24 00 - 636 19 95;Chapinero;NR;NA;www.tramonti.com.co
91;15758;Cotidiano Cafe Brasserie;Carrera 5 No 71 - 45 Local 104;654 54 54 - ;Chapinero;Si;654 54 54;www.elcotidiano.com.co
92;15881;Hamburguesas el Corral Parque Central Bavaria;Carrera 13 No 28 - 01 Local 173;NR;Santafe;No;NA;www.elcorral.com
93;15882;Hamburguesas el Corral San Martin;Centro Comercial San Martin Carrera 7 No 32 - 16 Local 409;NR;Santafe;No;NA;www.elcorral.com
94;15884;Corral Gourmet Zona G;Calle 69 A No 5 - 09;217 11 23 - ;Chapinero;NR;NA;www.elcorralgourmet.com
96;16239;Restaurante Gato Negro;Calle 93 A No 11 A - 47;622 33 15 - ;Chapinero;NR;NA;www.restaurantegatonegro.com.co
97;16463;Corral Gourmet La Candelaria;Calle 11 No 5 - 60;334 85 67 - ;Candelaria;NR;NA;www.elcorralgourmet.com
98;16701;LA Brasa Roja Pepe Sierra;Avenida 19 No 116 - 40;629 02 57 - ;Usaquen;Si;600 45 65;labrasaroja.com
99;16927;Sopas de Mama y Postres de la Abuela Sucursal el Retiro;Carrera 9 No 81 A - 09;658 48 90 - ;Chapinero;NR;NA;www.sopasypostres.com.co
100;16928;Sopas de Mama y Postres de la Abuela - sucursal salitre;Avenida El Dorado No 68C - 61 Local 1-24;658 48 89 - ;Fontibon;NR;NA;www.sopasypostres.com.co
102;16931;Sopas de Mama y Postres de la Abuela Sucursal Quinta Camacho;Calle 71 No 10 - 73;658 48 95 - ;Chapinero;NR;NA;www.sopasypostres.com.co
103;16933;Sopas de Mama y Postres de la Abuela Sucursal Plaza de Bolivar;Carrera 9 No 10 - 59 ;658 48 94 - ;Candelaria;NR;NA;www.sopasypostres.com.co
104;17422;Restaurante Wok;Carrera 6 BIS 29 -  07;287 31 94 - ;Santafe;NR;NA;www.wok.com.co
105;17576;La Biferia;Calle 29 Bis No 6 - 12;245 83 88 - 314 414 24 03;Santafe;NR;NA;labiferia.squarespace.com
106;17692;Hamburguesas el Corral La Candelaria;Calle 11 No 2 - 16;NR;Candelaria;No;NA;www.elcorral.com
107;17697;Hamburguesas el Corral Plaza 39;Avenida Calle 39 No 7 - 40 Local 233;NR;Chapinero;No;NA;www.elcorral.com
109;18235;Frisby G17;Calle 71 No 9 -  21 / 39 LC 1  Plazoleta Quinta de Camacho;01 800 939 000 - ;Chapinero;Si;01 800 939 000;www.frisby.com.co
110;18694;Crepes & Waffles;Carrera 6 No 119  -  56;676 76 00 Extension 733 - ;Usaquen;No ;NA;www.Crepesywaffles.com
111;18832;Hamburguesas el Corral Avenida Chile;Calle 73 No 10 - 83 Local 6 y 7;NR;Chapinero;No;NA;www.elcorral.com
113;19006;Osaki USAQUEN;Calle 118 No 6 A - 09;NR;Usaquen;Si;644 77 77;www.osaki.com.co
114;19007;Central Cevicheria;Carrera 13 No 85 - 14;644 77 66 - ;Chapinero;NR;NA;www.centralcevicheria.com
115;19008;Osaki;Calle 71 No 5 - 10;NR;Chapinero;Si;644 77 77;www.osaki.com.co
116;19009;Osaki  93;Carrera 11 A No 93 A - 46 Local 101;NR;Chapinero;Si;644 77 77;www.osaki.com.co
117;19071;Abasto Cafe & Despensa;Carrera 6 A No 119 B 52;215 12 86 - 215 12 86;Usaquen;NR;NA;NR
118;19082;Andres D.C;Calle 82 No 12 - 21;863 78 80 - ;Chapinero;No ;NA;www.andrescarnederes.com
119;19118;Boca Cocina Latina;Carrera 10 No 27 - 51 Local 174 Edificio Residencias Tequendama Norte;596 79 99 - ;Santafe;NR;NA;www.bocacocinalatina.com
120;19123;Punto Rapido Puente Aereo;Avenida calle 26 No 106 - 28 Puente Aereo  Local 207;413 88 84 - ;Fontibon;NR;NA;NR
121;19200;Hamburguesas el Corral Parque 97;Avenida 19 No 97 - 05 Local 1-2;NR;Chapinero;No;NA;www.elcorral.com
122;19916;Diana Garcia Chef en Movimiento;Carrera 7 No 70 - 94;235 68 05 - 321 34 31;Chapinero;Si;235 68 05;www.restaurantedianagarcia.com
123;20391;Brasa Roja Plaza De Las Americas;Centro Comercial Plaza de Las Americas Carrera 71 D No 6 - 94 Sur Local 2905;NR;Kennedy;Si;600 45 65;labrasaroja.com
124;21038;Brasa Roja World Trade Center;Avenida Calle 100 No 8A - 55 Local 140/41/42;NR;Chapinero;Si;600 45 65;labrasaroja.com
125;21289;El Carnal;Carrera 12 No 83  -  47;NR;Chapinero;No;NA;elcarnal.com.co
126;21311;TGI Fridays ;Calle 93A No 11 - 27;601 90 90 Extension 105 - ;Chapinero;Si;606 44 34;www.fridayscolombia.com.co
127;21515;Brasa Roja Centro Comercial San Martin;Centro Comercial San Martin Carrera 7 No 32 - 16 Local 404;NR;Santafe;Si;600 45 65;labrasaroja.com
128;21570;La Despensa de Rafael;Calle 70 A No 9 - 95;235 88 91 - 248 19 97;Chapinero;NR;NA;www.rafaelosterling.pe/es/la-despensa.html
129;21571;Rafael Restaurant;Calle 70 No 4 - 63;255 41 38 - ;Chapinero;NR;NA;www.rafaelosterling.pe/es/bogota.html
130;21587;Restaurante 69 Oyster Bar;Calle 69A No 5 - 59 Interior 1;249 04 26 - ;Chapinero;No ;NA;NR
132;21658;Hamburguesas el Corral Edificio Continental;Avenida Jimenez No 4 - 16 Local 21 Mezzanine;NR;Candelaria;No;NA;www.elcorral.com
133;21678;teriyki Sushi Bar;Carrera 13 No 93 - 71;617 02 54 - ;Chapinero;Si;600 09 60;www.teriyaki.com.co
134;21679;teriyki Thai;Carrera 13 No 83 - 66;618 15 19 - ;Chapinero;Si;618 15 19;www.teriyaki.com.co
135;21680;teriyki 69;Calle 69 A No 5 - 79;321 02 15 - ;Chapinero;Si;321 02 15;www.teriyaki.com.co
136;21758;Crepes & Waffles;Avenida calle 39 No 7  -  40 Local 137;676 76 00 Extension 732 - ;Chapinero;No ;NA;www.Crepesywaffles.com
137;21935;La Plaza De Andres;Calle 82 No 12  -  21;863 78 80 - ;Chapinero;No ;NA;www.andrescarnederes.com
138;22075;El CoQ;Calle 84 BIS No 14 - 02;610 80 36 - ;Chapinero;NR;NA;NR
139;22089;Marfalitos;Calle 12 No 7 - 32 Piso 4;334 19 26 - 282 39 21;Candelaria;Si;334 19 26;NR
140;22096;Hamburguesas el Corral Torre Cuzesar;Avenida Calle 116 No 7 - 15 Interior 2;NR;Usaquen;No;NA;www.elcorral.com
141;22109;Papa Jhons Pepe Sierra;Calle 116 No 18 B - 40;NR;Usaquen;NR;NA;www.papajohns.com.co
142;22158;Restaurante Agadon;Carrera 13 No 85 - 75;742 53 99 - 742 53 97;Chapinero;No ;NA;NR
143;22207;Restaurante Casa;Carrera 13 No 85 - 24;236 37 55 - 704 46 06;Chapinero;No ;NA;NR
144;22306;Brasa Roja Centro Comercial Avenida Chile;Centro Comercial 'Avenida' Chile Calle 72 No 10 -  34 Local 403 B;NR;Chapinero;Si;600 45 65;labrasaroja.com
145;22431;Criterion;Calle 69 A No 5 - 75;310 13 77 - 314 293 41 92;Chapinero;NR;NA;www.criterion.com.co
146;22432;Bogota Beer Company;Carrera 5 No 71 - 75;742 92 92 Extension 3 Opcion 7 - ;Chapinero;NR;NA;www.bogotabeercompany.com
147;22434;Bogota Beer Company S A;Calle 116 No 16 - 78 ;742 92 92 Extension 3 Opcion 10 - ;Usaquen;NR;NA;www.bogotabeercompany.com
148;22454;Isola;Carrera 12 A No 83 - 30;530 06 78 - ;Chapinero;NR;NA;www.isolarestaurante.com
149;22457;Harrys Restaurante;Calle 70 No 5 - 57;321 39 40 - 345 03 04;Chapinero;No ;NA;www.harrysasson.com
151;22604;Amarti;Calle 119 No 6 - 24;214 90 17 - 214 9184;Usaquen;Si;214 90 17;NR
152;22605;7 16 Steak House;Calle 119 B No 6 - 28;213 42 71 - ;Usaquen;No;NA;NR
153;22606;Koi By Wathacushi ;Calle 119 No 6 A - 17;213 39 19 - ;Usaquen;NR;NA;NR
154;22607;Cafe Renault;Calle 93 B No 11A - 84 Local 101;621 15 38 - ;Chapinero;NR;NA;NR
155;22609;Wata Kushi;Carrera 12 No 83 - 17;218 07 43 - 218 05 34;Chapinero;NR;NA;NR
156;22611;Cafe Illy 87;Carrera 15 No 87 - 98;236 67 85 - ;Chapinero;NR;NA;www.illy.com
157;22612;Piazza;Calle 83 12 - 26;257 20 88 - ;Chapinero;NR;NA;NR
158;22613;Luna Restaurante;Calle 83 No 12 - 26;257 20 88 - ;Chapinero;NR;NA;NR
159;22614;Il Panino;Calle 93 A No 11 A - 26 /30;616 01 41 - ;Chapinero;NR;NA;NR
160;22667;Diner Parque de la 93;Carrera 11 A No 93B - 11;616 01 93 - ;Chapinero;Si;616 01 93;NR
161;22668;La Hamburgueseria De La Macarena;Carrera 4 A No 27 - 27;281 12 86 - 284 88 86;Santafe;Si;600 09 69;www.lahamburgueseria.com
162;22845;Restaurante Wok;Carrera 6A  117 -  02;213 44 36 - ;Usaquen;NR;NA;www.wok.com.co
163;23310;Hamburguesas del rodeo;Carrera 7 No 13 - 41 Interior 101;519 08 88 - ;Candelaria;Si;519 09 99;www.hamburguesasdelrodeo.com
164;23409;Pesquera Jaramillo SUC. CHICO;Calle 93 A No 11 A - 31;257 25 28 - 256 54 94;Chapinero;NR;NA;www.pesquerajaramillo.com
165;23805;Restaurante Casa Vieja Usaquen;Carrera 6 No 117 - 35;213 32 46 - 637 48 20;Usaquen;No ;NA;www.casavieja.com.co
166;23878;La Biferia;Calle 29 Bis No 6 - 12;245 83 88 - 314 414 24 03;Santafe;NR;NA;labiferia.squarespace.com
167;23891;La Romana Carrera 7;Carrera 7 No 19 - 48;283 27 30 - ;Santafe;NR;NA;www.laromana.com.co
168;23892;Cafeteria Romana;Avenida Jimenez No  6 - 65;334 81 35 - ;Candelaria;Si;334 81 35;NR
169;24214;Restaurante Donde Chucho   ;Calle 84 Bis No 13 - 43;703 66 41 - ;Chapinero;NR;NA;NR
170;24254;Galeria Cafe Libro Restaurante Bar;Carrera 11 A No 93 - 42;218 34 35 - ;Chapinero;NR;NA;www.galeriacafelibro.com.co
171;24344;Ristorante Bellini;Carrera 13 No 83 - 52;236 44 01 - 636 90 03;Chapinero;Si;236 44 01;www.bellinirestaurante.com
172;24345;Trattoria Bellini;Carrera 13 No 28 A - 31 Piso 3;288 85 60 - 288 88 73;Santafe;Si;288 87 50 - 288 85 60;www.belliniRestaurante.com
173;24346;Aracataca Colombian Steakhouse;Carrera 13 No 28 A - 31 Local 101;288 85 64 - 288 88 73;Santafe;Si;288 85 64;www.restaurantearacataca.com
174;24420;Papa Jhons Avenida Chile;Carrera 9 No 71 - 60 /64;NR;Chapinero;NR;NA;www.papajohns.com.co
175;25297;La Mar Cebiche ria Peruana ;Calle 119 B No 6 - 01;629 21 77 - ;Usaquen;NR;NA;www.lamarcebicheria.com
176;25359;MC Donalds Gran Estacion;Centro Comercial Gran Estacion Avenida El Dorado No 62 - 49 Local 3-36;572 65 89 - 311 561 08 67;Teusaquillo;No ;NA;www.mcdonalds.com.co
177;25360;MC Donalds Centro Internacional;Carrera 10 No 26 - 55 /57 Edificio Bachue;341 28 27 - 321 427 08 08;Santafe;Si;400 33 33;www.mcdonalds.com.co
178;25361;MC Donalds Usaquen;Calle 118 No 6A - 76;637 84 81 - 320 307 99 26;Usaquen;Si;400 33 33;www.mcdonalds.com.co
179;25608;Papa Jhons USAQUEN;Calle 121 No 6 - 11;NR;Usaquen;NR;NA;www.papajohns.com.co
180;25621;Restaurantes Brasa Brasil ;Calle 118 No 19 – 12;214 20 25 - 214 80 64;Usaquen;No ;NA;www.brasabrasil.com
181;25652;Restaurante BAR Museo del Tequila;Carrera 13 A No 86 A - 18;256 66 14 - ;Chapinero;NR;NA;www.museodeltequila.com.co
182;25664;Crepes & Waffles;Calle 81 No 13  -  05 Local 414;676 76 00 Extension 745 - ;Chapinero;No ;NA;www.Crepesywaffles.com
183;25665;Crepes & Waffles;Centro Comercial Plaza de Las Americas Carrera 71D No 6  -  94 Sur Local 1092;676 76 00 Extension 749 - ;Kennedy;No ;NA;www.Crepesywaffles.com
184;25666;Crepes & Waffles;Carrera 9 No 73  –  33;676 76 00 Extension 707 - ;Chapinero;No ;NA;www.Crepesywaffles.com
185;25667;Crepes & Waffles;Avenida 19 No 120 - 16;676 76 00 Extension 703 - ;Usaquen;No ;NA;www.Crepesywaffles.com
186;25668;Crepes & Waffles;Centro comercial Salitre Plaza Carrera 68 B No 24 - 39  Local 324;676 76 00 Extension 709 - ;Fontibon;No ;NA;www.Crepesywaffles.com
187;25669;Crepes & Waffles;Carrera 7 No 32  -  84 Local 210;676 76 00 Extension 730 - ;Santafe;No ;NA;www.Crepesywaffles.com
188;25691;Restaurante Lomos;Carrera 21 No 100 - 23;256 33 15 - 218 24 50;Usaquen;No ;NA;NR
189;25702;Sipote Burrito;Centro Comercial Andino Carrera 11 No 82 - 71 Local 403;644 77 88 - ;Chapinero;Si;644 77 88;www.sipoteburrito.com
190;25766;Hamburguesas el Corral Quinta de Bolivar;Calle 19 A No 04 - 08 Este;NR;Candelaria;No;NA;www.elcorral.com
191;25767;Hamburguesas el Corral Javeriana;Calle 41 No 7 - 29;NR;Chapinero;No;NA;www.elcorral.com
192;25768;Hamburguesas el Corral Salitre;Centro Comercial Salitre Plaza Carrera 68 B No 24 - 39 Local 371;NR;Fontibon;No;NA;www.elcorral.com
193;25770;Corral Gourmet Salitre;Centro Comercial Salitre Plaza Carrera 68 B No 24 - 39 Local 355;416 93 64 - ;Fontibon;NR;NA;www.elcorralgourmet.com
194;25785;La Bottega De Andrei ;Calle 119 B No 6 A - 18;214 01 87 - ;Usaquen;NR;NA;NR
195;25786;Restaurante Mediterranea De Andrei;Carrera 6 A No 119 B - 05;612 90 59 - 629 82 79;Usaquen;NR;NA;www.mediterraneadeandreiusaquen.com
196;25909;Gaira Cafe;Carrera 13 No 96 - 11;746 26 96 - ;Chapinero;NR;NA;www.gairacafe.co
197;26068;Archies Santafe;Centro Comercial Santafe Calle 185 No 45 - 03 Local N3-063 ;605 82 32 - ;Usaquen;Si;605 05 05;www.archies.co
198;26070;Archies Salitre;Avenida El Dorado No 62 - 49 Local 318;571 81 38 - 572 23 43;Teusaquillo;Si;605 05 05;www.archies.co
199;26318;Hamburguesas el Corral Santafe ;Centro Comercial Santafe Calle 185 No 45 - 03 Local 381;NR;Usaquen;No;NA;www.elcorral.com
200;26319;Hamburguesas el Corral Gran Estacion;Centro Comercial Gran Estacion Avenida El Dorado No 62 - 49 Local 314 - 315;NR;Teusaquillo;No;NA;www.elcorral.com
201;26320;Hamburguesas el Corral Gran Estacion II;Centro Comercial Gran Estacion Avenida El Dorado No 62 - 49 Local 350;NR;Teusaquillo;No;NA;www.elcorral.com
202;26321;Hamburguesas el Corral Unicentro II;Centro Comercial Uncientro Avenida 15 No 124 - 30  Local  409;NR;Usaquen;No;NA;www.elcorral.com
203;26322;Hamburguesas el Corral Centro Mayor II;Centro Comercial Centro Mayor  Calle 38 A Sur No 34 D - 51 Local 3024 A;NR;Antonio Nariño;No;NA;www.elcorral.com
204;26323;Hamburguesas el Corral Iserra;Centro Comercial Iserra 100 Transversal 55 No 98 A - 66 Local 315;NR;Barrios Unidos;No;NA;www.elcorral.com
205;26324;Hamburguesas el Corral GALERIAS;Calle 52 No 24 - 12;NR;Chapinero;No;NA;www.elcorral.com
206;26325;Hamburguesas el Corral Unicentro I;Centro Comercial Unicentro Avenida 15 No 124 - 30  Local 2078;NR;Usaquen;No;NA;www.elcorral.com
207;26326;Hamburguesas el Corral Calima;Centro Comercila Calima Avenida Calle 19 No 28 - 80 Local C-30;NR;Los Martires;No;NA;www.elcorral.com
208;26327;Hamburguesas el Corral Carulla Galerias;Calle 53 No 26 - 60;NR;Chapinero;No;NA;www.elcorral.com
209;26328;Hamburguesas el Corral Bulevar Niza;Avenida Carrera 58 No 127 - 59 Local 318 - 319 - 320;NR;Suba;No;NA;www.elcorral.com
210;26329;Hamburguesas el Corral Centro Mayor I;Centro Comercial Centro Mayor Calle 38 A Sur No 34 D - 51 Local 2 -101 y 2 - 102;NR;Antonio Nariño;No;NA;www.elcorral.com
211;26330;Corral Gourmet Gran Estacion;Centro Comercial Gran Estacion Avenida El Dorado No 62 - 49 Local  343;221 41 91 - ;Teusaquillo;NR;NA;www.elcorralgourmet.com
212;26331;Corral Gourmet Santa Ana;Avenida Carrera 9 No 110 - 50 Local 303;637 86 50 - ;Usaquen;NR;NA;www.elcorralgourmet.com
213;26332;Hamburguesas el Corral Santafe II;Centro Comercial Santafe Calle 183 No 45 - 03 Local 3-102;NR;Usaquen;No;NA;www.elcorral.com
214;26333;Hamburguesas el Corral Americas;Avenida Americas No 39 - 24;NR;Puente Aranda;No;NA;www.elcorral.com
215;26356;La Brasa Roja Gran Estacion;Centro Comercial Gran Estacion Avenida El Dorado No 62 - 49 Local 302;NR;Teusaquillo;Si;600 45 65;labrasaroja.com
216;26357;La Brasa Roja Centro Comercial Santafe;Centro Comercial Santafe Calle 185 No 45 - 03 Local 392;NR;Usaquen;Si;600 45 65;labrasaroja.com
217;26364;MC Donalds Bulevar Niza;Avenida Carrera 58 No 127 - 59 Local  2128/2129;613 46 65 - 313 870 63 40;Suba;No ;NA;www.mcdonalds.com.co
218;26365;MC Donalds Santafe;Centro Comercial Santafe Calle 183 No 45 - 03 Local 3-121;600 65 07 - 312 588 95 17;Usaquen;Si;400 33 33;www.mcdonalds.com.co
219;26366;MC Donalds Unicentro;Centro Comercial Unicentro Avenida 15 No 124 - 30 Local 1-65;629 15 55 - 311 561 08 64;Usaquen;No ;NA;www.mcdonalds.com.co
220;26367;Mc Donalds GALERIA 2;Calle 53 No 25 - 30;653 80 00 - ;Teusaquillo;NR;NA;www.mcdonalds.com.co
221;26368;MC Donalds Calima;Centro Comercial Calima Avenida Calle 19 No 28 - 10 Local C27;378 61 26 - 311 554 90 00;Los Martires;Si;400 33 33;www.mcdonalds.com.co
222;26369;MC Donalds Centro Mayor;Centro Comercial Centro Mayor Calle 38 A Sur No 34 D - 51 Local 2115 B-C;734 03 46 - 321 241 40 16;Antonio Nariño;No ;NA;www.mcdonalds.com.co
223;26425;Lina's Sandwiches;Centro Comercial Andino Carrera 11 No 82 - 71 Local 150;616 85 85 - ;Chapinero;Si;616 85 85;NR
224;26437;Crepes & Waffles;Carrera 24 No 53  - 73 Local 103;676 76 00 Extension 739 - ;Teusaquillo;No ;NA;www.Crepesywaffles.com
225;26438;Crepes & Waffles;Avenida Carrera 58 No 127 - 59 Local 25 - 335;676 76 00 Extension 704 - ;Suba;No ;NA;www.Crepesywaffles.com
226;26439;Crepes & Waffles;Avenida Carrera 9 No 110 - 50 Local 304/305;676 76 00 Extension 723 - ;Usaquen;No ;NA;www.Crepesywaffles.com
227;26440;Crepes & Waffles;Centro Comercial Calima Avenida Calle 19 No 28 - 80 Local C32;676 76 00 Extension 755 - ;Los Martires;No ;NA;www.Crepesywaffles.com
228;26441;Crepes & Waffles;Centro comercial Gran Estacion Avenida El Dorado No  62 - 49 Local 321;676 76 00 Extension 726 - ;Teusaquillo;No ;NA;www.Crepesywaffles.com
229;26442;Crepes & Waffles;Centro Comercial Centro Mayor Calle 38 A Sur No 34 D - 51 Plaza del Equilibrista Piso 2;676 76 00 Extension 751 - ;Antonio Nariño;No ;NA;www.Crepesywaffles.com
230;26443;Crepes & Waffles;Centro comercial Santafe Calle 185 No 45 - 03 Local 357;676 76 00 Extension 725 - ;Usaquen;No ;NA;www.Crepesywaffles.com
231;26444;Crepes & Waffles;Carrera 15 No 124  -  30 Local 1089;676 76 00 Extension 705 - ;Usaquen;No ;NA;www.Crepesywaffles.com
232;26477;Enchiladas Cocina Mexicana;Calle 10 No 2 - 12;286 03 12 - 315 311 16 46;Candelaria;NR;NA;enchiladascandelaria.com
233;26478;Tabula;Calle 29 BIS No 5 - 90;287 72 28 - 285 88 75;Santafe;NR;NA;NR
234;26523;Capital Cocina Y Cafe;Calle 10 No 2 - 99;342 04 26 - ;Candelaria;NR;NA;NR
235;26524;T-Bone;Carrera 4 No 12 C - 34;283 59 89 - ;Candelaria;NR;NA;restaurante-tbone.co
236;26541;Papa Jhons Centro Mayor;Centro Comercial Centro Mayor Calle 38 A Sur No 34 D - 51 Local 3024;NR;Antonio Nariño;NR;NA;www.papajohns.com.co
238;26543;Hamburguesas el Corral Calle 90;Carrera 18 No 89 - 38;NR;Chapinero;No;NA;www.elcorral.com
239;26767;El Gato Gris;Carrera 1A No 12 B  - 12;342 17 16 - ;Candelaria;NR;NA;www.gatogris.com
240;27168;Carbon 100 Unicentro;Centro Comercial Unicentro Avenida 15 No 124  - 30 Local 408;213 08 99 - 674 05 28;Usaquen;No;NA;carbon100xilvestre.com.co
241;27200;Carbon 100 Avenida Chile;Calle 73 No 10 - 83 Local 409;248 92 81 - 674 05 28;Chapinero;No;NA;carbon100xilvestre.com.co
242;27201;Restaurante Wok;Centro Comercial Gran Estacion Avenida El Dorado No 62 - 49 Local 1-48;572 27 75 - ;Teusaquillo;NR;NA;www.wok.com.co
243;27237;Presto Word Trade Center;Carrera 11 No 98 - 46;610 29 04 - ;Chapinero;Si;6550 550;www.presto.com.co
244;27238;Presto Pepe Sierra;Calle 116 No 19 - 62;612 73 91 - ;Chapinero;Si;6550 550;www.presto.com.co
245;27239;Presto Calle 23;Carrera 7 No 22 - 95;243 73 70 - ;Santafe;Si;6550 550;www.presto.com.co
246;27240;Presto Palma Real;Carrera A 13 No 28 - 23 Local 1-A4;288 78 95 - ;Santafe;Si;6550 550;www.presto.com.co
247;27241;Presto Carrera 7;Carrera 7 No 12B - 72;342 10 41 - ;Candelaria;Si;6550 550;www.presto.com.co
248;27243;Presto Avenida Chile;Centro Comercial 'Avenida' Chile Calle 72 No 10 - 34 Plazoleta de Comidas;472 46 30 - ;Chapinero;Si;6550 550;www.presto.com.co
249;27244;Presto Calle. 85;Calle 85 No 12 - 61;616 98 45 - ;Chapinero;Si;6550 550;www.presto.com.co
250;27245;Burger Station San Martin - Presto San Martin;Carrera 7 No 31 - 70;323 21 36 - ;Santafe;Si;6550 550;www.presto.com.co
251;27247;Presto Landia;Calle 100 No 17 - 10;218 02 20 - ;Chapinero;Si;6550 550;www.presto.com.co
252;27249;Frisby G81;Centro Comercial Atlantis Plaza Calle 81 No 13 - 05 Local 404;01800939000 - ;Chapinero;Si;01 800 939 000;www.frisby.com.co
254;27252;KFC;Centro Comercial Atlantis Plaza Calle 81 No 13 - 05 Local 407;NR;Chapinero;Si;600 09 09;www.kfcbuenisimo.com/colombia
255;27307;Frisby H16;Centro Comercial Andino Carrera A 11 No 82 - 11  Local 419;01800939000 - ;Chapinero;Si;01 800 939 000;www.frisby.com.co
256;27308;Presto Colsubsidio Calle 26;Calle 26 No 25 - 50 Piso 2;338 43 44 - ;Teusaquillo;Si;6550 550;www.presto.com.co
257;27317;Frisby G48;Centro Comercial 'Avenida' Chile Calle 72 No 10 - 34 Local 405;249 27 19 - ;Chapinero;Si;01 800 939 000;www.frisby.com.co
258;27318;Frisby No 43;Centro Comercial Plaza de Las Americas Carrera 71 D No 6  - 94 Sur Local 29 - 02 ;01800939000 - ;Kennedy;Si;01 800 939 000;www.frisby.com.co
259;27319;Frisby No 50;Centro Comercial Salitre Plaza Carrera 68 B No 24 - 39 Local 384 ;01800939000 - ;Fontibon;Si;01 800 939 000;www.frisby.com.co
260;27339;KFC;Centro Comercial Salitre Plaza Carrera 68 B No 24 - 39 Local 377;NR;Fontibon;Si;600 09 09;www.kfcbuenisimo.com/colombia
261;27546;Paneroli;Centro Comercial Salitre Plaza Carrera 68 B No 24 - 39 Local 419 ;416 93 71 - ;Fontibon;Si;416 93 71;paneroli.com
262;27547;Paneroli-3;Centro Comercial Gran Estacion Avenida Avenida El Dorado No 62 - 49 Local 320A ;572 32 42 - ;Fontibon;No ;NA;paneroli.com
263;27548;Paneroli 3;Centro Comercial Unicentro Avenida 15 No 124 - 30  Local 419 ;213 07 00 - ;Usaquen;Si;213 07 00;paneroli.com
264;27623;MC Donalds Titan;Centro Comercial Titan Avenida Carrera 72 No 80 - 94;321 364 64 00;Engativa;No ;NA;www.mcdonalds.com.co
266;27833;Restaurante Gaudi;Carrera 4A No 27 - 54;342 71 83 - 321 219 67 83;Santafe;No;NA;www.Restaurantegaudi.com
267;27985;La Bonga del Sinu;Carrera 14 No 93  -  88;691 95 07 - 257 32 53;Chapinero;No ;NA;NR
269;28323;Hamburguesas el Corral ESSO 100;Calle 100 No 11 - 79 Local 8 y 9;NR;Chapinero;No;NA;www.elcorral.com
270;28391;Hamburguesas el Corral Plaza de Las Americas II;Centro Comercial Plaza de Las Americas Carrera 71 D No 6 - 94 Sur Local 1120;NR;Kennedy;No;NA;www.elcorral.com
274;28397;Papa Jhons Salitre;Calle 24 A No 69 C - 52;NR;Fontibon;NR;NA;www.papajohns.com.co
276;28423;Papa Jhons Galerias;Calle 52 No 23 - 06 /10;NR;Teusaquillo;NR;NA;www.papajohns.com.co
277;29564;Crepes & Waffles;Centro comercial Gran Estacion Avenida El Dorado No  62 - 49  Local 319-320 Esfera;676 76 00 Extension 760 - ;Teusaquillo;No ;NA;www.Crepesywaffles.com
278;29795;Cali Mio Centro Comercial Santafe;Centro Comercial Santafe Calle 185 No 45 03 Local 3 - 11;NR;Usaquen;Si;600 43 00;www.calimio.com.co
279;29796;LA Brasa Roja Hacienda Santa Barbara;Calle 114 No 6 A - 92 Local 108;NR;Usaquen;Si;600 45 65;labrasaroja.com
280;29801;La Brasa Roja Calle 67;Carrera 11 No 66 - 75;255 84 18 - ;Chapinero;Si;600 45 65;labrasaroja.com
281;29812;Don Jediondo Sopitas y Parrilla;Transversal 55 No 98 A - 66 Local 318;600 16 33 - ;Barrios Unidos;Si;600 16 33;www.donjediondo.com
282;29839;Don Jediondo Sopitas y Parrilla;Centro Comercial Plaza de Las Americas Carrera 71 D No 6 - 94 Sur Local 2913;413 76 20 - ;Kennedy;No;NA;www.donjediondo.com
283;29840;Don Jediondo Sopitas y Parrilla ;Centro Comercial Santafe Calle 185 No 45 - 03 LC 395;605 83 13 - ;Usaquen;Si;605 83 13;www.donjediondo.com
284;29891;Narcobollo 3;Carrera 20 No 116 - 14;637 70 96 - ;Usaquen;NR;NA;NR
285;29905;La Bonga del Sinu;Calle 116 No 16 -  89;521 94 18 - 521 94 94;Usaquen;NR;NA;labongadelsinu.co
286;29954;Diner Unicentro;Avenida 15 No 124 - 30 Local 2 142;213 02 45 - ;Usaquen;Si;213 02 45;NR
287;29956;Cafe Illy Unicentro;Centro Comercial Unicentro Avenida 15 No 124 - 30 Local 1 - 12;215 79 74 - ;Usaquen;NR;NA;www.illy.com
288;29959;Presto Puente Aereo;Calle 26 No 106 - 28 Puente Aereo ;413 92 45 - ;Fontibon;Si;6550 550;www.presto.com.co
289;30002;El Carnal;Centro Comercial Hacienda Santa Barbara Carrera 7 No 115 - 72 Local E-205;NR;Usaquen;No;NA;elcarnal.com.co
290;30003;El Carnal;Centro Comercial Santafe Calle 185 No 45 - 03 Local 3N-125;NR;Usaquen;No;NA;elcarnal.com.co
291;30004;El Carnal;Calle 85 No 13 -  20;NR;Chapinero;No;NA;elcarnal.com.co
292;30006;El Carnal;Centro Comercial Centro Mayor Calle 38 A Sur No 34 D - 51 Local  2114;NR;Antonio Nariño;No;NA;elcarnal.com.co
293;30007;El Carnal;Centro Comercial Plaza De Las Americas Carrera 71 D No 6 - 94 Sur Local 2910;NR;Kennedy;No;NA;elcarnal.com.co
294;30008;El Carnal;Centro Comercial Gran Estacion Avenida El Dorado No 62 - 49 Local 351;NR;Teusaquillo;No;NA;elcarnal.com.co
295;30009;El Carnal;Centro Comercial Unicentro Avenida 15 No 124 - 30 Local 4-10;NR;Usaquen;No;NA;elcarnal.com.co
296;30010;El Carnal;Calle 82 No 13 - 15;NR;Chapinero;No;NA;elcarnal.com.co
297;30011;Corral Gourmet Usaquen;Calle 119 B No 5 - 86;215 95 51 - ;Usaquen;NR;NA;www.elcorralgourmet.com
298;30022;Nueve ;Calle 70 A No 10 A - 18;248 70 73 - ;Chapinero;NR;NA;www.nueve.in
299;30182;KFC;Transversal 23 No 97 - 73;316 240 86 78 - ;Chapinero;Si;600 09 09;www.kfccolombia.com
300;30216;Don Jediondo Sopitas y Parrilla;Centro Comercial Calima Calle 19 No 28 - 80 Local R-7;487 51 36 - ;Los Martires;Si;487 51 36;www.donjediondo.com
301;30217;Don Jediondo Sopitas y Parrilla ;Centro Comercial Unicentro Avenida 15 No 124 - 30 Local 418;213 06 66 - ;Usaquen;Si;213 06 66;www.donjediondo.com
303;30219;Don Jediondo Gurme´s;Centro Comercial Calima Calle 19 No 28 - 80 Local C-31;487 49 94 - ;Los Martires;Si;487 51 36;www.donjediondo.com
304;30220;Don Jediondo Sopitas y Parrilla ;Centro Comercial Gran Estacion Avenida El Dorado No 62 - 49 Local 304;572 00 24 - 650 91 40;Teusaquillo;Si;572 00 24;www.donjediondo.com
305;30221;Don Jediondo Sopitas y Parrilla ;Carrera 7 No 32 - 70 Local 419;350 09 30 - ;Santafe;Si;350 09 30;www.donjediondo.com
306;30222;La Popular de Andres Contenedores;Centro Comercial Hacienda Santa Barbara Carrera 7 No 115 - 60 ;863 78 80 - 861 22 33;Usaquen;NR;NA;www.andrescarnederes.com
307;30223;Andres Expres Caseta de Luxe;Centro Comercial Salitre Plaza Carrera 68 B No 24 - 39 Local 391 ;416 82 67 - ;Fontibon;No ;NA;www.andrescarnederes.com
308;30224;Zatar;Carrera 5 No 69 - 15;317 98 74 - ;Chapinero;NR;NA;zatar.com.co
309;30618;Mc Donalds Calle 72;Carrera 9 No 71 - 31 /35;653 80 00 - ;Chapinero;NR;NA;www.mcdonalds.com.co
310;30728;La Popular de Andres Contenedores;Calle 93 B No 13 - 43;863 78 80 - 861 22 33;Chapinero;NR;NA;www.andrescarnederes.com
311;30764;PPC Pollo, Pizza, Carne;Calle 53 No 25 - 53;701 81 46 - 217 46 50;Teusaquillo;Si;359 91 00;www.ppc.com.co
312;30765;PPC Pollo, Pizza, Carne;Centro Comercial Centro Mayor Calle 38 A Sur No 34 D - 51 Local 114;NR;Antonio Nariño;No ;NA;www.ppc.com.co
313;30766;Mc Donalds Tunal;Calle 47 B Sur No 24 B - 33;653 80 00 - ;Tunjuelito;NR;NA;www.mcdonalds.com.co
314;30767;PPC Pollo, Pizza, Carne;Centro Comercial Plaza de Las Americas Carrera 71 D No 6  - 94 Sur Local 2525;413 76 60 - ;Kennedy;No ;NA;www.ppc.com.co
315;30768;PPC Pollo, Pizza, Carne;Transversal 35 No 38 A - 20 Sur  Local 2-122;335 06 00 - 733 34 87;Antonio Nariño;No ;NA;www.ppc.com.co
316;30769;PPC Pollo, Pizza, Carne;Centro Comercial Calima Avenida Calle 19 No 28 - 10 Local 28;487 82 01 - ;Los Martires;Si;359 91 00;www.ppc.com.co
317;30769;PPC Pollo, Pizza, Carne;Centro Comercial Calima Avenida Calle 19 No 28 - 80 Local C-29;487 82 01 - ;Los Martires;NR;NA;www.ppc.com.co
319;30770;PPC Pollo, Pizza, Carne;Centro Comercial Gran Estacion Avenida El Dorado No 62 - 49 Local 322 ;222 85 36 - ;Teusaquillo;NR;NA;www.ppc.com.co
321;30772;Sopas de Mama y Postres de la Abuela Sucursal Unicentro;Centro Comercial Unicentro Avenida 15 No 124 - 30 Local 1-060;658 48 98 - ;Usaquen;NR;NA;www.sopasypostres.com.co
322;31033;Bagatelle S.A.S.;Diagonal 70 A No 4 - 99;310 44 69 - ;Chapinero;Si;310 44 69;www.Bagatelle.com.co
323;31034;Bagatelle S.A.S.;Carrera 11 A No 94 - 45;256 16 19 - 634 71 59;Chapinero;Si;634 71 59;www.Bagatelle.com.co
324;31047;Sopas de Mama y Postres de la Abuela  Sucursal Centro Mayor;Centro Comercial Centro Mayor Calle 38 A Sur No 34 D - 50 Local 316;658 48 97 - ;Antonio Nariño;NR;NA;www.sopasypostres.com.co
325;31048;Sopas de Mama y Postres de la Abuela Sucursal Santafe;Centro Comercial Santafe Autopista Norte Calle 185 No 45 - 03 Local 366 ;658 48 96 - ;Usaquen;NR;NA;www.sopasypostres.com.co
326;31408;Andres Expres Caseta de Luxe;Centro Comercial Calima Avenida Calle 19 No 28 - 80 Local R 11 ;863 78 80 - ;Los Martires;NR;NA;www.andrescarnederes.com
327;31410;Andres Expres Caseta de Luxe;Calle 93 No 12 - 11 Local 11;863 78 80 - ;Chapinero;NR;NA;www.andrescarnederes.com
328;31411;Andres Expres Caseta de Luxe;Centro Comercial Centro Mayor Calle 38 A Sur No 34 D - 50 Local 2107 ;863 78 80 - ;Antonio Nariño;NR;NA;www.andrescarnederes.com
329;31413;Andres Expres Caseta de Luxe;Centro Comercial Iserra 100 Transversal 55 No 98 A - 96 Local 324 - 325 ;863 78 80 - ;Barrios Unidos;NR;NA;www.andrescarnederes.com
330;31414;Andres Expres Caseta de Luxe;Centro Comercial Unicentro Avenida 15 No 124 - 30 Local 401 ;863 78 80 - ;Usaquen;NR;NA;www.andrescarnederes.com
331;31415;Andres Expres Caseta de Luxe;Centro Comercial Portal de la 80 Transversal 100 A No 80 A - 20 Local N3-034 ;863 78 80 - ;Engativa;NR;NA;www.andrescarnederes.com
332;31416;Andres Expres Caseta de Luxe;Centro Comercial Unicentro de occidente Carrera 111 C No 86 - 05 Local 2-26 ;863 78 80 - ;Engativa;NR;NA;www.andrescarnederes.com
333;31455;1.492 Restaurante Latino;Carrera 12 No 83 - 11;257 28 53 - ;Chapinero;No;NA;www.1492restaurante.com
334;31478;Beer Station Usaquen ;Centro Comercial Titan Plaza AC 80 No 70F - 128  Local 403A;736 20 29 - ;Engativa;NR;NA;www.beerstation.com.co
336;31729;Crepes & Waffles;Calle 70 No 4 - 96;676 76 00 Extension 735  - ;Chapinero;NR;NA;www.Crepesywaffles.com
338;32252;Kokoriko Central Domicilios Usaquen;Calle 119 No 9 - 04;NR;Usaquen;Si;410 01 11;www.kokoriko.com.co
339;32254;Andres Expres Caseta de Luxe;Centro Comercial Platino Carrera 7 No 138 - 33 Local 309 ;863 78 80 - ;Usaquen;NR;NA;www.andrescarnederes.com
340;32255;Andres Expres Caseta de Luxe;Centro Comercial Plaza De Las Americas Carrera 71 D No 6 - 94 Sur Local 29 - 03 ;863 78 80 - ;Kennedy;NR;NA;www.andrescarnederes.com
341;32413;Cien Montaditos LA T;Carrera 13 No 83 - 24;621 90 51 - ;Chapinero;NR;NA;colombia.100montaditos.com
342;32414;Cien Montaditos Pepe Sierra;Calle 116 No 17 A - 60;621 90 51 - ;Usaquen;NR;NA;colombia.100montaditos.com
346;32844;Kokoriko Salitre Plaza;Centro Comercial Salitre Plaza Carrera 68 B No 24 - 39 Local 363;NR;Fontibon;Si;410 01 11;www.kokoriko.com.co
347;32845;Kokoriko Calima;Centro Comercial Calima Calle 18 No 28 - 80 ;NR;Los Martires;Si;410 01 11;www.kokoriko.com.co
348;32846;Mercado Cocina Local Sabor Consciente;Calle 93 A No 12 - 73;236 25 00 - ;Chapinero;NR;NA;www.mcdonalds.com.co
349;32847;Kokoriko Calle 71;Calle 71 No 9 - 06;NR;Chapinero;Si;410 01 11;www.kokoriko.com.co
350;32848;Kokoriko La Gran Estacion;Centro Comercial Gran Estacion Avenida El Dorado No 62 - 49 Local 319;NR;Teusaquillo;Si;410 01 11;www.kokoriko.com.co
351;32849;Kokorico Unicentro;Centro Comercial Unicentro Avenida 15 No 124 - 30  Local 242;NR;Usaquen;Si;410 01 11;www.kokoriko.com.co
352;32850;Kokoriko Restaurante Centro Mayor;Centro Comercial Centro Mayor Calle 38 A Sur No 34 D - 51  Local 2172 - 2172;NR;Antonio Nariño;Si;410 01 11;www.kokoriko.com.co
353;32851;Kokoriko Avenida Chile;Calle 72 No 10 - 30;NR;Chapinero;Si;410 01 11;www.kokoriko.com.co
354;32853;Kokoriko Andino;Centro Comercial Andino Carrera 11 No 82 - 71  Local 415 Piso 4;NR;Chapinero;Si;410 01 11;www.kokoriko.com.co
355;33068;Hamburguesas el Corral Calle 85;Calle 85 No 13 - 77;NR;Chapinero;No;NA;www.elcorral.com
356;33324;Uva;Carrera 13 No 94 A - 26 Local 3;703 10 97 - ;Chapinero;NR;NA;www.uvabar.co
357;33390;Il Magazzino Italiano;Calle 93 A No 13 A - 31 Local 01;610 29 00 - ;Chapinero;NR;NA;NR
358;33494;Hamburguesas del rodeo Calle 70;Carrera 11 No 70 - 66;519 08 88 - ;Chapinero;Si;519 09 99;www.hamburguesasdelrodeo.com
359;33531;Diana Garcia Chef en Movimiento;Calle 116 No 7 -  15 Local 3 Edificio Cusezar;522 84 94 - 523 12 20;Usaquen;Si;235 68 05;www.restaurantedianagarcia.com
360;33553;PPC Pollo, Pizza, Carne;Carrera 7 No 11 - 96 /98;310 349 85 95 - ;Candelaria;NR;NA;www.ppc.com.co
361;33554;PPC Pollo, Pizza, Carne;Avenida Jimenez No 7  - 45;341 3169 - ;Candelaria;NR;NA;www.ppc.com.co
362;33672;Sipote Burrito Parque de la 93;Carrera 11 A No 93 - 93 Local 101;644 77 88 - ;Chapinero;NR;NA;www.sipoteburrito.com
363;33773;Carbon 100 Gran Estacion;Centro Comercial Gran Estacion Avenida El Dorado No 62 - 49 Local 361;670 59 83 - ;Teusaquillo;NR;NA;carbon100xilvestre.com.co
364;33774;Carbon 100 Santafe;Centro Comercial Santafe Calle 185 No 45 - 03 Local 397;673 07 98 - ;Usaquen;NR;NA;carbon100xilvestre.com.co
365;33785;Las Cuatro Estaciones de Catalonia;Carrera 8 A No 98 - 38;256 93 09 - ;Chapinero;Si;2569309 Extension 109;NR
366;33889;Sr Choo;Carrera 13 No 83 - 34;600 09 60 - 218 52 34;Chapinero;Si;600 09 60;http://54.84.219.185/~srch4752/
368;34000;Subway Centro Comercial Calima;Centro Comercial Calima Avenida Calle 19 No 28 - 80 Local R-23;378 62 65 - ;Los Martires;Si;378 62 65;www.subwaycolombia.com
370;34031;Restaurante Indigo;Carrera 11 A No 93 B - 27;691 50 06 - 691 50 04;Chapinero;NR;NA;NR
372;34164;Apache Burger Bar;Avenida Carrera 11 No 93 - 77;635 19 16 - ;Chapinero;NR;NA;NR
373;34166;Chibchombia;Carrera 4 A No 26D - 90;284 87 39 - ;Santafe;NR;NA;NR
374;34167;Restaurante La Jugueteria 147;Avenida 19 No 147 - 30;300 08 69 - ;Usaquen;NR;NA;www.restaurantelajugueteria.com.co
375;34175;Le Cabrera;Carrera 12 A No 83 - 23;610 28 46 - ;Chapinero;NR;NA;NR
377;34250;Bogota Beer Company SAS;Centro Comercial Centro Mayor Calle 38 A Sur No 34 D - 51 Local 3051 Local 3052;3002729 - ;Antonio Nariño;NR;NA;www.bogotabeercompany.com
378;34251;Bogota Beer Company S A;Carrera 7 No 32  - 48;350 90 93 - ;Santafe;NR;NA;www.bogotabeercompany.com
379;34252;Bogota Beer Company ;Carrera 4 No 15 - 01;742 92 92 - ;Candelaria;NR;NA;www.bogotabeercompany.com
380;34253;Bogota Beer Company S A;Carrera 4 A No 27 - 04;742 92 92 Extension 3 Opcion 11 - ;Santafe;NR;NA;www.bogotabeercompany.com
381;34269;Harry's Bakery;Carrera 6 No 69 A - 34;349 11 64 - ;Chapinero;Si;349 11 64;www.harrysasson.com
382;34308;Restaurante Donde Chucho 93;Calle 93 B No 13 - 61 Local 2;300 08 58 - ;Chapinero;NR;NA;NR
383;34393;La Plaza de Andres;Centro Comercial Hacienda Santa Barbara Carrera 7 No 115 - 60 LC 303 - 304 - 305 - 306 - 307 - 308 ;863 78 80 - 861 22 33;Usaquen;NR;NA;www.andrescarnederes.com
384;34421;El Carnal;Centro Comercial San Martin Carrera 7 No 32  - 16 Local 402;NR;Santafe;No;NA;elcarnal.com.co
385;34435;Presto Santander;Carrera 7 No 16 - 49;341 01 37 - ;Santafe;Si;6550 550;www.presto.com.co
386;34467;Andres Expres Caseta De Luxe;Centro Comercial Cafam Floresta Avenida Carrera 68 No 90 - 88 Local 2 011 ;863 78 80 - ;Barrios Unidos;NR;NA;www.andrescarnederes.com
387;34468;Andres Expres Caseta De Luxe;Centro Comercial Avenida de Las Americas No 62 - 84 Local 388;863 78 80 - ;Puente Aranda;NR;NA;www.andrescarnederes.com
392;34801;Nolita;Carrera 13 No 85 - 25;610 00 80 - ;Chapinero;NR;NA;nolita.com.co
393;34920;La Hamburgueseria  El Chico;Calle 93 B No 11 A - 34;616 01 69 - 616 00 54;Chapinero;Si;600 09 69;www.lahamburgueseria.com
394;34921;La Hamburgueseria  La 85;Calle 85 No 12 - 49;610 20 01 - ;Chapinero;Si;600 09 69;www.lahamburgueseria.com
395;34923;La Hamburgueseria  Usaquen;Calle 118 No 6 A - 40;214 19 43 - 213 35 18;Usaquen;Si;600 09 69;www.lahamburgueseria.com
396;34925;La Hamburgueseria  Emaus;Calle 70 No 4 - 69;321 33 50 - 314 382 36 52;Chapinero;Si;600 09 69;www.lahamburgueseria.com