2;8251;Oma Barra de Cafe Bogota Puente Aereo;Avenida Calle 26 No 106 - 47 Primer Piso Diagonal Porteria 4 (Vuelos Nacionales de Avianca);NR;Fontibon;http://173.254.122.220/;AC 26 106 47;4.68993666711489;-74.1309584560854
6;14321;Hamburguesas el Corral Centro Internacional;Carrera 7 No 32 - 83 Local 102;NR;Santafe;www.elcorral.com;KR 7 32 83;4.61948292793323;-74.0681203458139
7;14324;Hamburguesas el Corral Hacienda;Centro Comercial Hacienda Santa Barbara Carrera 7 No 115 - 72 Local E-111;NR;Usaquen;www.elcorral.com;KR 7 115 72;4.69353450466796;-74.0330142786836
8;14325;Hamburguesas el Corral Calle 93;Calle  93A No 14 - 30;NR;Chapinero;www.elcorral.com;CL 93 A 14 30;4.677843409431563;-74.05077783344713
9;14333;Hamburguesas el Corral Plaza;Centro Comercial Plaza de Las 'Americas' Carrera 71 D  No 6 - 94 Sur  Local 2912;NR;Kennedy;www.elcorral.com;KR 71 D 6 94 SUR;4.618832129117629;-74.13531740938949
10;14335;Hamburguesas el Corral Pepe Sierra;Avenida 116 No 18B - 75;NR;Usaquen;www.elcorral.com;AV 116 18 B 75;4.69837068561794;-74.0493184421689
11;14336;Corral Gourmet Atlantis;Calle CL 80 No 13 - 48 Local 01-02;623 29 93 - ;Chapinero;www.elcorralgourmet.com;CL 80 13 48;4.66584661346398;-74.0559565022743
12;14337;Hamburguesas el Corral Atlantis;Calle 80 No 13 A - 20 Local 403;NR;Chapinero;www.elcorral.com;CL 80 13 A 20;4.66595262610519;-74.0561078965054
13;14339;Hamburguesas el Corral Calle 100;Calle 100 No 8 - 75 Primer Piso;NR;Chapinero;www.elcorral.com;CL 100 8 75;4.68063237074353;-74.0401945771218
14;14345;Hamburguesas el Corral Calle 71;Carrera 9 No 71 - 24;NR;Chapinero;www.elcorral.com;KR 9 71 24;4.65526829843717;-74.0573479370667
15;14346;Corral Gourmet 93;Calle 93 A No 12 - 57 Local 3 y 4;640 62 59 - ;Chapinero;www.elcorralgourmet.com;CL 93 A 12 57;4.67655200546123;-74.0489446451838
16;14350;Beer Station;Avenida Calle 116 No 15 - 59;215 48 00 - ;Usaquen;www.beerstation.com.co;AC 116 15 59;4.696288364775955;-74.04415467032156
17;14351;Corral Gourmet 116;Avenida Calle 116 No 15 - 65;215 31 55 - ;Usaquen;www.elcorralgourmet.com;AC 116 15 65;4.696342018751909;-74.04429771335073
18;14352;Hamburguesas el Corral Andino;Carrera 11 No 82 - 01 Local 405;NR;Chapinero;www.elcorral.com;KR 11 82 01;4.66568647132824;-74.0530700859559
19;14353;Beer Station Zona T;Calle 83 No 12 A - 63;236 93 20 - ;Chapinero;www.beerstation.com.co;CL 83 12 A 63;4.66762359793375;-74.0544756420672
20;14354;Hamburguesas el Corral Texaco 1;Carrera 7 No 69 - 26;NR;Chapinero;www.elcorral.com;KR 7 69 26;4.65162765496409;-74.0570948771978
21;14397;La Cigale;Calle 69 A No 4 - 93;249 68 39 - 212 77 85;Chapinero;www.lacigale.com.co;CL 69 A 4 93;4.65122518438671;-74.0550851659088
22;14419;Restaurante Casa Vieja San Diego;Carrera 10 No 26 - 60;284 73 59 - 281 01 90;Santafe;www.casavieja.com.co;KR 10 26 60;4.61245368491695;-74.0704177996688
23;14420;Crepes & Waffles;Carrera 11 No 85  - 79;676 76 00 Extension 701 - ;Chapinero;www.Crepesywaffles.com;KR 11 85 79;4.66850568420961;-74.0511963563504
24;14421;Crepes & Waffles;Carrera 13 No  28  -  08 Local 36;676 76 00 Extension 702 - ;Santafe;www.Crepesywaffles.com;KR 13 28 08;4.61552709629267;-74.0698357136256
25;14422;Crepes & Waffles;Calle 100 No 8 A - 55 Local 138 - 139;676 76 00 Extension 706 - ;Chapinero;www.Crepesywaffles.com;CL 100 8 A 55;4.6811721589181;-74.0412271476979
26;14427;Restaurante Casa Vieja;Avenida Jimenez No 3 - 57;342 67 52 - 334 89 08;Candelaria;www.casavieja.com.co;AV JIMENEZ 3 57;4.60057185704916;-74.0695491150855
27;14441;Crepes & Waffles;Avenida Calle 13 No 4 - 55;676 76 00 Extension 729 - ;Candelaria;www.Crepesywaffles.com;AC 13 4 55;4.60067263938946;-74.0705075668309
28;14444;Crepes & Waffles;Carrera 12A No 83  -  40;676 76 00 Extension 711 - ;Chapinero;www.Crepesywaffles.com;KR 12 A 83 40;4.667674813161353;-74.05361145649843
29;14445;Crepes & Waffles;Calle 93B No 12  -  28 Local 101;676 76 00 Extension 708 - ;Chapinero;www.Crepesywaffles.com;CL 93 B 12 28;4.677504832417166;-74.04834002395368
30;14477;Archies Usaquen;Carrera 6 A No 119 - 01;213 32 26 - ;Usaquen;www.archies.co;KR 6 A 119 01;4.695733866090773;-74.03113477138162
31;14480;Archies Pepe Sierra;Calle 116 No 17 - 13;637 00 38 - 310 235 19 95;Usaquen;www.archies.co;CL 116 17 13;4.69727653135356;-74.046365460087
32;14481;Archies Chico;Carrera 15 No 96 - 67;610 66 78 - ;Chapinero;www.archies.co;KR 15 96 67;4.6823960109801;-74.0491331966833
33;14482;Archies Calle 93;Calle 93 A No 11 - 49;530 45 20 - ;Chapinero;www.archies.co;CL 93 A 11 49;4.67576136511546;-74.0474303408506
34;14483;Archies Andino;Centro Comercial Andino Plaza Carrera 11 No 82 - 71 Piso 4 Local 406 ;236 27 35 - ;Chapinero;www.archies.co;KR 11 82 71;4.66628727998579;-74.0527013691487
35;14485;Archies Zona Rosa;Calle 82 No 13 - 07 ;610 91 62 - ;Chapinero;www.archies.co;CL 82 13 07;4.666852982674992;-74.05513354936602
36;14486;Archies Quinta Camacho;Calle 69 A No 10 - 03 ;321 23 04 - ;Chapinero;www.archies.co;CL 69 A 10 03;4.65384490652502;-74.0597499393738
37;14490;Archies Calle 71;Calle 71 No 4 - 55;235 11 74 - 545 10 33;Chapinero;www.archies.co;CL 71 4 55;4.653056462811931;-74.05405956731677
38;14491;Archies Centro Internacional;Carrera 7 No 27 - 80;NR;Santafe;www.archies.co;KR 7 27 80;4.614779405486607;-74.06898958141628
39;14587;Restaurante Cali Mio No 11;Carrera 70 B No 25 - 47 Sur;260 52 82 - ;Kennedy;www.calimio.com.co;KR 70 B 25 47 SUR;4.615906736911955;-74.13669580421629
40;14588;Restaurante Cali Mio;Calle 85 No 16 - 48 Local 1;256 37 48 - ;Chapinero;www.calimio.com.co;CL 85 16 48;4.67069447375447;-74.0561703055668
41;14599;Bogota Beer Company S A;Carrera 12 No 83 - 33;742 92 92 Extension 3 Opcion 1 - ;Chapinero;www.bogotabeercompany.com;KR 12 83 33;4.667525818817786;-74.05343768551677
42;14601;Bogota Beer Company;Carrera 11 A No 93 A - 94 ;742 92 92 Extension 3 Opcion 3 - ;Chapinero;www.bogotabeercompany.com;KR 11 A 93 A 94;4.67672704573345;-74.0473345705932
43;14602;Bogota Beer Company;Carrera 6 No 119 - 24;742 92 92 Extension 3 Opcion 4 - ;Usaquen;www.bogotabeercompany.com;KR 6 119 24;4.695649479147173;-74.03016042171406
44;14603;Bogota Beer Company;Avenida 19 No 120 - 76;742 92 92 Extension 3 Opcion 2 - ;Usaquen;www.bogotabeercompany.com;AV 19 120 76;4.70130594161552;-74.0493263726227
45;14604;Bogota Beer Company;Calle 85 No 13  - 06;742 92 92 Extension 3 Opcion 6 - ;Chapinero;www.bogotabeercompany.com;CL 85 13 06;4.66925353470931;-74.0537220542426
46;14618;El Ovejo Cafe;Carrera 14 No 83 - 70 Piso 2;611 24 96 - ;Chapinero;NR;KR 14 83 70;4.66870905569606;-74.054705979222
47;14630;Restaurante Wok;Carrera 9  69A -  63;212 01 67 - ;Chapinero;www.wok.com.co;KR 9 69 A 63;4.653516924538012;-74.0588210691481
48;14631;Restaurante Wok;Carrera 13  No 82 - 74;622 59 80 - ;Chapinero;www.wok.com.co;KR 13 82 74;4.66746536890273;-74.0545637451921
49;14632;Restaurante Wok;Avenida 19  No 118 - 75;213 88 54 - ;Usaquen;www.wok.com.co;AV 19 118 75;4.70020971138676;-74.0498347156527
50;14633;Restaurante Wok;Calle 93B No 12 - 28;236 49 39 - ;Chapinero;www.wok.com.co;CL 93 B 12 28;4.677504832417166;-74.04834002395368
51;14636;La Biferia;Calle 69 No 5 - 61;345 61 90 - 320 344 34 25;Chapinero;labiferia.squarespace.com;CL 69 5 61;4.65117929136493;-74.0561416033105
52;14643;Restaurante La Brasserie;Carrera 13 No 85 - 35;257 64 02 - 618 45 77;Chapinero;NR;KR 13 85 35;4.66944082246876;-74.0536200625282
53;14644;Restaurante Patria;Calle 83 No 12A - 11;236 98 54 - 621 06 82;Chapinero;NR;CL 83 12 A 11;4.667391194954562;-74.05428319105258
54;14645;Restaurante Dilucca;Carrera 13 No 85 - 32;236 73 01 - 257 42 69;Chapinero;NR;KR 13 85 32;4.669481248192435;-74.0533271627641
55;14646;Restaurante Niko Cafe;Carrera 13 No 83 - 48;610 80 90 - 610 81 02;Chapinero;NR;KR 13 83 48;4.66805969059623;-74.0542304246021
56;14647;Restaurante Museo del Oro;Calle 16 No 5 - 41;282 92 05 - 334 71 28;Santafe;NR;CL 16 5 41;4.60191393574091;-74.0717574389091
58;14650;La Fragata Restaurante Giratorio;Calle 100 No 8 A - 55 Piso 12;218 44 56 - ;Chapinero;www.lafragata.com;CL 100 8 A 55;4.6811721589181;-74.0412271476979
59;14651;Fish Market La Fragata Zona T;Carrera 13 No 83 - 18;691 24 19 - 257 97 43;Chapinero;www.lafragata.com;KR 13 83 18;4.667828972520734;-74.05423637085298
60;14660;Apolos Men;Calle 85 No 11 - 18;257 54 43 - 311 261 55 07;Chapinero;www.apolosmen.com.co;CL 85 11 18;4.66800774067971;-74.0515778134937
61;14665;Cotidiano Cafe Brasserie;Centro Comercial Andino Plaza Carrera 11 No 82 - 71 Local 402;654 54 54 - ;Chapinero;www.elcotidiano.com.co;KR 11 82 71;4.66628727998579;-74.0527013691487
62;14666;Salto del Angel;Carrera 13 No 93 A - 45;654 54 55 - ;Chapinero;www.saltodelangel.com.co;KR 13 93 A 45;4.677348062334457;-74.04922145136467
63;14667;Oliveto Pizza Gourmet;Carrera 5 No 70 - 26;212 65 70 - 212 08 07;Chapinero;www.olivetopizza.com / www.olivetopizzagourmet.com;KR 5 70 26;4.652063411250476;-74.05476557910185
64;14668;Oliveto Pizza Gourmet;Carrera 6A No 118  -  57;213 41 24 - 213 03 02;Usaquen;www.olivetopizza.com / www.olivetopizzagourmet.com;KR 6 A 118 57;4.695463448067765;-74.0312966972336
65;14669;El Olivar Restaurante;Carrera 6 No 10 - 40;283 29 64 - ;Candelaria;NR;KR 6 10 40;4.59709635241529;-74.0747561059421
69;14777;Hard Rock Cafe;Centro Comercial Atlantis Calle 81 No 13 - 05  Local 011;530 73 28 - 530 73 29;Chapinero;www.hardrock.com;CL 81 13 05;4.666068450990536;-74.05577266070479
70;14806;MC Donalds Parque 93;Carrera 12 No 93  - 86;618 24 28 - 311 561 08 60;Chapinero;www.mcdonalds.com.co;KR 12 93 86;4.676108676684855;-74.0484387517325
71;14807;MC Donalds Andino;Carrera 11 No 82 - 02 Local 355;616 89 90 - 311 491 31 72;Chapinero;www.mcdonalds.com.co;KR 11 82 02;4.66559173027952;-74.0529189329731
72;14809;MC Donalds Plaza de Las Americas;Centro Comercial Plaza de Las Americas Carrera 71 D No 6 - 94 Sur Local 1500;260 82 20 - 311 561 08 62;Kennedy;www.mcdonalds.com.co;KR 71 D 6 94 SUR;4.618832129117629;-74.13531740938949
73;14810;MC Donalds Pepe Sierra;Calle 116 No 18B  - 43;213 78 72 - 311 561 08 61;Usaquen;www.mcdonalds.com.co;CL 116 18 B 43;4.69831524475385;-74.0490414650202
74;14811;MC Donalds Avenida Jimenez;Avenida Jimenez No 7 - 25;243 94 91 - 311 491 31 75;Candelaria;www.mcdonalds.com.co;AV JIMENEZ 7 25;4.60140428965104;-74.0736522752908
75;14812;MC Donalds Atlantis;Centro Comercial Atlantis Calle 81 No 13 - 05 Local 311;531 19 14 - 311 491 31 73;Chapinero;www.mcdonalds.com.co;CL 81 13 05;4.666068450990536;-74.05577266070479
76;14813;MC Donalds Salitre;Centro Comercial Salitre Plaza Carrera 68 B No 24  - 39 Local 3-102/3-104;416 96 81 - 311 561 08 63;Fontibon;www.mcdonalds.com.co;KR 68 B 24 39;4.653382271318041;-74.10992482267676
77;14814;MC Donalds Ciudad Salitre;Carrera 68B No 24 - 30;405 98 99 - 311 491 31 76;Fontibon;www.mcdonalds.com.co;KR 68 B 24 30;4.652064323278294;-74.10893205673587
78;14892;Taqueria Calle 93;Calle 93 A No 11 - 49 Local 2;616 76 71 - 616 75 68;Chapinero;NR;CL 93 A 11 49;4.67576136511546;-74.0474303408506
79;14893;Taqueria Calle 116;Calle 116 No 15 - 44 LC 2;616 76 71 - 616 75 68;Chapinero;NR;CL 116 15 44;4.69665182399327;-74.043463866989
80;14914;Paneroli 1;Centro Comercial Andino Carrera 11 No  82 - 71 Local 414 ;236 23 58 - ;Chapinero;paneroli.com;KR 11 82 71;4.66628727998579;-74.0527013691487
81;15013;Oma Cafe Restaurante Bogota El Lago;Carrera 15 No 82 - 58;NR;Chapinero;http://173.254.122.220/;KR 15 82 58;4.66799265769654;-74.0561515291367
82;15014;Oma Cafe Restaurante Bogota Bavaria;Carrera 10 No 27 - 91 Interior 117 Torre B;NR;Santafe;http://173.254.122.220/;KR 10 27 91;4.61482057719578;-74.0695394253195
83;15015;Oma Cafe Restaurante Bogota Parque 93;Calle 93 A No 12 - 55;NR;Chapinero;http://173.254.122.220/;CL 93 A 12 55;4.67654369147338;-74.0489287273511
84;15016;Oma Cafe Restaurante Bogota Andino;Centro Comercial Andino Plaza Carrera 11 No 82 - 71 Local 347;NR;Chapinero;http://173.254.122.220/;KR 11 82 71;4.66628727998579;-74.0527013691487
85;15027;Oma Cafe Restaurante Bogota Zona T;Carrera 12 A No 83 - 49;NR;Chapinero;http://173.254.122.220/;KR 12 A 83 49;4.667951088331857;-74.05389875269127
86;15028;Oma Cafe Restaurante Bogota Gran Estacion;Centro Comercial Gran Estacion Avenida EL Dorado No 62 - 49 Local 157-158;NR;Teusaquillo;http://173.254.122.220/;AV EL DORADO 62 49;4.647832368830404;-74.10194027423034
87;15081;Donostia Cocina de Mercado;Calle 29 BIS No 5 - 84;287 39 43 - ;Santafe;NR;CL 29 BIS 5 84;4.61588330896012;-74.06732194318921
88;15204;Restaurante Felix;Avenida Jimenez No 4 - 80;341 72 11 - 284 09 95;Candelaria;NR;AV JIMENEZ 4 80;4.60080550599669;-74.0707297264009
89;15433;Tienda de Cafe;Calle 119 No 6 - 16;213 39 16 - 213 31 18;Usaquen;www.tiendadeCafe.net;CL 119 6 16;4.695553789180464;-74.03058979483714
90;15682;Tramonti;Carrera 1 No 70 - 50;218 24 00 - 636 19 95;Chapinero;www.tramonti.com.co;KR 1 70 50;4.65068291093331;-74.0521327122641
91;15758;Cotidiano Cafe Brasserie;Carrera 5 No 71 - 45 Local 104;654 54 54 - ;Chapinero;www.elcotidiano.com.co;KR 5 71 45;4.6537025014992635;-74.05417327739868
92;15881;Hamburguesas el Corral Parque Central Bavaria;Carrera 13 No 28 - 01 Local 173;NR;Santafe;www.elcorral.com;KR 13 28 01;4.61568052593084;-74.0699766368573
93;15882;Hamburguesas el Corral San Martin;Centro Comercial San Martin Carrera 7 No 32 - 16 Local 409;NR;Santafe;www.elcorral.com;KR 7 32 16;4.6187911434481;-74.0680148459726
94;15884;Corral Gourmet Zona G;Calle 69 A No 5 - 09;217 11 23 - ;Chapinero;www.elcorralgourmet.com;CL 69 A 5 09;4.651371260443724;-74.05551482794749
96;16239;Restaurante Gato Negro;Calle 93 A No 11 A - 47;622 33 15 - ;Chapinero;www.restaurantegatonegro.com.co;CL 93 A 11 A 47;4.676028571623538;-74.04828733356683
97;16463;Corral Gourmet La Candelaria;Calle 11 No 5 - 60;334 85 67 - ;Candelaria;www.elcorralgourmet.com;CL 11 5 60;4.59747436233786;-74.0740130807392
98;16701;LA Brasa Roja Pepe Sierra;Avenida 19 No 116 - 40;629 02 57 - ;Usaquen;labrasaroja.com;AV 19 116 40;4.69897635983;-74.0497128017131
99;16927;Sopas de Mama y Postres de la Abuela Sucursal el Retiro;Carrera 9 No 81 A - 09;658 48 90 - ;Chapinero;www.sopasypostres.com.co;KR 9 81 A 09;4.6644334574461865;-74.05155261165353
100;16928;Sopas de Mama y Postres de la Abuela - sucursal salitre;Avenida El Dorado No 68C - 61 Local 1-24;658 48 89 - ;Fontibon;www.sopasypostres.com.co;AV EL DORADO 68 C 61;4.65662365687163;-74.1061984992096
102;16931;Sopas de Mama y Postres de la Abuela Sucursal Quinta Camacho;Calle 71 No 10 - 73;658 48 95 - ;Chapinero;www.sopasypostres.com.co;CL 71 10 73;4.655962603754911;-74.05918566010794
103;16933;Sopas de Mama y Postres de la Abuela Sucursal Plaza de Bolivar;Carrera 9 No 10 - 59 ;658 48 94 - ;Candelaria;www.sopasypostres.com.co;KR 9 10 59;4.599163358848991;-74.07747116778596
104;17422;Restaurante Wok;Carrera 6 BIS 29 -  07;287 31 94 - ;Santafe;www.wok.com.co;KR 6 BIS 29 07;4.616130124236476;-74.06833520842378
105;17576;La Biferia;Calle 29 Bis No 6 - 12;245 83 88 - 314 414 24 03;Santafe;labiferia.squarespace.com;CL 29 BIS 6 12;4.61590656171572;-74.0675334734314
106;17692;Hamburguesas el Corral La Candelaria;Calle 11 No 2 - 16;NR;Candelaria;www.elcorral.com;CL 11 2 16;4.595704359878538;-74.07088389621903
107;17697;Hamburguesas el Corral Plaza 39;Avenida Calle 39 No 7 - 40 Local 233;NR;Chapinero;www.elcorral.com;AC 39 7 40;4.6263706332793335;-74.06590572213042
109;18235;Frisby G17;Calle 71 No 9 -  21 / 39 LC 1  Plazoleta Quinta de Camacho;01 800 939 000 - ;Chapinero;www.frisby.com.co;CL 71 9 21;4.65513403136615;-74.05795015810466
110;18694;Crepes & Waffles;Carrera 6 No 119  -  56;676 76 00 Extension 733 - ;Usaquen;www.Crepesywaffles.com;KR 6 119 56;4.695881797946535;-74.03000243497723
111;18832;Hamburguesas el Corral Avenida Chile;Calle 73 No 10 - 83 Local 6 y 7;NR;Chapinero;www.elcorral.com;CL 73 10 83;4.65794218746265;-74.0576241767637
113;19006;Osaki USAQUEN;Calle 118 No 6 A - 09;NR;Usaquen;www.osaki.com.co;CL 118 6 A 09;4.69493772713982;-74.0315360718227
114;19007;Central Cevicheria;Carrera 13 No 85 - 14;644 77 66 - ;Chapinero;www.centralcevicheria.com;KR 13 85 14;4.6692841098655675;-74.05343411877554
115;19008;Osaki;Calle 71 No 5 - 10;NR;Chapinero;www.osaki.com.co;CL 71 5 10;4.6534896122424225;-74.05422631227253
116;19009;Osaki  93;Carrera 11 A No 93 A - 46 Local 101;NR;Chapinero;www.osaki.com.co;KR 11 A 93 A 46;4.676336146448512;-74.04735206570163
117;19071;Abasto Cafe & Despensa;Carrera 6 A No 119 B 52;215 12 86 - 215 12 86;Usaquen;NR;KR 6 A 119 B 52;4.69667301622454;-74.0304894247675
118;19082;Andres D.C;Calle 82 No 12 - 21;863 78 80 - ;Chapinero;www.andrescarnederes.com;CL 82 12 21;4.666390141010465;-74.05449090132512
119;19118;Boca Cocina Latina;Carrera 10 No 27 - 51 Local 174 Edificio Residencias Tequendama Norte;596 79 99 - ;Santafe;www.bocacocinalatina.com;KR 10 27 51;4.61450419678762;-74.0696619581697
120;19123;Punto Rapido Puente Aereo;Avenida calle 26 No 106 - 28 Puente Aereo  Local 207;413 88 84 - ;Fontibon;NR;AC 26 106 28;4.692170884807782;-74.13397932248007
121;19200;Hamburguesas el Corral Parque 97;Avenida 19 No 97 - 05 Local 1-2;NR;Chapinero;www.elcorral.com;AV 19 97 05;4.68417014464865;-74.052524698806
122;19916;Diana Garcia Chef en Movimiento;Carrera 7 No 70 - 94;235 68 05 - 321 34 31;Chapinero;www.restaurantedianagarcia.com;KR 7 70 94;4.65342218133671;-74.0559901487123
123;20391;Brasa Roja Plaza De Las Americas;Centro Comercial Plaza de Las Americas Carrera 71 D No 6 - 94 Sur Local 2905;NR;Kennedy;labrasaroja.com;KR 71 D 6 94 SUR;4.618832129117629;-74.13531740938949
124;21038;Brasa Roja World Trade Center;Avenida Calle 100 No 8A - 55 Local 140/41/42;NR;Chapinero;labrasaroja.com;AC 100 8 A 55;4.6811721589181;-74.0412271476979
125;21289;El Carnal;Carrera 12 No 83  -  47;NR;Chapinero;elcarnal.com.co;KR 12 83 47;4.667591411908926;-74.053370896306
126;21311;TGI Fridays ;Calle 93A No 11 - 27;601 90 90 Extension 105 - ;Chapinero;www.fridayscolombia.com.co;CL 93 A 11 27;4.675587473845093;-74.04743974761215
127;21515;Brasa Roja Centro Comercial San Martin;Centro Comercial San Martin Carrera 7 No 32 - 16 Local 404;NR;Santafe;labrasaroja.com;KR 7 32 16;4.6187911434481;-74.0680148459726
128;21570;La Despensa de Rafael;Calle 70 A No 9 - 95;235 88 91 - 248 19 97;Chapinero;www.rafaelosterling.pe/es/la-despensa.html;CL 70 A 9 95;4.65495173634965;-74.0586881998367
129;21571;Rafael Restaurant;Calle 70 No 4 - 63;255 41 38 - ;Chapinero;www.rafaelosterling.pe/es/bogota.html;CL 70 4 63;4.65147248266212;-74.05473723243803
130;21587;Restaurante 69 Oyster Bar;Calle 69A No 5 - 59 Interior 1;249 04 26 - ;Chapinero;NR;CL 69 A 5 59;4.651586376597388;-74.05587085138211
132;21658;Hamburguesas el Corral Edificio Continental;Avenida Jimenez No 4 - 16 Local 21 Mezzanine;NR;Candelaria;www.elcorral.com;AV JIMENEZ 4 16;4.60097427371671;-74.0702588642085
133;21678;teriyki Sushi Bar;Carrera 13 No 93 - 71;617 02 54 - ;Chapinero;www.teriyaki.com.co;KR 13 93 71;4.67615266323728;-74.0496415380801
134;21679;teriyki Thai;Carrera 13 No 83 - 66;618 15 19 - ;Chapinero;www.teriyaki.com.co;KR 13 83 66;4.668227803287118;-74.05400263896782
135;21680;teriyki 69;Calle 69 A No 5 - 79;321 02 15 - ;Chapinero;www.teriyaki.com.co;CL 69 A 5 79;4.651723620498515;-74.05609897442449
136;21758;Crepes & Waffles;Avenida calle 39 No 7  -  40 Local 137;676 76 00 Extension 732 - ;Chapinero;www.Crepesywaffles.com;AC 39 7 40;4.6263706332793335;-74.06590572213042
137;21935;La Plaza De Andres;Calle 82 No 12  -  21;863 78 80 - ;Chapinero;www.andrescarnederes.com;CL 82 12 21;4.666390141010465;-74.05449090132512
138;22075;El CoQ;Calle 84 BIS No 14 - 02;610 80 36 - ;Chapinero;NR;CL 84 BIS 14 02;4.669176581170246;-74.05466401149232
139;22089;Marfalitos;Calle 12 No 7 - 32 Piso 4;334 19 26 - 282 39 21;Candelaria;NR;CL 12 7 32;4.599645313500862;-74.07513172711948
140;22096;Hamburguesas el Corral Torre Cuzesar;Avenida Calle 116 No 7 - 15 Interior 2;NR;Usaquen;www.elcorral.com;AC 116 7 15;4.69364778036101;-74.0335834766166
141;22109;Papa Jhons Pepe Sierra;Calle 116 No 18 B - 40;NR;Usaquen;www.papajohns.com.co;CL 116 18 B 40;4.69862590662019;-74.0489498218991
142;22158;Restaurante Agadon;Carrera 13 No 85 - 75;742 53 99 - 742 53 97;Chapinero;NR;KR 13 85 75;4.66975680809443;-74.0534478528926
143;22207;Restaurante Casa;Carrera 13 No 85 - 24;236 37 55 - 704 46 06;Chapinero;NR;KR 13 85 24;4.669383135123889;-74.05337954352753
144;22306;Brasa Roja Centro Comercial Avenida Chile;Centro Comercial 'Avenida' Chile Calle 72 No 10 -  34 Local 403 B;NR;Chapinero;labrasaroja.com;CL 72 10 34;4.65681404753539;-74.0578542596714
145;22431;Criterion;Calle 69 A No 5 - 75;310 13 77 - 314 293 41 92;Chapinero;www.criterion.com.co;CL 69 A 5 75;4.651671231820454;-74.05601237060739
146;22432;Bogota Beer Company;Carrera 5 No 71 - 75;742 92 92 Extension 3 Opcion 7 - ;Chapinero;www.bogotabeercompany.com;KR 5 71 75;4.65373661058354;-74.0540680569886
147;22434;Bogota Beer Company S A;Calle 116 No 16 - 78 ;742 92 92 Extension 3 Opcion 10 - ;Usaquen;www.bogotabeercompany.com;CL 116 16 78;4.69755397020789;-74.0458285690806
148;22454;Isola;Carrera 12 A No 83 - 30;530 06 78 - ;Chapinero;www.isolarestaurante.com;KR 12 A 83 30;4.667604956565646;-74.05366919474389
149;22457;Harrys Restaurante;Calle 70 No 5 - 57;321 39 40 - 345 03 04;Chapinero;www.harrysasson.com;CL 70 5 57;4.65206236469689;-74.0555279605527
151;22604;Amarti;Calle 119 No 6 - 24;214 90 17 - 214 9184;Usaquen;NR;CL 119 6 24;4.695621682446425;-74.03064454254367
152;22605;7 16 Steak House;Calle 119 B No 6 - 28;213 42 71 - ;Usaquen;NR;CL 119 B 6 28;4.6962716165720675;-74.03021416163912
153;22606;Koi By Wathacushi ;Calle 119 No 6 A - 17;213 39 19 - ;Usaquen;NR;CL 119 6 A 17;4.695552663050613;-74.0312671298899
154;22607;Cafe Renault;Calle 93 B No 11A - 84 Local 101;621 15 38 - ;Chapinero;NR;CL 93 B 11 A 84;4.677317137251387;-74.04797958246132
155;22609;Wata Kushi;Carrera 12 No 83 - 17;218 07 43 - 218 05 34;Chapinero;NR;KR 12 83 17;4.667391692280948;-74.05356245901447
156;22611;Cafe Illy 87;Carrera 15 No 87 - 98;236 67 85 - ;Chapinero;www.illy.com;KR 15 87 98;4.67251942084605;-74.0539570599122
157;22612;Piazza;Calle 83 12 - 26;257 20 88 - ;Chapinero;NR;CL 83 12 26;4.66730498082306;-74.0537485516928
158;22613;Luna Restaurante;Calle 83 No 12 - 26;257 20 88 - ;Chapinero;NR;CL 83 12 26;4.66730498082306;-74.0537485516928
159;22614;Il Panino;Calle 93 A No 11 A - 26 /30;616 01 41 - ;Chapinero;NR;CL 93 A 11 A 26;4.67616252704612;-74.0479324108772
160;22667;Diner Parque de la 93;Carrera 11 A No 93B - 11;616 01 93 - ;Chapinero;NR;KR 11 A 93 B 11;4.67685256273092;-74.0473491385833
161;22668;La Hamburgueseria De La Macarena;Carrera 4 A No 27 - 27;281 12 86 - 284 88 86;Santafe;www.lahamburgueseria.com;KR 4 A 27 27;4.61412222971161;-74.0663625982815
162;22845;Restaurante Wok;Carrera 6A  117 -  02;213 44 36 - ;Usaquen;www.wok.com.co;KR 6 A 117 02;4.694402859952793;-74.03164293617034
163;23310;Hamburguesas del rodeo;Carrera 7 No 13 - 41 Interior 101;519 08 88 - ;Candelaria;www.hamburguesasdelrodeo.com;KR 7 13 41;4.60037268450802;-74.0741950141232
164;23409;Pesquera Jaramillo SUC. CHICO;Calle 93 A No 11 A - 31;257 25 28 - 256 54 94;Chapinero;www.pesquerajaramillo.com;CL 93 A 11 A 31;4.675952682515625;-74.04814388477232
165;23805;Restaurante Casa Vieja Usaquen;Carrera 6 No 117 - 35;213 32 46 - 637 48 20;Usaquen;www.casavieja.com.co;KR 6 117 35;4.69435980189405;-74.0309641678586
166;23878;La Biferia;Calle 29 Bis No 6 - 12;245 83 88 - 314 414 24 03;Santafe;labiferia.squarespace.com;CL 29 BIS 6 12;4.61590656171572;-74.0675334734314
167;23891;La Romana Carrera 7;Carrera 7 No 19 - 48;283 27 30 - ;Santafe;www.laromana.com.co;KR 7 19 48;4.60567979176066;-74.0713459298124
168;23892;Cafeteria Romana;Avenida Jimenez No  6 - 65;334 81 35 - ;Candelaria;NR;AV JIMENEZ 6 65;4.60105530329235;-74.0730488958111
169;24214;Restaurante Donde Chucho   ;Calle 84 Bis No 13 - 43;703 66 41 - ;Chapinero;NR;CL 84 BIS 13 43;4.668697220692575;-74.05451166347298
170;24254;Galeria Cafe Libro Restaurante Bar;Carrera 11 A No 93 - 42;218 34 35 - ;Chapinero;www.galeriacafelibro.com.co;KR 11 A 93 42;4.675185996226946;-74.04793619227132
171;24344;Ristorante Bellini;Carrera 13 No 83 - 52;236 44 01 - 636 90 03;Chapinero;www.bellinirestaurante.com;KR 13 83 52;4.668138122993731;-74.05404999483628
172;24345;Trattoria Bellini;Carrera 13 No 28 A - 31 Piso 3;288 85 60 - 288 88 73;Santafe;www.belliniRestaurante.com;KR 13 28 A 31;4.616629991639838;-74.06936491842143
173;24346;Aracataca Colombian Steakhouse;Carrera 13 No 28 A - 31 Local 101;288 85 64 - 288 88 73;Santafe;www.restaurantearacataca.com;KR 13 28 A 31;4.616629991639838;-74.06936491842143
174;24420;Papa Jhons Avenida Chile;Carrera 9 No 71 - 60 /64;NR;Chapinero;www.papajohns.com.co;KR 9 71 60;4.6554614579427875;-74.05714778090059
175;25297;La Mar Cebiche ria Peruana ;Calle 119 B No 6 - 01;629 21 77 - ;Usaquen;www.lamarcebicheria.com;CL 119 B 6 01;4.695966115670056;-74.03027650699674
176;25359;MC Donalds Gran Estacion;Centro Comercial Gran Estacion Avenida El Dorado No 62 - 49 Local 3-36;572 65 89 - 311 561 08 67;Teusaquillo;www.mcdonalds.com.co;AV EL DORADO 62 49;4.647832368830404;-74.10194027423034
177;25360;MC Donalds Centro Internacional;Carrera 10 No 26 - 55 /57 Edificio Bachue;341 28 27 - 321 427 08 08;Santafe;www.mcdonalds.com.co;KR 10 26 55;4.61266982250689;-74.0706326347421
178;25361;MC Donalds Usaquen;Calle 118 No 6A - 76;637 84 81 - 320 307 99 26;Usaquen;www.mcdonalds.com.co;CL 118 6 A 76;4.695364322944483;-74.03192829760478
179;25608;Papa Jhons USAQUEN;Calle 121 No 6 - 11;NR;Usaquen;www.papajohns.com.co;CL 121 6 11;4.697128697985278;-74.02968594137212
180;25621;Restaurantes Brasa Brasil ;Calle 118 No 19 – 12;214 20 25 - 214 80 64;Usaquen;www.brasabrasil.com;CL 118 19 12;4.699727665712855;-74.05008112428999
181;25652;Restaurante BAR Museo del Tequila;Carrera 13 A No 86 A - 18;256 66 14 - ;Chapinero;www.museodeltequila.com.co;KR 13 A 86 A 18;4.6706927130933265;-74.05331765403363
182;25664;Crepes & Waffles;Calle 81 No 13  -  05 Local 414;676 76 00 Extension 745 - ;Chapinero;www.Crepesywaffles.com;CL 81 13 05;4.666068450990536;-74.05577266070479
183;25665;Crepes & Waffles;Centro Comercial Plaza de Las Americas Carrera 71D No 6  -  94 Sur Local 1092;676 76 00 Extension 749 - ;Kennedy;www.Crepesywaffles.com;KR 71 D 6 94 SUR;4.618832129117629;-74.13531740938949
184;25666;Crepes & Waffles;Carrera 9 No 73  –  33;676 76 00 Extension 707 - ;Chapinero;www.Crepesywaffles.com;KR 9 73 33;4.657502885784205;-74.05616470940258
185;25667;Crepes & Waffles;Avenida 19 No 120 - 16;676 76 00 Extension 703 - ;Usaquen;www.Crepesywaffles.com;AV 19 120 16;4.70077094344547;-74.049416825306
186;25668;Crepes & Waffles;Centro comercial Salitre Plaza Carrera 68 B No 24 - 39  Local 324;676 76 00 Extension 709 - ;Fontibon;www.Crepesywaffles.com;KR 68 B 24 39;4.653382271318041;-74.10992482267676
187;25669;Crepes & Waffles;Carrera 7 No 32  -  84 Local 210;676 76 00 Extension 730 - ;Santafe;www.Crepesywaffles.com;KR 7 32 84;4.61936722169614;-74.0678063452205
188;25691;Restaurante Lomos;Carrera 21 No 100 - 23;256 33 15 - 218 24 50;Usaquen;NR;KR 21 100 23;4.686877688772718;-74.05464200959567
189;25702;Sipote Burrito;Centro Comercial Andino Carrera 11 No 82 - 71 Local 403;644 77 88 - ;Chapinero;www.sipoteburrito.com;KR 11 82 71;4.66628727998579;-74.0527013691487
190;25766;Hamburguesas el Corral Quinta de Bolivar;Calle 19 A No 04 - 08 Este;NR;Candelaria;www.elcorral.com;CL 19 A 04 08 ESTE;4.602114865790719;-74.06425862327144
191;25767;Hamburguesas el Corral Javeriana;Calle 41 No 7 - 29;NR;Chapinero;www.elcorral.com;CL 41 7 29;4.628587725695377;-74.06545699533119
192;25768;Hamburguesas el Corral Salitre;Centro Comercial Salitre Plaza Carrera 68 B No 24 - 39 Local 371;NR;Fontibon;www.elcorral.com;KR 68 B 24 39;4.653382271318041;-74.10992482267676
193;25770;Corral Gourmet Salitre;Centro Comercial Salitre Plaza Carrera 68 B No 24 - 39 Local 355;416 93 64 - ;Fontibon;www.elcorralgourmet.com;KR 68 B 24 39;4.653382271318041;-74.10992482267676
194;25785;La Bottega De Andrei ;Calle 119 B No 6 A - 18;214 01 87 - ;Usaquen;NR;CL 119 B 6 A 18;4.696427261007077;-74.0308608965848
195;25786;Restaurante Mediterranea De Andrei;Carrera 6 A No 119 B - 05;612 90 59 - 629 82 79;Usaquen;www.mediterraneadeandreiusaquen.com;KR 6 A 119 B 05;4.69632829243679;-74.0307464660213
196;25909;Gaira Cafe;Carrera 13 No 96 - 11;746 26 96 - ;Chapinero;www.gairacafe.co;KR 13 96 11;4.68061833931251;-74.0476115227831
197;26068;Archies Santafe;Centro Comercial Santafe Calle 185 No 45 - 03 Local N3-063 ;605 82 32 - ;Usaquen;www.archies.co;CL 185 45 03;4.7622957876101015;-74.04639970687683
198;26070;Archies Salitre;Avenida El Dorado No 62 - 49 Local 318;571 81 38 - 572 23 43;Teusaquillo;www.archies.co;AV EL DORADO 62 49;4.647832368830404;-74.10194027423034
199;26318;Hamburguesas el Corral Santafe ;Centro Comercial Santafe Calle 185 No 45 - 03 Local 381;NR;Usaquen;www.elcorral.com;CL 185 45 03;4.7622957876101015;-74.04639970687683
200;26319;Hamburguesas el Corral Gran Estacion;Centro Comercial Gran Estacion Avenida El Dorado No 62 - 49 Local 314 - 315;NR;Teusaquillo;www.elcorral.com;AV EL DORADO 62 49;4.647832368830404;-74.10194027423034
201;26320;Hamburguesas el Corral Gran Estacion II;Centro Comercial Gran Estacion Avenida El Dorado No 62 - 49 Local 350;NR;Teusaquillo;www.elcorral.com;AV EL DORADO 62 49;4.647832368830404;-74.10194027423034
202;26321;Hamburguesas el Corral Unicentro II;Centro Comercial Uncientro Avenida 15 No 124 - 30  Local  409;NR;Usaquen;www.elcorral.com;AV 15 124 30;4.70250909655203;-74.0426948404371
203;26322;Hamburguesas el Corral Centro Mayor II;Centro Comercial Centro Mayor  Calle 38 A Sur No 34 D - 51 Local 3024 A;NR;Antonio Nariño;www.elcorral.com;CL 38 A SUR 34 D 51;4.5929137574037;-74.1230882912499
204;26323;Hamburguesas el Corral Iserra;Centro Comercial Iserra 100 Transversal 55 No 98 A - 66 Local 315;NR;Barrios Unidos;www.elcorral.com;TV 55 98 A 66;4.687972546289456;-74.06423013405586
205;26324;Hamburguesas el Corral GALERIAS;Calle 52 No 24 - 12;NR;Chapinero;www.elcorral.com;CL 52 24 12;4.640907832800041;-74.07429682310247
206;26325;Hamburguesas el Corral Unicentro I;Centro Comercial Unicentro Avenida 15 No 124 - 30  Local 2078;NR;Usaquen;www.elcorral.com;AV 15 124 30;4.70250909655203;-74.0426948404371
207;26326;Hamburguesas el Corral Calima;Centro Comercila Calima Avenida Calle 19 No 28 - 80 Local C-30;NR;Los Martires;www.elcorral.com;AC 19 28 80;4.61720624799301;-74.0867101542629
208;26327;Hamburguesas el Corral Carulla Galerias;Calle 53 No 26 - 60;NR;Chapinero;www.elcorral.com;CL 53 26 60;4.64218427161415;-74.0758418149872
209;26328;Hamburguesas el Corral Bulevar Niza;Avenida Carrera 58 No 127 - 59 Local 318 - 319 - 320;NR;Suba;www.elcorral.com;AK 58 127 59;4.71225330535868;-74.07137079814447
210;26329;Hamburguesas el Corral Centro Mayor I;Centro Comercial Centro Mayor Calle 38 A Sur No 34 D - 51 Local 2 -101 y 2 - 102;NR;Antonio Nariño;www.elcorral.com;CL 38 A SUR 34 D 51;4.5929137574037;-74.1230882912499
211;26330;Corral Gourmet Gran Estacion;Centro Comercial Gran Estacion Avenida El Dorado No 62 - 49 Local  343;221 41 91 - ;Teusaquillo;www.elcorralgourmet.com;AV EL DORADO 62 49;4.647832368830404;-74.10194027423034
212;26331;Corral Gourmet Santa Ana;Avenida Carrera 9 No 110 - 50 Local 303;637 86 50 - ;Usaquen;www.elcorralgourmet.com;AK 9 110 50;4.6906814103383185;-74.03675457677565
213;26332;Hamburguesas el Corral Santafe II;Centro Comercial Santafe Calle 183 No 45 - 03 Local 3-102;NR;Usaquen;www.elcorral.com;CL 183 45 03;4.75974050229424;-74.0446835154801
214;26333;Hamburguesas el Corral Americas;Avenida Americas No 39 - 24;NR;Puente Aranda;www.elcorral.com;AV AMERICAS 39 24;4.62646160108368;-74.0939858735611
215;26356;La Brasa Roja Gran Estacion;Centro Comercial Gran Estacion Avenida El Dorado No 62 - 49 Local 302;NR;Teusaquillo;labrasaroja.com;AV EL DORADO 62 49;4.647832368830404;-74.10194027423034
216;26357;La Brasa Roja Centro Comercial Santafe;Centro Comercial Santafe Calle 185 No 45 - 03 Local 392;NR;Usaquen;labrasaroja.com;CL 185 45 03;4.7622957876101015;-74.04639970687683
217;26364;MC Donalds Bulevar Niza;Avenida Carrera 58 No 127 - 59 Local  2128/2129;613 46 65 - 313 870 63 40;Suba;www.mcdonalds.com.co;AK 58 127 59;4.71225330535868;-74.07137079814447
218;26365;MC Donalds Santafe;Centro Comercial Santafe Calle 183 No 45 - 03 Local 3-121;600 65 07 - 312 588 95 17;Usaquen;www.mcdonalds.com.co;CL 183 45 03;4.75974050229424;-74.0446835154801
219;26366;MC Donalds Unicentro;Centro Comercial Unicentro Avenida 15 No 124 - 30 Local 1-65;629 15 55 - 311 561 08 64;Usaquen;www.mcdonalds.com.co;AV 15 124 30;4.70250909655203;-74.0426948404371
220;26367;Mc Donalds GALERIA 2;Calle 53 No 25 - 30;653 80 00 - ;Teusaquillo;www.mcdonalds.com.co;CL 53 25 30;4.64199012381569;-74.0747396722234
221;26368;MC Donalds Calima;Centro Comercial Calima Avenida Calle 19 No 28 - 10 Local C27;378 61 26 - 311 554 90 00;Los Martires;www.mcdonalds.com.co;AC 19 28 10;4.61689687719036;-74.0864298501031
222;26369;MC Donalds Centro Mayor;Centro Comercial Centro Mayor Calle 38 A Sur No 34 D - 51 Local 2115 B-C;734 03 46 - 321 241 40 16;Antonio Nariño;www.mcdonalds.com.co;CL 38 A SUR 34 D 51;4.5929137574037;-74.1230882912499
223;26425;Lina's Sandwiches;Centro Comercial Andino Carrera 11 No 82 - 71 Local 150;616 85 85 - ;Chapinero;NR;KR 11 82 71;4.66628727998579;-74.0527013691487
224;26437;Crepes & Waffles;Carrera 24 No 53  - 73 Local 103;676 76 00 Extension 739 - ;Teusaquillo;www.Crepesywaffles.com;KR 24 53 73;4.64244567164266;-74.073938027213
225;26438;Crepes & Waffles;Avenida Carrera 58 No 127 - 59 Local 25 - 335;676 76 00 Extension 704 - ;Suba;www.Crepesywaffles.com;AK 58 127 59;4.71225330535868;-74.07137079814447
226;26439;Crepes & Waffles;Avenida Carrera 9 No 110 - 50 Local 304/305;676 76 00 Extension 723 - ;Usaquen;www.Crepesywaffles.com;AK 9 110 50;4.6906814103383185;-74.03675457677565
227;26440;Crepes & Waffles;Centro Comercial Calima Avenida Calle 19 No 28 - 80 Local C32;676 76 00 Extension 755 - ;Los Martires;www.Crepesywaffles.com;AC 19 28 80;4.61720624799301;-74.0867101542629
228;26441;Crepes & Waffles;Centro comercial Gran Estacion Avenida El Dorado No  62 - 49 Local 321;676 76 00 Extension 726 - ;Teusaquillo;www.Crepesywaffles.com;AV EL DORADO 62 49;4.647832368830404;-74.10194027423034
229;26442;Crepes & Waffles;Centro Comercial Centro Mayor Calle 38 A Sur No 34 D - 51 Plaza del Equilibrista Piso 2;676 76 00 Extension 751 - ;Antonio Nariño;www.Crepesywaffles.com;CL 38 A SUR 34 D 51;4.5929137574037;-74.1230882912499
230;26443;Crepes & Waffles;Centro comercial Santafe Calle 185 No 45 - 03 Local 357;676 76 00 Extension 725 - ;Usaquen;www.Crepesywaffles.com;CL 185 45 03;4.7622957876101015;-74.04639970687683
231;26444;Crepes & Waffles;Carrera 15 No 124  -  30 Local 1089;676 76 00 Extension 705 - ;Usaquen;www.Crepesywaffles.com;KR 15 124 30;4.70250909655203;-74.0426948404371
232;26477;Enchiladas Cocina Mexicana;Calle 10 No 2 - 12;286 03 12 - 315 311 16 46;Candelaria;enchiladascandelaria.com;CL 10 2 12;4.594676470588791;-74.0715000895527
233;26478;Tabula;Calle 29 BIS No 5 - 90;287 72 28 - 285 88 75;Santafe;NR;CL 29 BIS 5 90;4.615910944083655;-74.06738267382543
234;26523;Capital Cocina Y Cafe;Calle 10 No 2 - 99;342 04 26 - ;Candelaria;NR;CL 10 2 99;4.5950799188554745;-74.07238729011668
235;26524;T-Bone;Carrera 4 No 12 C - 34;283 59 89 - ;Candelaria;restaurante-tbone.co;KR 4 12 C 34;4.59942097037751;-74.0708958539972
236;26541;Papa Jhons Centro Mayor;Centro Comercial Centro Mayor Calle 38 A Sur No 34 D - 51 Local 3024;NR;Antonio Nariño;www.papajohns.com.co;CL 38 A SUR 34 D 51;4.5929137574037;-74.1230882912499
238;26543;Hamburguesas el Corral Calle 90;Carrera 18 No 89 - 38;NR;Chapinero;www.elcorral.com;KR 18 89 38;4.675304216230521;-74.05524529074032
239;26767;El Gato Gris;Carrera 1A No 12 B  - 12;342 17 16 - ;Candelaria;www.gatogris.com;KR 1 A 12 B 12;4.59766693157217;-74.0692185557933
240;27168;Carbon 100 Unicentro;Centro Comercial Unicentro Avenida 15 No 124  - 30 Local 408;213 08 99 - 674 05 28;Usaquen;carbon100xilvestre.com.co;AV 15 124 30;4.70250909655203;-74.0426948404371
241;27200;Carbon 100 Avenida Chile;Calle 73 No 10 - 83 Local 409;248 92 81 - 674 05 28;Chapinero;carbon100xilvestre.com.co;CL 73 10 83;4.65794218746265;-74.0576241767637
242;27201;Restaurante Wok;Centro Comercial Gran Estacion Avenida El Dorado No 62 - 49 Local 1-48;572 27 75 - ;Teusaquillo;www.wok.com.co;AV EL DORADO 62 49;4.647832368830404;-74.10194027423034
243;27237;Presto Word Trade Center;Carrera 11 No 98 - 46;610 29 04 - ;Chapinero;www.presto.com.co;KR 11 98 46;4.68122235129336;-74.043945376579
244;27238;Presto Pepe Sierra;Calle 116 No 19 - 62;612 73 91 - ;Chapinero;www.presto.com.co;CL 116 19 62;4.69888340912494;-74.05046738815
245;27239;Presto Calle 23;Carrera 7 No 22 - 95;243 73 70 - ;Santafe;www.presto.com.co;KR 7 22 95;4.60887336358636;-74.070597374786
246;27240;Presto Palma Real;Carrera A 13 No 28 - 23 Local 1-A4;288 78 95 - ;Santafe;www.presto.com.co;KR 13 28 23;4.61574700167365;-74.0698718456159
247;27241;Presto Carrera 7;Carrera 7 No 12B - 72;342 10 41 - ;Candelaria;www.presto.com.co;KR 7 12 B 72;4.6004993673945;-74.0738587980402
248;27243;Presto Avenida Chile;Centro Comercial 'Avenida' Chile Calle 72 No 10 - 34 Plazoleta de Comidas;472 46 30 - ;Chapinero;www.presto.com.co;CL 72 10 34;4.65681404753539;-74.0578542596714
249;27244;Presto Calle. 85;Calle 85 No 12 - 61;616 98 45 - ;Chapinero;www.presto.com.co;CL 85 12 61;4.66860414634882;-74.0529711157766
250;27245;Burger Station San Martin - Presto San Martin;Carrera 7 No 31 - 70;323 21 36 - ;Santafe;www.presto.com.co;KR 7 31 70;4.61817354189045;-74.0682221574116
251;27247;Presto Landia;Calle 100 No 17 - 10;218 02 20 - ;Chapinero;www.presto.com.co;CL 100 17 10;4.68578262279714;-74.0497751871945
252;27249;Frisby G81;Centro Comercial Atlantis Plaza Calle 81 No 13 - 05 Local 404;01800939000 - ;Chapinero;www.frisby.com.co;CL 81 13 05;4.666068450990536;-74.05577266070479
254;27252;KFC;Centro Comercial Atlantis Plaza Calle 81 No 13 - 05 Local 407;NR;Chapinero;www.kfcbuenisimo.com/colombia;CL 81 13 05;4.666068450990536;-74.05577266070479
255;27307;Frisby H16;Centro Comercial Andino Carrera A 11 No 82 - 11  Local 419;01800939000 - ;Chapinero;www.frisby.com.co;KR 11 82 11;4.66592002050568;-74.0529441498411
256;27308;Presto Colsubsidio Calle 26;Calle 26 No 25 - 50 Piso 2;338 43 44 - ;Teusaquillo;www.presto.com.co;CL 26 25 50;4.62217279928214;-74.0773902633929
257;27317;Frisby G48;Centro Comercial 'Avenida' Chile Calle 72 No 10 - 34 Local 405;249 27 19 - ;Chapinero;www.frisby.com.co;CL 72 10 34;4.65681404753539;-74.0578542596714
258;27318;Frisby No 43;Centro Comercial Plaza de Las Americas Carrera 71 D No 6  - 94 Sur Local 29 - 02 ;01800939000 - ;Kennedy;www.frisby.com.co;KR 71 D 6 94 SUR;4.618832129117629;-74.13531740938949
259;27319;Frisby No 50;Centro Comercial Salitre Plaza Carrera 68 B No 24 - 39 Local 384 ;01800939000 - ;Fontibon;www.frisby.com.co;KR 68 B 24 39;4.653382271318041;-74.10992482267676
260;27339;KFC;Centro Comercial Salitre Plaza Carrera 68 B No 24 - 39 Local 377;NR;Fontibon;www.kfcbuenisimo.com/colombia;KR 68 B 24 39;4.653382271318041;-74.10992482267676
261;27546;Paneroli;Centro Comercial Salitre Plaza Carrera 68 B No 24 - 39 Local 419 ;416 93 71 - ;Fontibon;paneroli.com;KR 68 B 24 39;4.653382271318041;-74.10992482267676
262;27547;Paneroli-3;Centro Comercial Gran Estacion Avenida Avenida El Dorado No 62 - 49 Local 320A ;572 32 42 - ;Fontibon;paneroli.com;AV EL DORADO 62 49;4.647832368830404;-74.10194027423034
263;27548;Paneroli 3;Centro Comercial Unicentro Avenida 15 No 124 - 30  Local 419 ;213 07 00 - ;Usaquen;paneroli.com;AV 15 124 30;4.70250909655203;-74.0426948404371
264;27623;MC Donalds Titan;Centro Comercial Titan Avenida Carrera 72 No 80 - 94;321 364 64 00;Engativa;www.mcdonalds.com.co;AK 72 80 94;4.694859288695312;-74.0863303514851
266;27833;Restaurante Gaudi;Carrera 4A No 27 - 54;342 71 83 - 321 219 67 83;Santafe;www.Restaurantegaudi.com;KR 4 A 27 54;4.614402381670972;-74.06606497381571
267;27985;La Bonga del Sinu;Carrera 14 No 93  -  88;691 95 07 - 257 32 53;Chapinero;NR;KR 14 93 88;4.677223853189947;-74.05058678773831
269;28323;Hamburguesas el Corral ESSO 100;Calle 100 No 11 - 79 Local 8 y 9;NR;Chapinero;www.elcorral.com;CL 100 11 79;4.6827186686818;-74.0441370312262
270;28391;Hamburguesas el Corral Plaza de Las Americas II;Centro Comercial Plaza de Las Americas Carrera 71 D No 6 - 94 Sur Local 1120;NR;Kennedy;www.elcorral.com;KR 71 D 6 94 SUR;4.618832129117629;-74.13531740938949
274;28397;Papa Jhons Salitre;Calle 24 A No 69 C - 52;NR;Fontibon;www.papajohns.com.co;CL 24 A 69 C 52;4.65834022256584;-74.1121211220222
276;28423;Papa Jhons Galerias;Calle 52 No 23 - 06 /10;NR;Teusaquillo;www.papajohns.com.co;CL 52 23 06;4.640789847480901;-74.07374560405812
277;29564;Crepes & Waffles;Centro comercial Gran Estacion Avenida El Dorado No  62 - 49  Local 319-320 Esfera;676 76 00 Extension 760 - ;Teusaquillo;www.Crepesywaffles.com;AV EL DORADO 62 49;4.647832368830404;-74.10194027423034
278;29795;Cali Mio Centro Comercial Santafe;Centro Comercial Santafe Calle 185 No 45 03 Local 3 - 11;NR;Usaquen;www.calimio.com.co;CL 185 45 03;4.7622957876101015;-74.04639970687683
279;29796;LA Brasa Roja Hacienda Santa Barbara;Calle 114 No 6 A - 92 Local 108;NR;Usaquen;labrasaroja.com;CL 114 6 A 92;4.69215336818439;-74.0328492118166
280;29801;La Brasa Roja Calle 67;Carrera 11 No 66 - 75;255 84 18 - ;Chapinero;labrasaroja.com;KR 11 66 75;4.65264483932932;-74.0615709185701
281;29812;Don Jediondo Sopitas y Parrilla;Transversal 55 No 98 A - 66 Local 318;600 16 33 - ;Barrios Unidos;www.donjediondo.com;TV 55 98 A 66;4.687972546289456;-74.06423013405586
282;29839;Don Jediondo Sopitas y Parrilla;Centro Comercial Plaza de Las Americas Carrera 71 D No 6 - 94 Sur Local 2913;413 76 20 - ;Kennedy;www.donjediondo.com;KR 71 D 6 94 SUR;4.618832129117629;-74.13531740938949
283;29840;Don Jediondo Sopitas y Parrilla ;Centro Comercial Santafe Calle 185 No 45 - 03 LC 395;605 83 13 - ;Usaquen;www.donjediondo.com;CL 185 45 03;4.7622957876101015;-74.04639970687683
284;29891;Narcobollo 3;Carrera 20 No 116 - 14;637 70 96 - ;Usaquen;NR;KR 20 116 14;4.69905357809992;-74.0514952465296
285;29905;La Bonga del Sinu;Calle 116 No 16 -  89;521 94 18 - 521 94 94;Usaquen;labongadelsinu.co;CL 116 16 89;4.69716373815062;-74.0460626727585
286;29954;Diner Unicentro;Avenida 15 No 124 - 30 Local 2 142;213 02 45 - ;Usaquen;NR;AV 15 124 30;4.70250909655203;-74.0426948404371
287;29956;Cafe Illy Unicentro;Centro Comercial Unicentro Avenida 15 No 124 - 30 Local 1 - 12;215 79 74 - ;Usaquen;www.illy.com;AV 15 124 30;4.70250909655203;-74.0426948404371
288;29959;Presto Puente Aereo;Calle 26 No 106 - 28 Puente Aereo ;413 92 45 - ;Fontibon;www.presto.com.co;CL 26 106 28;4.692170884807782;-74.13397932248007
289;30002;El Carnal;Centro Comercial Hacienda Santa Barbara Carrera 7 No 115 - 72 Local E-205;NR;Usaquen;elcarnal.com.co;KR 7 115 72;4.69353450466796;-74.0330142786836
290;30003;El Carnal;Centro Comercial Santafe Calle 185 No 45 - 03 Local 3N-125;NR;Usaquen;elcarnal.com.co;CL 185 45 03;4.7622957876101015;-74.04639970687683
291;30004;El Carnal;Calle 85 No 13 -  20;NR;Chapinero;elcarnal.com.co;CL 85 13 20;4.66931662724916;-74.0538296199452
292;30006;El Carnal;Centro Comercial Centro Mayor Calle 38 A Sur No 34 D - 51 Local  2114;NR;Antonio Nariño;elcarnal.com.co;CL 38 A SUR 34 D 51;4.5929137574037;-74.1230882912499
293;30007;El Carnal;Centro Comercial Plaza De Las Americas Carrera 71 D No 6 - 94 Sur Local 2910;NR;Kennedy;elcarnal.com.co;KR 71 D 6 94 SUR;4.618832129117629;-74.13531740938949
294;30008;El Carnal;Centro Comercial Gran Estacion Avenida El Dorado No 62 - 49 Local 351;NR;Teusaquillo;elcarnal.com.co;AV EL DORADO 62 49;4.647832368830404;-74.10194027423034
295;30009;El Carnal;Centro Comercial Unicentro Avenida 15 No 124 - 30 Local 4-10;NR;Usaquen;elcarnal.com.co;AV 15 124 30;4.70250909655203;-74.0426948404371
296;30010;El Carnal;Calle 82 No 13 - 15;NR;Chapinero;elcarnal.com.co;CL 82 13 15;4.666908601639001;-74.05522195172088
297;30011;Corral Gourmet Usaquen;Calle 119 B No 5 - 86;215 95 51 - ;Usaquen;www.elcorralgourmet.com;CL 119 B 5 86;4.696092778358007;-74.02996225525153
298;30022;Nueve ;Calle 70 A No 10 A - 18;248 70 73 - ;Chapinero;www.nueve.in;CL 70 A 10 A 18;4.655564351810071;-74.05926881491861
299;30182;KFC;Transversal 23 No 97 - 73;316 240 86 78 - ;Chapinero;www.kfccolombia.com;TV 23 97 73;4.6855396592644265;-74.05647982477826
300;30216;Don Jediondo Sopitas y Parrilla;Centro Comercial Calima Calle 19 No 28 - 80 Local R-7;487 51 36 - ;Los Martires;www.donjediondo.com;CL 19 28 80;4.61720624799301;-74.0867101542629
301;30217;Don Jediondo Sopitas y Parrilla ;Centro Comercial Unicentro Avenida 15 No 124 - 30 Local 418;213 06 66 - ;Usaquen;www.donjediondo.com;AV 15 124 30;4.70250909655203;-74.0426948404371
303;30219;Don Jediondo Gurme´s;Centro Comercial Calima Calle 19 No 28 - 80 Local C-31;487 49 94 - ;Los Martires;www.donjediondo.com;CL 19 28 80;4.61720624799301;-74.0867101542629
304;30220;Don Jediondo Sopitas y Parrilla ;Centro Comercial Gran Estacion Avenida El Dorado No 62 - 49 Local 304;572 00 24 - 650 91 40;Teusaquillo;www.donjediondo.com;AV EL DORADO 62 49;4.647832368830404;-74.10194027423034
305;30221;Don Jediondo Sopitas y Parrilla ;Carrera 7 No 32 - 70 Local 419;350 09 30 - ;Santafe;www.donjediondo.com;KR 7 32 70;4.61924861002906;-74.0678493445291
306;30222;La Popular de Andres Contenedores;Centro Comercial Hacienda Santa Barbara Carrera 7 No 115 - 60 ;863 78 80 - 861 22 33;Usaquen;www.andrescarnederes.com;KR 7 115 60;4.69343499972033;-74.0330544674165
307;30223;Andres Expres Caseta de Luxe;Centro Comercial Salitre Plaza Carrera 68 B No 24 - 39 Local 391 ;416 82 67 - ;Fontibon;www.andrescarnederes.com;KR 68 B 24 39;4.653382271318041;-74.10992482267676
308;30224;Zatar;Carrera 5 No 69 - 15;317 98 74 - ;Chapinero;zatar.com.co;KR 5 69 15;4.651168773142247;-74.05563515635049
309;30618;Mc Donalds Calle 72;Carrera 9 No 71 - 31 /35;653 80 00 - ;Chapinero;www.mcdonalds.com.co;KR 9 71 31;4.655537758153103;-74.05751674505568
310;30728;La Popular de Andres Contenedores;Calle 93 B No 13 - 43;863 78 80 - 861 22 33;Chapinero;www.andrescarnederes.com;CL 93 B 13 43;4.67764735720446;-74.0492299731087
311;30764;PPC Pollo, Pizza, Carne;Calle 53 No 25 - 53;701 81 46 - 217 46 50;Teusaquillo;www.ppc.com.co;CL 53 25 53;4.64183600219731;-74.0749778460849
312;30765;PPC Pollo, Pizza, Carne;Centro Comercial Centro Mayor Calle 38 A Sur No 34 D - 51 Local 114;NR;Antonio Nariño;www.ppc.com.co;CL 38 A SUR 34 D 51;4.5929137574037;-74.1230882912499
313;30766;Mc Donalds Tunal;Calle 47 B Sur No 24 B - 33;653 80 00 - ;Tunjuelito;www.mcdonalds.com.co;CL 47 B SUR 24 B 33;4.57804888704055;-74.1293997180146
314;30767;PPC Pollo, Pizza, Carne;Centro Comercial Plaza de Las Americas Carrera 71 D No 6  - 94 Sur Local 2525;413 76 60 - ;Kennedy;www.ppc.com.co;KR 71 D 6 94 SUR;4.618832129117629;-74.13531740938949
315;30768;PPC Pollo, Pizza, Carne;Transversal 35 No 38 A - 20 Sur  Local 2-122;335 06 00 - 733 34 87;Antonio Nariño;www.ppc.com.co;TV 35 38 A 20 SUR;4.59408348071765;-74.1231369744062
316;30769;PPC Pollo, Pizza, Carne;Centro Comercial Calima Avenida Calle 19 No 28 - 10 Local 28;487 82 01 - ;Los Martires;www.ppc.com.co;AC 19 28 10;4.61689687719036;-74.0864298501031
317;30769;PPC Pollo, Pizza, Carne;Centro Comercial Calima Avenida Calle 19 No 28 - 80 Local C-29;487 82 01 - ;Los Martires;www.ppc.com.co;AC 19 28 80;4.61720624799301;-74.0867101542629
319;30770;PPC Pollo, Pizza, Carne;Centro Comercial Gran Estacion Avenida El Dorado No 62 - 49 Local 322 ;222 85 36 - ;Teusaquillo;www.ppc.com.co;AV EL DORADO 62 49;4.647832368830404;-74.10194027423034
321;30772;Sopas de Mama y Postres de la Abuela Sucursal Unicentro;Centro Comercial Unicentro Avenida 15 No 124 - 30 Local 1-060;658 48 98 - ;Usaquen;www.sopasypostres.com.co;AV 15 124 30;4.70250909655203;-74.0426948404371
322;31033;Bagatelle S.A.S.;Diagonal 70 A No 4 - 99;310 44 69 - ;Chapinero;www.Bagatelle.com.co;DG 70 A 4 99;4.652469891277492;-74.05442181366993
323;31034;Bagatelle S.A.S.;Carrera 11 A No 94 - 45;256 16 19 - 634 71 59;Chapinero;www.Bagatelle.com.co;KR 11 A 94 45;4.678191135041353;-74.04696630546981
324;31047;Sopas de Mama y Postres de la Abuela  Sucursal Centro Mayor;Centro Comercial Centro Mayor Calle 38 A Sur No 34 D - 50 Local 316;658 48 97 - ;Antonio Nariño;www.sopasypostres.com.co;CL 38 A SUR 34 D 50;4.592637826827011;-74.12427107779203
325;31048;Sopas de Mama y Postres de la Abuela Sucursal Santafe;Centro Comercial Santafe Autopista Norte Calle 185 No 45 - 03 Local 366 ;658 48 96 - ;Usaquen;www.sopasypostres.com.co;CL 185 45 03;4.7622957876101015;-74.04639970687683
326;31408;Andres Expres Caseta de Luxe;Centro Comercial Calima Avenida Calle 19 No 28 - 80 Local R 11 ;863 78 80 - ;Los Martires;www.andrescarnederes.com;AC 19 28 80;4.61720624799301;-74.0867101542629
327;31410;Andres Expres Caseta de Luxe;Calle 93 No 12 - 11 Local 11;863 78 80 - ;Chapinero;www.andrescarnederes.com;CL 93 12 11;4.674882533902064;-74.04914030651335
328;31411;Andres Expres Caseta de Luxe;Centro Comercial Centro Mayor Calle 38 A Sur No 34 D - 50 Local 2107 ;863 78 80 - ;Antonio Nariño;www.andrescarnederes.com;CL 38 A SUR 34 D 50;4.592637826827011;-74.12427107779203
329;31413;Andres Expres Caseta de Luxe;Centro Comercial Iserra 100 Transversal 55 No 98 A - 96 Local 324 - 325 ;863 78 80 - ;Barrios Unidos;www.andrescarnederes.com;TV 55 98 A 96;4.68737069394107;-74.0646215689543
330;31414;Andres Expres Caseta de Luxe;Centro Comercial Unicentro Avenida 15 No 124 - 30 Local 401 ;863 78 80 - ;Usaquen;www.andrescarnederes.com;AV 15 124 30;4.70250909655203;-74.0426948404371
331;31415;Andres Expres Caseta de Luxe;Centro Comercial Portal de la 80 Transversal 100 A No 80 A - 20 Local N3-034 ;863 78 80 - ;Engativa;www.andrescarnederes.com;TV 100 A 80 A 20;4.71165006279465;-74.1117973648033
332;31416;Andres Expres Caseta de Luxe;Centro Comercial Unicentro de occidente Carrera 111 C No 86 - 05 Local 2-26 ;863 78 80 - ;Engativa;www.andrescarnederes.com;KR 111 C 86 05;4.723305508484767;-74.11446280811057
333;31455;1.492 Restaurante Latino;Carrera 12 No 83 - 11;257 28 53 - ;Chapinero;www.1492restaurante.com;KR 12 83 11;4.66722977976564;-74.0535651645631
334;31478;Beer Station Usaquen ;Centro Comercial Titan Plaza AC 80 No 70F - 128  Local 403A;736 20 29 - ;Engativa;www.beerstation.com.co;AC 80 70 F 128;4.69388542048315;-74.086750879678
336;31729;Crepes & Waffles;Calle 70 No 4 - 96;676 76 00 Extension 735  - ;Chapinero;www.Crepesywaffles.com;CL 70 4 96;4.65176490150072;-74.0547688291998
338;32252;Kokoriko Central Domicilios Usaquen;Calle 119 No 9 - 04;NR;Usaquen;www.kokoriko.com.co;CL 119 9 04;4.69665342301944;-74.033607988938
339;32254;Andres Expres Caseta de Luxe;Centro Comercial Platino Carrera 7 No 138 - 33 Local 309 ;863 78 80 - ;Usaquen;www.andrescarnederes.com;KR 7 138 33;4.71538351925395;-74.0289104063958
340;32255;Andres Expres Caseta de Luxe;Centro Comercial Plaza De Las Americas Carrera 71 D No 6 - 94 Sur Local 29 - 03 ;863 78 80 - ;Kennedy;www.andrescarnederes.com;KR 71 D 6 94 SUR;4.618832129117629;-74.13531740938949
341;32413;Cien Montaditos LA T;Carrera 13 No 83 - 24;621 90 51 - ;Chapinero;colombia.100montaditos.com;KR 13 83 24;4.667906377231831;-74.05419016551106
342;32414;Cien Montaditos Pepe Sierra;Calle 116 No 17 A - 60;621 90 51 - ;Usaquen;colombia.100montaditos.com;CL 116 17 A 60;4.69804103906751;-74.047325133197
346;32844;Kokoriko Salitre Plaza;Centro Comercial Salitre Plaza Carrera 68 B No 24 - 39 Local 363;NR;Fontibon;www.kokoriko.com.co;KR 68 B 24 39;4.653382271318041;-74.10992482267676
347;32845;Kokoriko Calima;Centro Comercial Calima Calle 18 No 28 - 80 ;NR;Los Martires;www.kokoriko.com.co;CL 18 28 80;4.61569962363084;-74.0882155395238
348;32846;Mercado Cocina Local Sabor Consciente;Calle 93 A No 12 - 73;236 25 00 - ;Chapinero;www.mcdonalds.com.co;CL 93 A 12 73;4.67661851736811;-74.0490719878537
349;32847;Kokoriko Calle 71;Calle 71 No 9 - 06;NR;Chapinero;www.kokoriko.com.co;CL 71 9 06;4.65526433306337;-74.057575593404
350;32848;Kokoriko La Gran Estacion;Centro Comercial Gran Estacion Avenida El Dorado No 62 - 49 Local 319;NR;Teusaquillo;www.kokoriko.com.co;AV EL DORADO 62 49;4.647832368830404;-74.10194027423034
351;32849;Kokorico Unicentro;Centro Comercial Unicentro Avenida 15 No 124 - 30  Local 242;NR;Usaquen;www.kokoriko.com.co;AV 15 124 30;4.70250909655203;-74.0426948404371
352;32850;Kokoriko Restaurante Centro Mayor;Centro Comercial Centro Mayor Calle 38 A Sur No 34 D - 51  Local 2172 - 2172;NR;Antonio Nariño;www.kokoriko.com.co;CL 38 A SUR 34 D 51;4.5929137574037;-74.1230882912499
353;32851;Kokoriko Avenida Chile;Calle 72 No 10 - 30;NR;Chapinero;www.kokoriko.com.co;CL 72 10 30;4.65679335340736;-74.0578247097037
354;32853;Kokoriko Andino;Centro Comercial Andino Carrera 11 No 82 - 71  Local 415 Piso 4;NR;Chapinero;www.kokoriko.com.co;KR 11 82 71;4.66628727998579;-74.0527013691487
355;33068;Hamburguesas el Corral Calle 85;Calle 85 No 13 - 77;NR;Chapinero;www.elcorral.com;CL 85 13 77;4.66940536442962;-74.0543681616441
356;33324;Uva;Carrera 13 No 94 A - 26 Local 3;703 10 97 - ;Chapinero;www.uvabar.co;KR 13 94 A 26;4.679252514838764;-74.04769915190676
357;33390;Il Magazzino Italiano;Calle 93 A No 13 A - 31 Local 01;610 29 00 - ;Chapinero;NR;CL 93 A 13 A 31;4.6772048299491;-74.0501996499324
358;33494;Hamburguesas del rodeo Calle 70;Carrera 11 No 70 - 66;519 08 88 - ;Chapinero;www.hamburguesasdelrodeo.com;KR 11 70 66;4.6555307157119;-74.0598069417993
359;33531;Diana Garcia Chef en Movimiento;Calle 116 No 7 -  15 Local 3 Edificio Cusezar;522 84 94 - 523 12 20;Usaquen;www.restaurantedianagarcia.com;CL 116 7 15;4.69364778036101;-74.0335834766166
360;33553;PPC Pollo, Pizza, Carne;Carrera 7 No 11 - 96 /98;310 349 85 95 - ;Candelaria;www.ppc.com.co;KR 7 11 96;4.59895644361892;-74.0748345691642
361;33554;PPC Pollo, Pizza, Carne;Avenida Jimenez No 7  - 45;341 3169 - ;Candelaria;www.ppc.com.co;AV JIMENEZ 7 45;4.60161494424824;-74.0737303625157
362;33672;Sipote Burrito Parque de la 93;Carrera 11 A No 93 - 93 Local 101;644 77 88 - ;Chapinero;www.sipoteburrito.com;KR 11 A 93 93;4.675872578143934;-74.04799246668414
363;33773;Carbon 100 Gran Estacion;Centro Comercial Gran Estacion Avenida El Dorado No 62 - 49 Local 361;670 59 83 - ;Teusaquillo;carbon100xilvestre.com.co;AV EL DORADO 62 49;4.647832368830404;-74.10194027423034
364;33774;Carbon 100 Santafe;Centro Comercial Santafe Calle 185 No 45 - 03 Local 397;673 07 98 - ;Usaquen;carbon100xilvestre.com.co;CL 185 45 03;4.7622957876101015;-74.04639970687683
365;33785;Las Cuatro Estaciones de Catalonia;Carrera 8 A No 98 - 38;256 93 09 - ;Chapinero;NR;KR 8 A 98 38;4.679885826732775;-74.04061650821487
366;33889;Sr Choo;Carrera 13 No 83 - 34;600 09 60 - 218 52 34;Chapinero;http://54.84.219.185/~srch4752/;KR 13 83 34;4.667983397160016;-74.05414313514324
368;34000;Subway Centro Comercial Calima;Centro Comercial Calima Avenida Calle 19 No 28 - 80 Local R-23;378 62 65 - ;Los Martires;www.subwaycolombia.com;AC 19 28 80;4.61720624799301;-74.0867101542629
370;34031;Restaurante Indigo;Carrera 11 A No 93 B - 27;691 50 06 - 691 50 04;Chapinero;NR;KR 11 A 93 B 27;4.6771664783999505;-74.04750554518267
372;34164;Apache Burger Bar;Avenida Carrera 11 No 93 - 77;635 19 16 - ;Chapinero;NR;AK 11 93 77;4.675329224172616;-74.04747322100329
373;34166;Chibchombia;Carrera 4 A No 26D - 90;284 87 39 - ;Santafe;NR;KR 4 A 26 D 90;4.61383636468399;-74.0663235088687
374;34167;Restaurante La Jugueteria 147;Avenida 19 No 147 - 30;300 08 69 - ;Usaquen;www.restaurantelajugueteria.com.co;AV 19 147 30;4.72996470732988;-74.0450959739533
375;34175;Le Cabrera;Carrera 12 A No 83 - 23;610 28 46 - ;Chapinero;NR;KR 12 A 83 23;4.66763464577169;-74.053991100654
377;34250;Bogota Beer Company SAS;Centro Comercial Centro Mayor Calle 38 A Sur No 34 D - 51 Local 3051 Local 3052;3002729 - ;Antonio Nariño;www.bogotabeercompany.com;CL 38 A SUR 34 D 51;4.5929137574037;-74.1230882912499
378;34251;Bogota Beer Company S A;Carrera 7 No 32  - 48;350 90 93 - ;Santafe;www.bogotabeercompany.com;KR 7 32 48;4.61906235873934;-74.0679168481008
379;34252;Bogota Beer Company ;Carrera 4 No 15 - 01;742 92 92 - ;Candelaria;www.bogotabeercompany.com;KR 4 15 01;4.60015872172251;-74.0705198011091
380;34253;Bogota Beer Company S A;Carrera 4 A No 27 - 04;742 92 92 Extension 3 Opcion 11 - ;Santafe;www.bogotabeercompany.com;KR 4 A 27 04;4.61383636468399;-74.0663235088687
381;34269;Harry's Bakery;Carrera 6 No 69 A - 34;349 11 64 - ;Chapinero;www.harrysasson.com;KR 6 69 A 34;4.65205257940669;-74.0557600766821
382;34308;Restaurante Donde Chucho 93;Calle 93 B No 13 - 61 Local 2;300 08 58 - ;Chapinero;NR;CL 93 B 13 61;4.67772202349148;-74.0493733177498
383;34393;La Plaza de Andres;Centro Comercial Hacienda Santa Barbara Carrera 7 No 115 - 60 LC 303 - 304 - 305 - 306 - 307 - 308 ;863 78 80 - 861 22 33;Usaquen;www.andrescarnederes.com;KR 7 115 60;4.69343499972033;-74.0330544674165
384;34421;El Carnal;Centro Comercial San Martin Carrera 7 No 32  - 16 Local 402;NR;Santafe;elcarnal.com.co;KR 7 32 16;4.6187911434481;-74.0680148459726
385;34435;Presto Santander;Carrera 7 No 16 - 49;341 01 37 - ;Santafe;www.presto.com.co;KR 7 16 49;4.60321030179552;-74.07287428210812
386;34467;Andres Expres Caseta De Luxe;Centro Comercial Cafam Floresta Avenida Carrera 68 No 90 - 88 Local 2 011 ;863 78 80 - ;Barrios Unidos;www.andrescarnederes.com;AK 68 90 88;4.685732734355925;-74.0744094738061
387;34468;Andres Expres Caseta De Luxe;Centro Comercial Avenida de Las Americas No 62 - 84 Local 388;863 78 80 - ;Puente Aranda;www.andrescarnederes.com;AV AMERICAS 62 84;4.62886396872264;-74.1172664155691
392;34801;Nolita;Carrera 13 No 85 - 25;610 00 80 - ;Chapinero;nolita.com.co;KR 13 85 25;4.66936181209873;-74.0536630958878
393;34920;La Hamburgueseria  El Chico;Calle 93 B No 11 A - 34;616 01 69 - 616 00 54;Chapinero;www.lahamburgueseria.com;CL 93 B 11 A 34;4.67692745307844;-74.0476148491674
394;34921;La Hamburgueseria  La 85;Calle 85 No 12 - 49;610 20 01 - ;Chapinero;www.lahamburgueseria.com;CL 85 12 49;4.6685495703754;-74.0528781446696
395;34923;La Hamburgueseria  Usaquen;Calle 118 No 6 A - 40;214 19 43 - 213 35 18;Usaquen;www.lahamburgueseria.com;CL 118 6 A 40;4.695261386210535;-74.0317470786605
396;34925;La Hamburgueseria  Emaus;Calle 70 No 4 - 69;321 33 50 - 314 382 36 52;Chapinero;www.lahamburgueseria.com;CL 70 4 69;4.65152874917881;-74.05483596918259
