IDENTIFICADOR;NOMBRE;DIRECCION;CATEGORIA;TELEFONO;BARRIO_OFICIAL;POLIGONO_BARRIAL;CODIGO LOCALIDAD;LOCALIDAD;UPZ;CODIGO UPZ
145001;Hogar Sagrado Corazon;CL 117 5 A 14;Albergue Adulto Mayor C.C.;6191889;Usaquen;Usaquén;1;Usaquén;Usaquen;14
145002;Hogar San Francisco;CL 117 6 A 22;Albergue Adulto Mayor C.C.;2155584;Usaquen;Usaquén;1;Usaquén;Usaquen;14
645003;Hogar Casa Nostra;DG 50 A SUR 26 80;Albergue Adulto Mayor C.C.;2301052;El Carmen;El Carmen_;6;Tunjuelito;Venecia;42
945004;Hogar Santa Teresa Jornet;KR 97 22 G 64;Albergue Adulto Mayor C.C.;6273148;Ferrocaja Fontibon;Oviedo;9;Fontibón;Fontibón;75
1041002;Bosque Popular;KR 69 47 43;Albergue Adulto Mayor SDIS;2630949;Jardin Botanico;S.C. Jardín Botánico;10;Engativá;Jardín Botánico;105
260001;Chapinero;CL 50 A 13 58;Atención a Personas en Prostitución;2494833;Marly;S.C. Marly;2;Chapinero;Chapinero;99
860002;Kennedy;KR 74 42 G 52 SUR;Atención a Personas en Prostitución;4528362;Timiza A;Lagos De Timiza I;8;Kennedy;Timiza;48
1460003;Los Martires;DG 22 B BIS 20 51;Atención a Personas en Prostitución;2448978;Santa Fe;Santa Fe;14;Los Mártires;La Sabana;102
360004;Santa Fe;KR 2 4 10;Atención a Personas en Prostitución;2465631;Lourdes;Lourdes 2;3;Santa Fe;Las Cruces;95
1242013;Teusaquillo;AK 19 32 A 20;Atención al Adulto Mayor;;Teusaquillo;Teusaquillo;13;Teusaquillo;Teusaquillo;101
142001;Usaquen;CL 165 7 38;Atención al Adulto Mayor;6709098;Santa Teresa;Santa Teresa;1;Usaquén;La Uribe;10
242002;Chapinero;CL 50 A 13 58;Atención al Adulto Mayor;2494678;Marly;S.C. Marly;2;Chapinero;Chapinero;99
342003;Santafe - Candelaria;KR 2 4 10;Atención al Adulto Mayor;2892602;Lourdes;Lourdes 2;3;Santa Fe;Las Cruces;95
542005;Usme - Sumapaz;AC 91 SUR 3 C 34 ESTE;Atención al Adulto Mayor;7685865;Charala;Chuniza;5;Usme;Comuneros;58
642006;Tunjuelito;DG 47 A SUR 53 92;Atención al Adulto Mayor;7696933;Venecia;Venecia;6;Tunjuelito;Venecia;42
742007;Bosa;CL 73 SUR 81 B 10;Atención al Adulto Mayor;7802711;Gran Colombiano;Grancolombiano II Sector;7;Bosa;Bosa Central;85
842008;Kennedy;CL 38 SUR 94 C 29;Atención al Adulto Mayor;4528215;Galan;Bellavista_;8;Kennedy;Patio Bonito;82
942009;Fontibon;KR 104 B 22 J 15;Atención al Adulto Mayor;4181948;La Cabana Fontibon;La Giralda;9;Fontibón;Fontibón;75
1142011;Suba;KR 91 146 C 15;Atención al Adulto Mayor;6921232;Suba Urbano;S.C. Suba Urbano;11;Suba;Suba;27
1242012;Barrios Unidos;KR 58 67 D 31;Atención al Adulto Mayor;2509877;Popular Modelo;Popular Modelo;12;Barrios Unidos;Doce de Octubre;22
1842014;Rafael Uribe Uribe;KR 15 C 31 G 40 SUR;Atención al Adulto Mayor;3665335;Gustavo Restrepo;Gustavo Restrepo;18;Rafael Uribe;San José;36
1442015;Martires;DG 22 B BIS 20 51;Atención al Adulto Mayor;3684511;Santa Fe;Santa Fe;14;Los Mártires;La Sabana;102
1642016;Puente Aranda - Antonio Nariño;KR 33 4 A 23;Atención al Adulto Mayor;2373467;Comuneros;Veraguas Central;16;Puente Aranda;Ciudad Montes;40
1835001;ESCNNA Rafael Uribe Uribe;KR 11 A 30 22 SUR;Atención Especializada ESCNNA;2095532-3135781370;Sosiego Sur;Avenida Décima;18;Rafael Uribe;San José;36
1435002;ESCNNA Martires;KR 19 A 22 B 14;Atención Especializada ESCNNA;3409498;Santa Fe;Santa Fe;14;Los Mártires;La Sabana;102
1306013;Teusaquillo;AK 19 32 A 20;Atención Integral a la Primera Infancia en Ámbito Familiar;;Teusaquillo;Teusaquillo;13;Teusaquillo;Teusaquillo;101
106001;Usaquen;CL 165 7 38;Atención Integral a la Primera Infancia en Ámbito Familiar;6709098;Santa Teresa;Santa Teresa;1;Usaquén;La Uribe;10
206002;Chapinero;CL 50 A 13 58;Atención Integral a la Primera Infancia en Ámbito Familiar;2494678;Marly;S.C. Marly;2;Chapinero;Chapinero;99
306003;Santafe - Candelaria;KR 2 4 10;Atención Integral a la Primera Infancia en Ámbito Familiar;2892602;Lourdes;Lourdes 2;3;Santa Fe;Las Cruces;95
506005;Usme - Sumapaz;AC 91 SUR 3 C 34 ESTE;Atención Integral a la Primera Infancia en Ámbito Familiar;7685865;Charala;Chuniza;5;Usme;Comuneros;58
606006;Tunjuelito;DG 47 A SUR 53 92;Atención Integral a la Primera Infancia en Ámbito Familiar;7696933;Venecia;Venecia;6;Tunjuelito;Venecia;42
706007;Bosa;CL 73 SUR 81 B 10;Atención Integral a la Primera Infancia en Ámbito Familiar;7802711;Gran Colombiano;Grancolombiano II Sector;7;Bosa;Bosa Central;85
806008;Kennedy;CL 38 SUR 94 C 29;Atención Integral a la Primera Infancia en Ámbito Familiar;4528215;Galan;Bellavista_;8;Kennedy;Patio Bonito;82
906009;Fontibon;KR 104 B 22 J 15;Atención Integral a la Primera Infancia en Ámbito Familiar;4181948;La Cabana Fontibon;La Giralda;9;Fontibón;Fontibón;75
1106011;Suba;KR 91 146 C 15;Atención Integral a la Primera Infancia en Ámbito Familiar;6921232;Suba Urbano;S.C. Suba Urbano;11;Suba;Suba;27
1206012;Barrios Unidos;KR 58 67 D 31;Atención Integral a la Primera Infancia en Ámbito Familiar;2509877;Popular Modelo;Popular Modelo;12;Barrios Unidos;Doce de Octubre;22
1806014;Rafael Uribe Uribe;KR 15 C 31 G 40 SUR;Atención Integral a la Primera Infancia en Ámbito Familiar;3665335;Gustavo Restrepo;Gustavo Restrepo;18;Rafael Uribe;San José;36
1406015;Martires;DG 22 B BIS 20 51;Atención Integral a la Primera Infancia en Ámbito Familiar;3684511;Santa Fe;Santa Fe;14;Los Mártires;La Sabana;102
1606016;Puente Aranda - Antonio Nariño;KR 33 4 A 23;Atención Integral a la Primera Infancia en Ámbito Familiar;2373467;Comuneros;Veraguas Central;16;Puente Aranda;Ciudad Montes;40
316001;CAVIF;KR 13 18 34;Atención victimas violencia intrafamiliar;2811615;La Capuchina;La Capuchina;3;Santa Fe;Las Nieves;93
317001;CAIVAS;DG 34 5 18;Atención victimas violencia sexual;232 22 65 288 05 57;La Merced;La Merced;3;Santa Fe;Sagrado Corazón;91
880001;Centro Amar Chapinero;CL 59 6 24;Centro Amar de Integración;2172029;La Salle;S.C. La Salle;2;Chapinero;Pardo Rubio;90
880002;Centro Amar Corabastos;AK 80 43 43 SUR;Centro Amar de Integración;4542712;Pastrana;Nuevo Kennedy;8;Kennedy;Gran Britalia;81
980003;Centro Amar Fontibon;KR 123 A 17 F 56;Centro Amar de Integración;2679367;San Pablo Jerico;San Pablo_;9;Fontibón;Fontibón San Pablo;76
1880004;Centro Amar Rafael Uribe;TV 5 Q 48 J 24 SUR;Centro Amar de Integración;2797150;Callejon Santa Barbara;Callejón de Santa Bárbara Sur;18;Rafael Uribe;Marruecos;54
1480005;Centro Amar Martires I;KR 15 BIS 18 37;Centro Amar de Integración;;La Favorita;La Favorita;14;Los Mártires;La Sabana;102
1480006;Centro Amar Martires II;CL 22 D 17 24;Centro Amar de Integración;;Santa Fe;Santa Fe;14;Los Mártires;La Sabana;102
1780007;Centro Amar Candelaria;CL 9 3 57;Centro Amar de Integración;2813221;Centro Administrativo;Centro Administrativo;17;Candelaria;La Candelaria;94
480008;Centro Amar San Cristobal;CL 31 C SUR 0 25 ESTE;Centro Amar de Integración;;Bello Horizonte;Bello Horizonte;4;San Cristóbal;20 de Julio;34
580009;Centro Amar Usme;KR 1 A ESTE 75 26 SUR;Centro Amar de Integración;7610679-3104801520;La Andrea;Santa Librada;5;Usme;Gran Yomasa;57
1180010;Centro Amar Suba;KR 100 A 137 A 05;Centro Amar de Integración;3102682160;La Chucua;La Chucua - La Trinitaria;11;Suba;El Rincón;28
190001;Centro Crecer Usaquén;CL 165 7 38;Centro CRECER;6740010;Santa Teresa;Santa Teresa;1;Usaquén;La Uribe;10
390004;Centro Crecer La Victoria;CL 32 A SUR 7 32 ESTE;Centro CRECER;2081007;Santa Ines Sur;Santa Inés Sur;4;San Cristóbal;San Blas;32
590005;Centro Crecer Tejares;KR 2 ESTE 75 A 22 SUR;Centro CRECER;7735924;Santa Librada Norte;Santa Librada Los Tejares;5;Usme;Gran Yomasa;57
690006;Centro Crecer Tunjuelito;DG 53 SUR 59 57;Centro CRECER;3124499534;Nuevo Muzu;Nuevo Muzu II Sector 2a Etapa;6;Tunjuelito;Venecia;42
790007;Centro Crecer Bosa;KR 81 C 68 A 24 SUR;Centro CRECER;7808402;Paso Ancho;La Palestina I;7;Bosa;Bosa Central;85
990009;Centro Crecer  Fontibón;CL 22 F 106 28;Centro CRECER;3166293961;La Giralda;La Giralda;9;Fontibón;Fontibón;75
1090010;Centro Crecer Engativá;KR 70 48 29;Centro CRECER;4340905;Palo Blanco;Acapulco_;10;Engativá;Las Ferias;26
1190011;Centro Crecer La Gaitana;KR 125 B 131 A 10;Centro CRECER;6880085;La Gaitana;La Gaitana;11;Suba;Tibabuyes;71
1190012;Centro Crecer  Rincón;KR 95 A 130 81;Centro CRECER;6287648;San Cayetano;Costa Rica;11;Suba;El Rincón;28
1890013;Centro Crecer Rafael Uribe;CL 31 G SUR 15 63;Centro CRECER;7651256;Gustavo Restrepo;Gustavo Restrepo;18;Rafael Uribe;San José;36
1490014;Centro Crecer Mártires;AC 1 24 B 26;Centro CRECER;3330467;El Vergel;El Vergel_;14;Los Mártires;Santa Isabel;37
1490015;Centro Crecer Arborizadora Alta;KR 21 63 08 SUR;Centro CRECER;2334605;Las Acacias;San Francisco I Sector;19;Ciudad Bolívar;San Francisco;66
390003;Centro Crecer La Paz;CL 65 A 1 60;Centro CRECER;3166293961;Juan XXIII;Juan_XXIII;2;Chapinero;Pardo Rubio;90
390002;Centro Crecer Lourdes;KR 2 4 10;Centro CRECER;2806136;Lourdes;Lourdes 2;3;Santa Fe;Las Cruces;95
890008;Centro Crecer Kennedy;KR 74 42 G 52 SUR;Centro CRECER;4542335;Timiza A;Lagos De Timiza I;8;Kennedy;Timiza;48
1296001;Casa de la Juventud Barrios Unidos;KR 55 70 A 33;Centro de Atención al Joven;6607161;San Fernando;San_Fernando;12;Barrios Unidos;Doce de Octubre;22
1496002;Casa de la Juventud Martires (Cacma);CL 24 27 A 31;Centro de Atención al Joven;2441084;Samper Mendoza;Samper Mendoza;14;Los Mártires;La Sabana;102
1596003;Casa de la Juventud Juvenil Restrepo;KR 20 19 26 SUR;Centro de Atención al Joven;2093092;Restrepo;Restrepo;15;Antonio Nariño;Restrepo;38
996004;Casa de la Juventud Fontibon - el Pedregal;KR 112 B 20 C 29;Centro de Atención al Joven;4212260;Belen Fontibon;El Pedregal;9;Fontibón;Fontibón;75
465001;Centro de Atención Integral a la Diversidad Sexual Mártires;KR 14 21 05;Centro de Atención Integral a la Diversidad Sexual;;Santafe;Santafe;4;Los Mártires;La Sabana;102
1365002;CAIDS Sebastian Romero;TV 17 A BIS 36 74;Centro de Atención Integral a la Diversidad Sexual;3384616;Teusaquillo;Teusaquillo;13;Teusaquillo;Teusaquillo;104
520005;Centro de Desarrollo Comunitario Julio Cesar Sanchez;AC 91 SUR 3 C 34 ESTE;Centro de Desarrollo Comunitario C.D.C.;;Charala;Chuniza;5;Usme;Comuneros;58
1820011;Centro de Desarrollo Comunitario Samore;CL 41 A SUR 31 46;Centro de Desarrollo Comunitario C.D.C.;2388980;Ingles;S.C. Ingles;18;Rafael Uribe;Quiroga;39
1620014;Centro de Desarrollo Comunitario Asuncion;KR 32 A 1 H 6;Centro de Desarrollo Comunitario C.D.C.;3513806;La Asuncion;La Asunción;16;Puente Aranda;Ciudad Montes;40
120001;Centro de Desarrollo Comunitario Simon Bolivar;CL 165 7 52;Centro de Desarrollo Comunitario C.D.C.;6708863;Santa Teresa;Santa Teresa;1;Usaquén;La Uribe;10
320002;Centro de Desarrollo Comunitario Lourdes;KR 2 3 00;Centro de Desarrollo Comunitario C.D.C.;;Lourdes;Lourdes 2;3;Santa Fe;Las Cruces;95
620007;Centro de Desarrollo Comunitario Pablo De Tarso;DG 47 A SUR 53 92;Centro de Desarrollo Comunitario C.D.C.;;Venecia;Venecia;6;Tunjuelito;Venecia;42
702008;Centro de Desarrollo Comunitario El Porvenir;KR 100 52 24 SUR;Centro de Desarrollo Comunitario C.D.C.;SIN INFORMACION;Parcela El Porvenir;S.C Parcela El Porvenir;7;Bosa;El Porvenir;86
920009;Centro de Desarrollo Comunitario La Giralda;KR 104 B 22 J 15;Centro de Desarrollo Comunitario C.D.C.;7172740 7153840;La Giralda;La Giralda;9;Fontibón;Fontibón;75
1820012;Centro de Desarrollo Comunitario Colinas;KR 15 C 31 G 40 SUR;Centro de Desarrollo Comunitario C.D.C.;3665335;Gustavo Restrepo;Gustavo Restrepo;18;Rafael Uribe;San José;36
820016;Centro de Desarrollo Comunitario Lago Timiza;KR 74 42 G 52 SUR;Centro de Desarrollo Comunitario C.D.C.;;Timiza A;Lagos De Timiza I;8;Kennedy;Timiza;48
820017;Centro de Desarrollo Comunitario Bellavista;CL 38 SUR 94 C 29;Centro de Desarrollo Comunitario C.D.C.;4528215;Galan;Ciudad Galán;8;Kennedy;Patio Bonito;82
820018;Centro de Desarrollo Comunitario Kennedy;AK 80 43 43 SUR;Centro de Desarrollo Comunitario C.D.C.;;Pastrana;Nuevo Kennedy;8;Kennedy;Gran Britalia;81
1614018;Cundinamarca;CL 19 A 34 94;Centro de emergencias;3682246;Cundinamarca;Cundinamarca;16;Puente Aranda;Zona Industrial;108
1003003;Discapacidad Cognitiva - Apoyos Extensos;CL 71 A 95 31;Centro de Protección INTEGRARTE;2527780;Los Alamos;Las Salinas;10;Engativá;Boyacá Real;30
1003006;Discapacidad Cognitiva Leve y Moderada;KR 69 F 65 83;Centro de Protección INTEGRARTE;;La Estrada;;10;Engativá;Las Ferias;26
403001;Discapacidad Cognitiva - Apoyos Generalizados;AC 11 SUR 1 B 10 ESTE;Centro de Protección INTEGRARTE;SIN INFORMACION;La Maria;Balkanes;4;San Cristóbal;Sosiego;33
903002;Discapacidad Cognitiva - Apoyos Intermitentes o Limitados;CL 22 G 96 I 42;Centro de Protección INTEGRARTE;SIN INFORMACION;Ferrocaja Fontibon;Oviedo;9;Fontibón;Fontibón;75
1103004;Discapacidad Fidica y Discapacidad Cognitiva -Apoyos Extensos;KR 90 149 73;Centro de Protección INTEGRARTE;5366355;Suba Urbano;La Concordia (Lote);11;Suba;Suba;27
903005;Discapacidad Cognitiva - Apoyos Intermitentes o Limitados;CL 23 H BIS 104 B 79;Centro de Protección INTEGRARTE;;La Cabana Fontibon;La Giralda;9;Fontibón;Fontibón;75
1303007;Discapacidad Cognitiva Leve y Moderada;KR 26 61 F 19;Centro de Protección INTEGRARTE;;Campin;;13;Teusaquillo;Galerias;100
1503008;Discapacidad Cognitiva Leve y Moderada;KR 12 B 7 6 SUR;Centro de Protección INTEGRARTE;;Ciudad Berna;;15;Antonio Nariño;Ciudad Jardín;35
803009;Discapacidad Cognitiva Leve y Moderada;TV 78 H 45 59 SUR;Centro de Protección INTEGRARTE;;Pastrana;;8;Kennedy;Kennedy Central;47
1803010;Discapacidad Múltiple;CL 24 SUR 24 G 43;Centro de Protección INTEGRARTE;;Centenario;;18;Rafael Uribe;Quiroga;39
111001;Usaquen;CL 165 7 38;Centro de Respiro;6709098;Santa Teresa;Santa Teresa;1;Usaquén;La Uribe;10
1311013;Teusaquillo;AK 19 32 A 20;Centro de Respiro;;Teusaquillo;Teusaquillo;13;Teusaquillo;Teusaquillo;101
211002;Chapinero;CL 50 A 13 58;Centro de Respiro;2494678;Marly;S.C. Marly;2;Chapinero;Chapinero;99
311003;Santafe - Candelaria;KR 2 4 10;Centro de Respiro;2892602;Lourdes;Lourdes 2;3;Santa Fe;Las Cruces;95
511005;Usme - Sumapaz;AC 91 SUR 3 C 34 ESTE;Centro de Respiro;7685865;Charala;Chuniza;5;Usme;Comuneros;58
611006;Tunjuelito;DG 47 A SUR 53 92;Centro de Respiro;7696933;Venecia;Venecia;6;Tunjuelito;Venecia;42
711007;Bosa;CL 73 SUR 81 B 10;Centro de Respiro;7802711;Gran Colombiano;Grancolombiano II Sector;7;Bosa;Bosa Central;85
811008;Kennedy;CL 38 SUR 94 C 29;Centro de Respiro;4528215;Galan;Bellavista_;8;Kennedy;Patio Bonito;82
911009;Fontibon;KR 104 B 22 J 15;Centro de Respiro;4181948;La Cabana Fontibon;La Giralda;9;Fontibón;Fontibón;75
1111011;Suba;KR 91 146 C 15;Centro de Respiro;6921232;Suba Urbano;S.C. Suba Urbano;11;Suba;Suba;27
1211012;Barrios Unidos;KR 58 67 D 31;Centro de Respiro;2509877;Popular Modelo;Popular Modelo;12;Barrios Unidos;Doce de Octubre;22
1811014;Rafael Uribe Uribe;KR 15 C 31 G 40 SUR;Centro de Respiro;3665335;Gustavo Restrepo;Gustavo Restrepo;18;Rafael Uribe;San José;36
1411015;Martires;DG 22 B BIS 20 51;Centro de Respiro;3684511;Santa Fe;Santa Fe;14;Los Mártires;La Sabana;102
1611016;Puente Aranda - Antonio Nariño;KR 33 4 A 23;Centro de Respiro;2373467;Comuneros;Veraguas Central;16;Puente Aranda;Ciudad Montes;40
297001;Juan XXIII;CL 65 A 1 60;Centro de Servicios;3490030;Juan XXIII;Juan_XXIII;2;Chapinero;Pardo Rubio;90
440001;CIP La Maria;KR 3 A 10 26 SUR;Centro Integral de Protección;2467319 - 2334960 - 2334825;La Maria;S.C. La Maria;4;San Cristóbal;Sosiego;33
1640002;CIP Antonia Santos;CL 4 53 F 18;Centro Integral de Protección;2624374;Colon;Colon;16;Puente Aranda;San Rafael;43
1040003;CIP Jairo Anibal Niño;CL 52 A 71 20;Centro Integral de Protección;2637871;Normandia;Normandia;10;Engativá;Santa Cecilia;31
1040004;CIP Camilo Torres;KR 73 BIS 48 33;Centro Integral de Protección;2631602  4100002;Normandia Occidental;Normandia Occidental;10;Engativá;Santa Cecilia;31
1040005;CIP Hogar Renacer;KR 77 BIS 64 I 50;Centro Integral de Protección;4301958  - 4301463 - 4372912;El Real;Villaluz;10;Engativá;Santa Cecilia;31
1440006;Curnna (Centro Unico de Recepcion de Niños Niñas y Adolescentes);AC 1 24 C 10;Centro Integral de Protección;2466025 - 2896007 - 2874780 - 3373277- 2896302 - 2461276;El Vergel;El Vergel_;14;Los Mártires;Santa Isabel;37
1540007;CIP Alvaro Lopez Pardo;KR 11 B 12 42 SUR;Centro Integral de Protección;3336380;Caracas;Caracas;15;Antonio Nariño;Ciudad Jardín;35
1447001;Centro Noche Mártires;CL 10 26 69;Centro Noche;2019166;Ricaurte;Ricaurte;14;Los Mártires;La Sabana;102
1046003;Bosque Popular - Centro Día Engativa;KR 69 47 43;Centros Día;3279797;Jardin Botanico;S.C. Jardín Botánico;10;Engativá;Jardín Botánico;105
1146008;Centro Día Suba;CL 135 140 B 05;Centros Día;3107691453;San Pedro;San Pedro de Tibabuyes;11;Suba;Tibabuyes;71
1446009;Centro Día  Mártires;KR 18 B 22 D 40;Centros Día;3103065811;Santa Fe;Santa Fe;14;Los Mártires;La Sabana;102
746002;Bosa - Centro Día;KR 100 52 24 SUR;Centros Día;3279797/1941;Parcela El Porvenir;S.C Parcela El Porvenir;7;Bosa;El Porvenir;86
846004;Lago Timiza - Centro Día Kennedy;KR 74 42 G 52 SUR;Centros Día;4542329-4542328;Timiza A;Lagos De Timiza I;8;Kennedy;Timiza;48
146006;Simón Bolívar - Centro Día Usaquén;CL 165 7 52;Centros Día;6718137 - 6724183;Santa Teresa;Santa Teresa;1;Usaquén;La Uribe;10
348010;Centro Día Santa Fe;KR 2 4 10;Centros Día;3114613236;Lourdes;Lourdes 2;3;Santa Fe;Las Cruces;95
1934001;Centro Responsabilidad Penal Adolescente Ciudad Bolivar;KR 44 58 C 90 SUR;Centros Forjar;7160402-3118680980;Arborizadora Baja;Arborizadora Baja;19;Ciudad Bolívar;Arborizadora;65
1134002;Centro Responsabilidad Penal Adolescente Suba;KR 98 136 43;Centros Forjar;3231415;La Chucua;San Jorge;11;Suba;El Rincón;28
472001;San Blas;KR 3 ESTE 18 51 SUR;Comedor Comunitario IDIPRON;SIN INFORMACION;Velodromo;S.C. Velódromo;4;San Cristóbal;Sosiego;33
572002;Usme;KR 3 C ESTE 91 25 SUR;Comedor Comunitario IDIPRON;3168283785;El Virrey;El Virrey;5;Usme;Comuneros;58
772003;Bosa;CL 65 SUR 77 G 27;Comedor Comunitario IDIPRON;3158376456 - 3280772;Gualoche;La Estación;7;Bosa;Bosa Central;85
1472004;La Rioja;CL 4 14 14;Comedor Comunitario IDIPRON;3142730404;Eduardo Santos;Eduardo Santos;14;Los Mártires;Santa Isabel;37
1972005;Perdomo;AK 70 C 60 B 5 SUR;Comedor Comunitario IDIPRON;3142968582;Rincon De La Valvanera;S.C. Rincón de la Valvanera;19;Ciudad Bolívar;Ismael Perdomo;69
1972006;Arborizadora Alta;KR 43 69 I 25 SUR;Comedor Comunitario IDIPRON;SIN INFORMACION;Arborizadora Alta;Arborizadora Alta;19;Ciudad Bolívar;Jerusalem;70
170001;Verbenal;TV 18 B 187 43;Comedor Comunitario SDIS;6698579;El Cerezo;El Verbenal I;1;Usaquén;Verbenal;9
170002;Estrellita;CL 189 B 3 A 23;Comedor Comunitario SDIS;6787154;Buenavista;Buenavista La Estrellita II;1;Usaquén;Verbenal;9
170003;Soratama;CL 167 C 2 A 7;Comedor Comunitario SDIS;6796145;La Cita Rural;Soratama;1;Usaquén;San Cristóbal Norte;11
370004;La Paz;CL 23 B 1 40;Comedor Comunitario SDIS;3005563001;Bosque Izquierdo;La Paz Central;3;Santa Fe;La Macarena;92
270005;Lourdes;AV CARACAS 56 32;Comedor Comunitario SDIS;3144443303;Chapinero Central;S.C. Chapinero Central;2;Chapinero;Chapinero;99
270007;Moraci;CL 98 5 78 ESTE;Comedor Comunitario SDIS;3144443303;San Luis Altos del Cabo;San Luís Altos Del Cabo;2;Chapinero;San Isidrio-Patios;89
470008;El Triunfo;KR 3 ESTE 50 A 43 SUR;Comedor Comunitario SDIS;4013121;Arrayanes I;Nuevas Malvinas El Triunfo;4;San Cristóbal;Los Libertadores;51
1470010;Santa Fe;KR 15 23 27;Comedor Comunitario SDIS;2433020;Santa Fe;Santa Fe;14;Los Mártires;La Sabana;102
370011;Ramirez;KR 1 2 B 21;Comedor Comunitario SDIS;2805203;Lourdes;Lourdes III;3;Santa Fe;Lourdes;96
370012;Aguas I y Aguas II;CL 22 0 24 ESTE;Comedor Comunitario SDIS;3479111;Las Aguas;Las Aguas;3;Santa Fe;La Macarena;92
370013;Perseverancia;CL 31 4 55;Comedor Comunitario SDIS;3115060243;La Macarena;La Macarena;3;Santa Fe;La Macarena;92
370014;Cruces II;KR 9 1 C 70;Comedor Comunitario SDIS;3144443303;Las Cruces;Las Cruces;3;Santa Fe;Las Cruces;95
370015;Veracruz;KR 12 20 81;Comedor Comunitario SDIS;3115514217;La Alameda;La Alameda;3;Santa Fe;Las Nieves;93
370016;Alameda;CL 23 12 75;Comedor Comunitario SDIS;3133050935;La Alameda;La Alameda;3;Santa Fe;Las Nieves;93
470017;Juan Rey;TV 14 ESTE 69 A 84 SUR;Comedor Comunitario SDIS;3653107;Juan Rey (La Paz);S.C Ciudad Londres I;4;San Cristóbal;Los Libertadores;51
470018;San Martin de Loba;DG 41 SUR 2 A 77;Comedor Comunitario SDIS;2063601;San Martin Sur;San Martín de Loba;4;San Cristóbal;La Gloria;50
470019;Antioquia;TV 7 B ESTE 48 9 SUR;Comedor Comunitario SDIS;3102174098;El Paraiso;El Paraíso Urb. Antioquia;4;San Cristóbal;Los Libertadores;51
470020;Puente Colorado;TV 16 B ESTE 42 C 55 SUR;Comedor Comunitario SDIS;2082990;Altos Del Zipa;Los Alpes Del Zipa;4;San Cristóbal;La Gloria;50
470021;Altos del Poblado;Calle 40 SUR # 11 - 0;Comedor Comunitario SDIS;2078412;Altos Del Poblado;El Poblado;4;San Cristóbal;La Gloria;50
470023;Veinte de Julio;KR 5 A 29 22 SUR;Comedor Comunitario SDIS;2066171;Suramerica;Suramérica;4;San Cristóbal;20 de Julio;34
470024;Buenos Aires;KR 5 ESTE 8 70 SUR;Comedor Comunitario SDIS;2837063;Vitelma;S.C. Vitelma;4;San Cristóbal;Sosiego;33
470025;Atenas;KR 2 ESTE 36 F 26 SUR;Comedor Comunitario SDIS;2063548;Atenas;Atenas;4;San Cristóbal;20 de Julio;34
470026;La Joyita;KR 1 32 74 SUR;Comedor Comunitario SDIS;3635684;Bello Horizonte;La Joyita Bello Horizonte;4;San Cristóbal;20 de Julio;34
470027;Amapolas;KR 12 C ESTE 29 9 SUR;Comedor Comunitario SDIS;3107584482;San Blas II;Amapolas II Sector;4;San Cristóbal;San Blas;32
470028;Santa Ines;KR 5 ESTE 29 70 SUR;Comedor Comunitario SDIS;2068472;Santa Ines Sur;Santa Inés Sur;4;San Cristóbal;San Blas;32
570029;Barranquillita;CL 69 D SUR 3 15;Comedor Comunitario SDIS;2004974;La Aurora;La Aurora_;5;Usme;Gran Yomasa;57
570030;Virrey Chuniza;AC 91 SUR 3 C 34 ESTE;Comedor Comunitario SDIS;3132918260;Charala;Chuniza;5;Usme;Comuneros;58
570032;El Bosque;TV 7 ESTE 82 21 SUR;Comedor Comunitario SDIS;3118639867;El Bosque;El Bosque;5;Usme;Gran Yomasa;57
570034;Juan Jose Rondon;CL 90 SUR 14 A 21 ESTE;Comedor Comunitario SDIS;3217043091;Tocaimita Sur;Juan Jose Rondon II Sector Union;5;Usme;La Flora;52
570035;Villa Rosita;CL 87 A SUR 22 58 ESTE;Comedor Comunitario SDIS;3651017;Tihuaque Rural;Villa Rosita;5;Usme;La Flora;52
570036;Nutriendo Hoy Como Futuro;KR 14 ESTE 76 79 SUR;Comedor Comunitario SDIS;3102177354;La Cabana;La Cabaña_;5;Usme;La Flora;52
570037;Semillas de Antaño;KR 14 ESTE 76 D 33 SUR;Comedor Comunitario SDIS;3655382;La Cabana;La Cabaña_;5;Usme;La Flora;52
570039;Lorenzo Alcantuz;KR 5 B 102 A 18 SUR;Comedor Comunitario SDIS;3112578802;Desarrollo Brazuelos;Brazuelos Sector El Paraiso;5;Usme;Comuneros;58
570040;Villa Alemania;CL 111 A SUR 5 C 51 ESTE;Comedor Comunitario SDIS;3162482372;Villa Israel;Villa Alemania;5;Usme;Ciudad Usme;61
670041;San Vicente Ferrer;CL 55 A SUR 33 33;Comedor Comunitario SDIS;7285249;San Vicente Ferrer;San Vicente Ferrer;6;Tunjuelito;Venecia;42
670042;El Carmen II;CL 47 B SUR 28 62;Comedor Comunitario SDIS;7106369;Samore;Samore;6;Tunjuelito;Venecia;42
670043;Isla del Sol;CL 66 SUR 65 A 8;Comedor Comunitario SDIS;7116532;Isla Del Sol;Isla del Sol;6;Tunjuelito;Venecia;42
670044;Santa Lucia Sur;CL 47 SUR 19 72;Comedor Comunitario SDIS;2050115;Santa Lucia;Santa Lucia Sur;6;Tunjuelito;Quiroga;39
770045;Nuevo Chile;KR 71 D 56 D 24 SUR;Comedor Comunitario SDIS;7787294;Olarte;Olarte;7;Bosa;Apogeo;49
770047;Bosanova;KR 87 BIS 59 C 20 SUR;Comedor Comunitario SDIS;3168769219;Bosa Nova El Porvenir;Bosa Nova;7;Bosa;Bosa Occidental;84
770048;San Pedro;KR 87 B 66 C 8 SUR;Comedor Comunitario SDIS;7842150;San Pedro;San Pedro II;7;Bosa;Bosa Occidental;84
770050;Potreritos;KR 88 J 78 8 SUR;Comedor Comunitario SDIS;5710715;Villa Emma;S.C. San Bernardino XVIII;7;Bosa;Tintal Sur;87
770051;San Bernardino;CL 78 SUR 88 F 10;Comedor Comunitario SDIS;4013121;San Bernardino Potreritos;La Esperanza II Sector - Tokio;7;Bosa;Tintal Sur;87
770052;Comuneros;KR 89A 49D 01 SUR;Comedor Comunitario SDIS;7330986;Brasil;Villa de los Comuneros;7;Bosa;Bosa Occidental;84
770053;Bosques de Maryland;CL 74 B SUR 88 A 91;Comedor Comunitario SDIS;7775291;Los Laureles;Ciudadela Roberto Pachon;7;Bosa;Bosa Central;85
770054;San Eugenio;CL 85 A SUR 77 G 15 M1 INT 1;Comedor Comunitario SDIS;4495861;San Diego-Bosa;Urb. San_Diego;7;Bosa;Bosa Central;85
770056;Brasilia;CL 51 SUR 87 D 50;Comedor Comunitario SDIS;4061221;Brasilia;Brasilia I Sector;7;Bosa;Bosa Occidental;84
870086;Villa Liliana;CL 16 B 81 G 45;Comedor Comunitario SDIS;4118130;El Vergel;El Vergel Occidental;8;Kennedy;Castilla;46
870087;Saucedal;CL 38 A SUR 82 A 69;Comedor Comunitario SDIS;2731932;Llano Grande;El Llanito;8;Kennedy;Corabastos;80
870088;Perpetuo Socorro;KR 78D 47B 66 SUR;Comedor Comunitario SDIS;4531975;Tocarema;Berlín;8;Kennedy;Timiza;48
870089;Timiza;KR 78 A 43 37 SUR;Comedor Comunitario SDIS;4501051;Tocarema;Nueva Timiza;8;Kennedy;Timiza;48
870091;Alqueria  la Fragua;KR 68 F 37 F 20 SUR;Comedor Comunitario SDIS;2301740;Alqueria La Fragua;Salvador Allende;8;Kennedy;Carvajal;45
870092;Amparo Cañizarez;CL 41 SUR 80 I 7;Comedor Comunitario SDIS;3114683315;Chucua De La Vaca II;Amparo Cañizares;8;Kennedy;Corabastos;80
870093;El Amparo;KR 81 F 42 37 SUR;Comedor Comunitario SDIS;5713311;Chucua De La Vaca II;El Amparo;8;Kennedy;Corabastos;80
870094;Villas de la Loma;KR 81 G 42 D 3 SUR;Comedor Comunitario SDIS;4543647;Chucua De La Vaca I;Villa de la Torre;8;Kennedy;Corabastos;80
870095;Villas de Kennedy;DG 54 A SUR 81 G 92;Comedor Comunitario SDIS;4519708;El Carmelo;Villas de Kennedy;8;Kennedy;Gran Britalia;81
970096;La Giralda;CL 23 109 A 15;Comedor Comunitario SDIS;5421597;Versalles Fontibon;Urb. El Chital II Sector;9;Fontibón;Fontibón;75
970097;Prados de Alameda;KR 137 A 17 A 59;Comedor Comunitario SDIS;5499511;Charco Urbano;Prados de la Alameda;9;Fontibón;Fontibón San Pablo;76
970098;Selva Dorada;CL 22 K 123 3;Comedor Comunitario SDIS;5479384;Brisas Aldea Fontibon;Selva Dorada;9;Fontibón;Fontibón San Pablo;76
970099;Zona Franca La Estancia;CL 14 B 119 A 71;Comedor Comunitario SDIS;4044776;El Chanco I;El Charco;9;Fontibón;Zona Franca;77
970100;Flandes;KR 111 A 17 A 14;Comedor Comunitario SDIS;4186435;Villa Carmenza;Flandes;9;Fontibón;Fontibón;75
1070101;Garces Navas;CL 76 A 104 18;Comedor Comunitario SDIS;3133496436;Garces Navas Oriental;Garcés Navas;10;Engativá;Garcés Navas;73
1070102;Luis Carlos Galan;KR 94 G 93 27;Comedor Comunitario SDIS;2273651;Luis Carlos Galan;Luís Carlos Galán;10;Engativá;El Minuto de Dios;29
1070103;Laureles;CL 63 F 113 A 16;Comedor Comunitario SDIS;2291405;Villa Gladys;Los Laureles;10;Engativá;Engativa;74
1070104;San Ignacio;DG 47 75 8;Comedor Comunitario SDIS;2631246;San Ignacio;San Ignacio;10;Engativá;Santa Cecilia;31
1070105;Boyaca Real;KR 74 A 68 A 15;Comedor Comunitario SDIS;2511891;Boyaca;S.C. Boyacá;10;Engativá;Boyacá Real;30
1070106;La Florida;KR 89 68 A 8;Comedor Comunitario SDIS;2753816;Florida Blanca;Florida Blanca;10;Engativá;Boyacá Real;30
1070107;Las Ferias;CL 79 69 Q 55;Comedor Comunitario SDIS;2400191;Las Ferias Occidental;Las Ferias Occidental;10;Engativá;Las Ferias;26
1070108;La Estrada;KR 69 C 69 75;Comedor Comunitario SDIS;3138040568;La Estrada;La Estrada;10;Engativá;Las Ferias;26
1170109;San Carlos de Tibabuyes;Carrera 140 A # 142 - 41;Comedor Comunitario SDIS;3143307766;Berlin;Berlin;11;Suba;Tibabuyes;71
1170110;Taberin;CL 129 F 87 18;Comedor Comunitario SDIS;6812958;Los Naranjos;Taberin;11;Suba;El Rincón;28
1170111;Rincon Rubi;CL 128 94 3;Comedor Comunitario SDIS;6822312;Rincon De Suba;San Cayetano;11;Suba;El Rincón;28
1170113;Lisboa;CL 136 154 10;Comedor Comunitario SDIS;6889174;Lisboa;Lisboa;11;Suba;Tibabuyes;71
1170114;Fontanar del Rio;CL 144 141 C 30;Comedor Comunitario SDIS;6975266;Tibabuyes II;Vereda Tibabuyes - Fontanar del Río;11;Suba;Tibabuyes;71
1170115;La Aguadita;CL 128 86 C 38;Comedor Comunitario SDIS;6818193;Villa Alcazar;La Aguadita I y II;11;Suba;El Rincón;28
1170116;Cañiza;CL 128 A BIS 121 B 20;Comedor Comunitario SDIS;5374810;Tibabuyes;Cañiza I, II y III;11;Suba;Tibabuyes;71
1170117;Caminos de La Esperanza;CL 157 96A 16;Comedor Comunitario SDIS;SIN INFORMACION;Salitre Suba;Salitre I Sector;11;Suba;Suba;27
1170118;Las Flores;KR 108 A 140 45;Comedor Comunitario SDIS;6971621;Puerta Del Sol;Los Comuneros Puerta del Sol;11;Suba;El Rincón;28
1870120;Palermo Sur;CL 51 SUR 1 B 71 ESTE;Comedor Comunitario SDIS;7141545;Palermo Sur;Palermo Sur;18;Rafael Uribe;Diana Turbay;55
1870121;Diana Turbay Sector Lanceros;KR 3 B 48 R 56 SUR;Comedor Comunitario SDIS;3138440838;Diana Turbay;Diana Turbay;18;Rafael Uribe;Diana Turbay;55
1870122;Diana Turbay Sector Plan Especial;CL 48 Z SUR 5 C 77;Comedor Comunitario SDIS;7711449;San Agustin;Diana Turbay S.C. San Agustín;18;Rafael Uribe;Diana Turbay;55
1870123;Diana Turbay Sector Comuneros;CL 48 Z SUR 2 C 16;Comedor Comunitario SDIS;3174561270;Diana Turbay;Diana Turbay;18;Rafael Uribe;Diana Turbay;55
1870124;Los Puentes;CL 48 P SUR 1 D 36;Comedor Comunitario SDIS;5686653;Arrayanes V;S.C. Arrayanes III, IV, y V;18;Rafael Uribe;Diana Turbay;55
1870125;Diana Turbay Sector Valle;KR 1 48 Q 30 SUR;Comedor Comunitario SDIS;SIN INFORMACION;Diana Turbay Arrayanes;Diana Turbay Arrayanes;18;Rafael Uribe;Diana Turbay;55
1870127;Ingles;CL 41 SUR 26 87;Comedor Comunitario SDIS;7605203;Ingles;S.C. Ingles;18;Rafael Uribe;Quiroga;39
1870128;Taza y Pan (Libertador);CL 35 SUR 25 24;Comedor Comunitario SDIS;3203566555;Murillo Toro;S.C. Murillo Toro;18;Rafael Uribe;Quiroga;39
1870131;Govarova;KR 7 49 F 14 SUR;Comedor Comunitario SDIS;7694340;Molinos Del Sur;Govaroba;18;Rafael Uribe;Marruecos;54
1870133;Resurreccion;DG 32 C SUR 12 D 34;Comedor Comunitario SDIS;3616368;Granjas De Santa Sofia;Resurrección;18;Rafael Uribe;Marco Fidel Suárez;53
1870134;Villas del Sol;CL 48 C SUR 10 D 54;Comedor Comunitario SDIS;5677344;Arboleda Sur;Villa del Sol;18;Rafael Uribe;Marruecos;54
1870135;Chircales;TV 5 J 48 J 01 SUR;Comedor Comunitario SDIS;5670903;Callejon Santa Barbara;Los Chircales;18;Rafael Uribe;Marruecos;54
1470136;San Victorino - La Favorita;KR 15 A 14 A 9;Comedor Comunitario SDIS;2837972;San Victorino;San Victorino;14;Los Mártires;La Sabana;102
1470137;Voto Nacional;CL 15 15 29;Comedor Comunitario SDIS;2836005;San Victorino;San Victorino;14;Los Mártires;La Sabana;102
1570138;Policarpa;KR 10 BIS 3 58 SUR;Comedor Comunitario SDIS;3102107568;Policarpa;Policarpa Salavarrieta;15;Antonio Nariño;Ciudad Jardín;35
1670139;Muzu (Tejar);KR 51 A 31 70 SUR;Comedor Comunitario SDIS;2305542;Alcala;Alcalá;16;Puente Aranda;Muzú;41
1670141;Puente Aranda;KR 56 15 34;Comedor Comunitario SDIS;2618484;Puente Aranda;Puente Aranda;16;Puente Aranda;Puente Aranda;111
1770143;Santa Barbara;CL 6 C 7 A 3;Comedor Comunitario SDIS;3280161;Santa Barbara;Santa Bárbara_;17;Candelaria;La Candelaria;94
1970145;Paraiso;KR 27 M 71 I 8 SUR;Comedor Comunitario SDIS;3118873226;Paraiso Quiba;_El Paraíso;19;Ciudad Bolívar;Lucero;67
1970146;Altos de La Cruz;TV 22 69 A 19 SUR;Comedor Comunitario SDIS;7155312;Juan Jose Rondon;Juan José Rondon_;19;Ciudad Bolívar;San Francisco;66
1970147;Juan Pablo II;KR 18 Q 68 B 27 SUR;Comedor Comunitario SDIS;7903896;Juan Pablo II;Juan Pablo II;19;Ciudad Bolívar;Lucero;67
1970148;Limonar;KR 18 D 81 28 SUR;Comedor Comunitario SDIS;7925142;El Minuto De Maria;El_Limonar;19;Ciudad Bolívar;El Tesoro;68
1970149;Divino Niño;CL 78 D SUR 15 24;Comedor Comunitario SDIS;3134764715;El Mochuelo;Divino Niño_;19;Ciudad Bolívar;El Tesoro;68
1970150;La Estrella;KR 18 D BIS 74 A 17 SUR;Comedor Comunitario SDIS;3115840436;Estrella Del Sur;Estrella del Sur;19;Ciudad Bolívar;Lucero;67
1970151;Naciones Unidas;KR 18 R 77 A 27 SUR;Comedor Comunitario SDIS;7906220;Cordillera Del Sur;Tierra Linda;19;Ciudad Bolívar;Lucero;67
1970152;Villas del Progreso;CL 73 SUR 20 6;Comedor Comunitario SDIS;2554846;Los Alpes Sur;Villas del Progreso;19;Ciudad Bolívar;Lucero;67
1970153;Los Alpes;KR 24 B 76 41 SUR;Comedor Comunitario SDIS;2554846;Cordillera Del Sur;Los Alpes;19;Ciudad Bolívar;Lucero;67
1970154;Estrella del Sur;CL 74 SUR 18 BIS 18;Comedor Comunitario SDIS;7914189;Estrella Del Sur;Estrella del Sur;19;Ciudad Bolívar;Lucero;67
1970155;Santa Viviana;CL 75 D SUR 75 C 3;Comedor Comunitario SDIS;5975048;Santa Viviana;Santa Viviana;19;Ciudad Bolívar;Ismael Perdomo;69
1970156;Jerusalen Canteras;KR 49 D 68 G 8 SUR;Comedor Comunitario SDIS;7155897;Bellavista;Jerusalén Bellavista;19;Ciudad Bolívar;Jerusalem;70
1970157;Huertas;KR 75 K 62 D 42 SUR;Comedor Comunitario SDIS;7793528;Maria Cano;Las Huertas;19;Ciudad Bolívar;Ismael Perdomo;69
1970158;San Fernando;DG 64 B SUR 19 21;Comedor Comunitario SDIS;2554846;Millan;San Fernando;19;Ciudad Bolívar;San Francisco;66
1970159;Bella Flor -Sector La Torre (La Cabaña);KR 27 75 A 50 SUR;Comedor Comunitario SDIS;7905783;La Torre;Bella Flor;19;Ciudad Bolívar;Lucero;67
1970161;Caracoli;CL 76 A SUR 74 B 5;Comedor Comunitario SDIS;7157360;Caracoli;Caracoli;19;Ciudad Bolívar;Ismael Perdomo;69
870046;Mi Segundo Hogar;KR 82 C 5 A 20 SUR;Comedor Comunitario SDIS;SIN INFORMACION;Maria Paz;Maria Paz;8;Kennedy;Corabastos;80
770055;Manzanares;KR 79 73 D 7 SUR;Comedor Comunitario SDIS;7809874;Charles De Gaulle;Charles De Gaulle II;7;Bosa;Bosa Central;85
1670140;Colon;KR 58 4 B 31;Comedor Comunitario SDIS;3115521842;San Gabriel;San Gabriel;16;Puente Aranda;San Rafael;43
870162;Nueva York;KR 68 I 39 61 SUR;Comedor Comunitario SDIS;SIN INFORMACION;Alqueria La Fragua II;El Progreso II Sector;8;Kennedy;Carvajal;45
670164;Abraham Lincoln;KR 9 A 52 48 SUR;Comedor Comunitario SDIS;7698321;Abraham Lincoln;Abraham Lincoln;6;Tunjuelito;Tunjuelito;62
170165;Buenavista;CL 192 5 C 24;Comedor Comunitario SDIS;5264974;Buenavista;Buenavista;1;Usaquén;Verbenal;9
1970167;Potosi;CL 81 SUR 42 76;Comedor Comunitario SDIS;7184181;Potosi;Jerusalen Potosi;19;Ciudad Bolívar;Jerusalem;70
1270168;Doce de Octubre;CL 72 51 20 PI 2;Comedor Comunitario SDIS;;Doce De Octubre;12 de Octubre;12;Barrios Unidos;Doce de Octubre;22
1370169;Teusaquillo;KR 33 23 51 BQ 3;Comedor Comunitario SDIS;;Centro Nariño;Centro Nariño;13;Teusaquillo;Quinta Paredes;107
770084;Porvenir;KR 100 52 24 SUR;Comedor Comunitario SDIS;SIN INFORMACION;Parcela El Porvenir;S.C Parcela El Porvenir;7;Bosa;El Porvenir;86
870085;Bella Vista;CL 38 SUR 94 C 29;Comedor Comunitario SDIS;3138653616;Galan;Bellavista_;8;Kennedy;Patio Bonito;82
870090;Lagos de Timiza;KR 74 42 G 52 SUR;Comedor Comunitario SDIS;4542328;Timiza A;Lagos De Timiza I;8;Kennedy;Timiza;48
108001;Usaquen 1;CL 165 7 02;Comisaría de Familia;6790056;Santa Teresa;Santa Teresa;1;Usaquén;La Uribe;10
208003;Chapinero;CL 61 7 51;Comisaría de Familia;3459765;Chapinero Central;S.C. Chapinero Central;2;Chapinero;Chapinero;99
308004;Santafe;CL 15 13 86;Comisaría de Familia;2435271;La Capuchina;La Capuchina;3;Santa Fe;Las Nieves;93
508007;Usme 1;CL 137 C SUR 2 A 51;Comisaría de Familia;7660455;Centro Usme Urbano;S.C. Centro Usme;5;Usme;Ciudad Usme;61
808014;Kennedy 3;KR 69 F 5 A 82;Comisaría de Familia;4137119;Hipotecho;Nueva Marsella I Sector;8;Kennedy;Americas;44
1108019;Suba 1;CL 146 A 94 A 5;Comisaría de Familia;6921592 - 6921593 - 6921594;Las Flores;Java I Sector;11;Suba;Suba;27
1208022;Barrios Unidos;CL 74 A 63 4;Comisaría de Familia;6602763 - 6851911;Simon Bolivar;Simón Bolívar;12;Barrios Unidos;Doce de Octubre;22
1308023;Teusaquillo;KR 17 39 A 38;Comisaría de Familia;3384624 - 3384623;La Magdalena;La Magdalena;13;Teusaquillo;Teusaquillo;101
1908025;Ciudad Bolivar 2;KR 18 B 60 G 21 SUR;Comisaría de Familia;7928280;Meissen;Altos de Jalisco;19;Ciudad Bolívar;Lucero;67
1408026;Los Martires;KR 21 14 75;Comisaría de Familia;2472602;El Liston;El Listón;14;Los Mártires;La Sabana;102
1708030;Candelaria;KR 8 5 28;Comisaría de Familia;3338596 - 3338597 - 2811615;Santa Barbara;Santa Bárbara_;17;Candelaria;La Candelaria;94
108002;Usaquen 2;CL 120 A 7 58;Comisaría de Familia;6375470;Santa Barbara Oriental;Santa Bárbara Oriental;1;Usaquén;Usaquen;14
1108021;Suba 4;KR 143 132 A 45;Comisaría de Familia;5364084;San Pedro;San Pedro de Tibabuyes;11;Suba;Tibabuyes;71
408006;San Cristobal 1;AC 20 SUR 1 40;Comisaría de Familia;3644866;Velodromo;S.C. Velódromo;4;San Cristóbal;Sosiego;33
508008;Usme 2;AK 1 73 B 66 SUR;Comisaría de Familia;2004793;Santa Librada Norte;Brasilia Sur;5;Usme;Gran Yomasa;57
608009;Tunjuelito;CL 52 SUR 7 10;Comisaría de Familia;7695748 - 2059509;Abraham Lincoln;Abraham Lincoln;6;Tunjuelito;Tunjuelito;62
708010;Bosa 2;KR 100 52 24 SUR;Comisaría de Familia;;La Cabana;El Regalo;7;Bosa;El Porvenir;86
808012;Kennedy 2;KR 87 5 41;Comisaría de Familia;4518954;Galan;Patio Bonito II Sector;8;Kennedy;Patio Bonito;82
808013;Kennedy 1;KR 74 42 G 52 SUR;Comisaría de Familia;4542717;Timiza A;Lagos De Timiza I;8;Kennedy;Timiza;48
908015;Fontibon;KR 82 25 C 58;Comisaría de Familia;2672250 - 2672695;Santa Cecilia;Santa_Cecilia;9;Fontibón;Modelia;114
1008016;Engativa 2;AC 72 110 D 13;Comisaría de Familia;4424996;Villa Amalia;Villa Amalia;10;Engativá;Garcés Navas;73
1008017;Engativa 1;CL 71 73 A 44;Comisaría de Familia;2916670 Ext. 2214 - 2215;Boyaca;S.C. Boyacá;10;Engativá;Boyacá Real;30
1108018;Suba 2;TV 126 133 32;Comisaría de Familia;6903585;Tibabuyes;La Gaitana;11;Suba;Tibabuyes;71
1108020;Suba 3;KR 94 A 129 B 28;Comisaría de Familia;6851911;El Rincon Norte;Rincón Escuela;11;Suba;El Rincón;28
1608027;Puente Aranda;CL 4 31 D 20;Comisaría de Familia;2777119 - 2771025;Comuneros;Veraguas Central;16;Puente Aranda;Ciudad Montes;40
1508028;Antonio Nariño;DG 19 SUR 19 33;Comisaría de Familia;2390605;Restrepo;Restrepo;15;Antonio Nariño;Restrepo;38
1808029;Rafael Uribe Uribe;CL 32 SUR 23 62;Comisaría de Familia;3663916 - 3661917;Quiroga;S.C. Quiroga;18;Rafael Uribe;Quiroga;39
808032;Kennedy 4 (Casa de la Justicia);TV 73 D 38 C 72 SUR;Comisaría de Familia;SIN INFORMACION;Timiza;Kennedy Supermanzana 6 A;8;Kennedy;Carvajal;45
1052001;Comunidad de Vida Hogar El Camino;KR 69 47 87;Comunidad Terapéutica;4105461;Jardin Botanico;S.C. Jardín Botánico;10;Engativá;Jardín Botánico;105
102001;Usaquen;CL 165 7 38;Emergencia Social;6709098;Santa Teresa;Santa Teresa;1;Usaquén;La Uribe;10
202002;Chapinero;CL 50 A 13 58;Emergencia Social;2493212;Marly;S.C. Marly;2;Chapinero;Chapinero;99
302003;Santafe - Candelaria;KR 2 4 10;Emergencia Social;2897449;Lourdes;Lourdes 2;3;Santa Fe;Las Cruces;95
502005;Usme - Sumapaz;AC 91 SUR 3 C 34 ESTE;Emergencia Social;2006448 EXT. 17;Charala;Chuniza;5;Usme;Comuneros;58
602006;Tunjuelito;DG 47 A SUR 53 92;Emergencia Social;2308943;Venecia;Venecia;6;Tunjuelito;Venecia;42
702007;Bosa;CL 73 SUR 81 B 10;Emergencia Social;7753064;Gran Colombiano;Grancolombiano II Sector;7;Bosa;Bosa Central;85
802008;Kennedy;CL 38 SUR 94 C 29;Emergencia Social;4542714 EXT 02;Galan;Bellavista_;8;Kennedy;Patio Bonito;82
902009;Fontibon;KR 104 B 22 J 15;Emergencia Social;4159214;La Cabana Fontibon;La Giralda;9;Fontibón;Fontibón;75
902010;Atencion Al Migrante Terminal de Transporte;CL 22 C 68 F 37;Emergencia Social;2951047;Terminal De Transportes;Terminal de Transportes;9;Fontibón;Ciudad Salitre Occidental;110
1102012;Suba;KR 91 146 C 15;Emergencia Social;6857436;Suba Urbano;S.C. Suba Urbano;11;Suba;Suba;27
1402015;Martires;DG 22 B BIS 20 51;Emergencia Social;3617350;Santa Fe;Santa Fe;14;Los Mártires;La Sabana;102
1602016;Puente Aranda - Antonio Nariño;KR 33 4 A 23;Emergencia Social;2373467;Comuneros;Veraguas Central;16;Puente Aranda;Ciudad Montes;40
1202013;Barrios Unidos - Teusaquillo;KR 58 67 D 31;Emergencia Social;2509877;Popular Modelo;Popular Modelo;12;Barrios Unidos;Doce de Octubre;22
1802017;Rafael Uribe Uribe;KR 15 C 31 G 40 SUR;Emergencia Social;2090454 EXT 107;Gustavo Restrepo;Gustavo Restrepo;18;Rafael Uribe;San José;36
1657001;Centro Acogida Hogar de Paso IDIPRON;CL 10 A 45 9;Hogar de Paso;2687974;Gorgonzola;Gorgonzola;16;Puente Aranda;Zona Industrial;108
1657002;Centro Autocuidado 1 SDIS;KR 35 10 37;Hogar de Paso;SIN INFORMACION;Pensilvania;Pensilvania;16;Puente Aranda;Zona Industrial;108
1657003;Centro Acogida Hogar de Paso Día y Noche SDIS;KR 35 10 69;Hogar de Paso;SIN INFORMACION;Pensilvania;Pensilvania;16;Puente Aranda;Zona Industrial;108
1832001;Sala Cuna Olaya;KR 26 A 41 46 SUR;Jardín Infantil ACUNAR;7698004;Ingles;S.C. Ingles;18;Rafael Uribe;Quiroga;39
832002;Kennedy Salacuna;CL 40 C SUR 79 10;Jardín Infantil ACUNAR;2645680;Ciudad Kennedy Occidental;Ciudad Kennedy Supermanzana 13 San Jorge;8;Kennedy;Kennedy Central;47
832003;El Caracol;KR 95 A 34 76 SUR;Jardín Infantil ACUNAR;3133614631;Galan;Los Pantanos;8;Kennedy;Calandaima;79
1232004;Los Alcazares;KR 28 70 08;Jardín Infantil ACUNAR;3117096;Alcazares;Los Alcßzares;12;Barrios Unidos;Los Alcázares;98
932005;Sabana Grande;KR 106 15 A 32;Jardín Infantil ACUNAR;;Sabana Grande;Predio Cundinamarca;9;Fontibón;Zona Franca;77
732006;Gioconda Belli;CALLE 70 C SUR 80 26;Jardín Infantil ACUNAR;;El Retazo;Naranjos El Retazo;7;Bosa;Bosa Central;85
732007;La Estación de la Alegria;CL 63 SUR 77 L 51;Jardín Infantil ACUNAR;SIN INFORMACION;GUALOCHE;La Estaci¾n;7;Bosa;Bosa Central;85
1132008;Pato Pico de Oro;CL 138 153 A 23;Jardín Infantil ACUNAR;SIN INFORMACION;SANTA RITA DE SUBA;Santa Rita de Suba;11;Suba;Tibabuyes;71
632009;El Tunjo;DG 49 A SUR 28 32;Jardín Infantil ACUNAR;4758849;EL CARMEN;El Carmen_;6;Tunjuelito;Venecia;42
632010;Simoncito;KR 65 A 62 C 16 SUR;Jardín Infantil ACUNAR;7244799;ISLA DEL SOL;Isla del Sol;6;Tunjuelito;Venecia;42
1932011;Portadores de Sueños;KR 17 N 65 A 29 SUR;Jardín Infantil ACUNAR;SIN INFORMACION;Mexico;MÚxico;19;Ciudad Bolívar;Lucero;67
1932012;Sauces 2 - el Preguntario;KR 19 G 67 21 SUR;Jardín Infantil ACUNAR;3152512723;SAN FRANCISCO;San Francisco II Sector;19;Ciudad Bolívar;San Francisco;66
832013;Semillas del Futuro;CL 5 A 86 A 34;Jardín Infantil ACUNAR;SIN INFORMACION;TAIRONA;Tayrona;8;Kennedy;Patio Bonito;82
832014;Campo de Sueños (La Igualdad);KR 70 B N 2 34;Jardín Infantil ACUNAR;3118986362;HIPOTECHO OCCIDENTAL;Centro Americas;8;Kennedy;Americas;44
832015;Creciendo Felices (Pastranita);CL 50 A SUR 80 A 44;Jardín Infantil ACUNAR;3168386689;Casa Blanca Sur;Pastranita I Sector;8;Kennedy;Gran Britalia;81
832016;Las Voces de los Niños (El Rubi);KR 78 M 57 H 12 SUR;Jardín Infantil ACUNAR;3153126700;EL RUBI;El Rubí de Kennedy;8;Kennedy;Timiza;48
832017;Creadores de Sueños (Boita);KR 72 L BIS N 48 B 51 SUR;Jardín Infantil ACUNAR;3115472875;BOITA;Boita I Sector;8;Kennedy;Timiza;48
1132018;Iguanita Azul;CARRERA 92 157 21;Jardín Infantil ACUNAR;SIN INFORMACION;SALITRE SUBA;Horizonte Salitre;11;Suba;Suba;27
1232019;La Ciudad que Soñamos;KR 22 63 D 16;Jardín Infantil ACUNAR;3102800501;MUEQUETA;Muequeta;12;Barrios Unidos;Los Alcázares;98
1832020;Lunita del Saber;KR 2 B 48 Y 22 SUR;Jardín Infantil ACUNAR;SIN INFORMACION;DIANA TURBAY;Diana Turbay;18;Rafael Uribe;Diana Turbay;55
1132021;La Ranita Dorada;CL 127 F 93 55;Jardín Infantil ACUNAR;SIN INFORMACION;LOS NARANJOS;Palma Aldea;11;Suba;El Rincón;28
732022;Cuidapolis;KR 78 M 58 K 15 SUR;Jardín Infantil ACUNAR;SIN INFORMACION;JOSE ANTONIO GALAN;JosÚ Antonio Galßn;7;Bosa;Bosa Central;85
1632023;Aserrin Aserran;CL 9 SUR 35 A 4;Jardín Infantil ACUNAR;SIN INFORMACION;REMANSO;Santa Matilde II Sector;16;Puente Aranda;Ciudad Montes;40
732024;Taller de Las Mariposas;KR 80 C 65 F 29 SUR;Jardín Infantil ACUNAR;SIN INFORMACION;JIMENEZ DE QUESADA II SECTOR;JimÚnez De Quesada;7;Bosa;Bosa Central;85
1032025;Engativa II;CL 64 D 113 B 49;Jardín Infantil ACUNAR;SIN INFORMACION;Villa Gladys;S.C. Villa Gladys;10;Engativá;Engativa;74
232026;Casa de Hadas;CL 96 A 6 37 ESTE;Jardín Infantil ACUNAR;3167422646;;San Luís Altos del Cabo;2;Chapinero;San Isidrio-Patios;89
832027;La Casita de Los Bebes;KR 78 J 39 A 03 SUR;Jardín Infantil ACUNAR;4061263;Ciudad Kennedy Central;Ciudad Kennedy Supermanzana 8;8;Kennedy;Kennedy Central;47
732031;Creciendo felices/La ruta de nuestros sueños;KR 87 57 B 36 SUR;Jardín Infantil ACUNAR;3202182700;ESCOCIA;;7;Bosa;Bosa Occidental;84
1332032;Lugar de Recreo Casa Palermo;CL 45 C 24  42;Jardín Infantil ACUNAR;3017835900;PALERMO;;13;Teusaquillo;Galerías;100
1832033;Castillos del Contry (Sueños y Sonrisas);CL 27 A SUR 11 A 23;Jardín Infantil ACUNAR;;SOSIEGO SUR;;18;Rafael Uribe;San José;36
532034;Copito de nieve;KR 17 ESTE  No 87 C 25 SUR;Jardín Infantil ACUNAR;3118546998;JUAN JOSE RONDON I;;5;Usme;La Flora;52
632035;Espiguita Dorada;AK 16 B 51 24 SUR;Jardín Infantil ACUNAR;3153975140;Tunjuelito;;6;Tunjuelito;Tunjuelito;62
532036;Gran Yomasa;KR 1 A ESTE 75 20 SUR;Jardín Infantil ACUNAR;3145197880;;;5;Usme;Gran Yomasa;57
1632038;Salacuna Primavera y Gorgonzola;CL 4 D 40 55;Jardín Infantil ACUNAR;3511990;Primavera Occidental;Primavera Occidental;16;Puente Aranda;Ciudad Montes;40
832039;Brisas de alegrìa;CL 41 SUR 94 12;Jardín Infantil ACUNAR;;CIUDAD DE CALI;;8;Kennedy;Patio Bonito;82
932040;Villa Andrea;CL 17 C 134 70;Jardín Infantil ACUNAR;3866028-3002012580;Puente Grande;;9;Fontibón;Fontibón San Pablo;76
1232041;Barquito de Casacanuez (J Vargas);KR 64 67 D 58;Jardín Infantil ACUNAR;3208992820;;;12;Barrios Unidos;Doce de Octubre;22
1132042;La Tingua;KR 145 B 139 15;Jardín Infantil ACUNAR;3102890890;;;11;Suba;Tibabuyes;71
832043;Juegos y aventuras;KR 98 A 42 13 SUR;Jardín Infantil ACUNAR;;LOS ALMENDROS;;8;Kennedy;Patio Bonito;82
532044;Nelson Mandela;KR 1 102 02 SUR;Jardín Infantil ACUNAR;;USMINIA;;5;Usme;Comuneros;58
732045;Sonrisas de la Niñez;CL 60 SUR 87 31;Jardín Infantil ACUNAR;3133675470;Bosa Nova el Porvenir;Bosa Nova;7;Bosa;Bosa Occidental;84
932046;El Principito;KR 100  23 22;Jardín Infantil ACUNAR;;San Jose de Fontibon;Veracruz_II Sector;9;Fontibón;Fontibón;75
1132047;Mariposas Amarillas;KR 152 A 138 D 11;Jardín Infantil ACUNAR;3143120600;Sabana De Tibabuyes Norte;Rincón de Santa Inés Compartir Suba;11;Suba;Tibabuyes;71
732048;El Vagón del Búho;CL 63 SUR 77 L 51;Jardín Infantil ACUNAR;SIN INFORMACION;Gualoche;La Estación;7;Bosa;Bosa Central;85
632049;Rosita Encantada;KR 19 56 A 73 SUR;Jardín Infantil ACUNAR;3203574490;San Carlos;San Benito;6;Tunjuelito;Tunjuelito;62
1932050;Alegrias del Sur;CL 69 SUR 54 13;Jardín Infantil ACUNAR;;Sierra Morena;Sierra Morena;19;Ciudad Bolívar;Ismael Perdomo;69
832051;CASTILLO DE COLORES;Carrera 98 A 41 - 13 Sur;Jardín Infantil ACUNAR;;ALMENDROS;;8;Kennedy;Patio Bonito 82;0
832052;MANITAS Y PINCELADAS CREATIVAS;CLL 38 A SUR 90 A - 56;Jardín Infantil ACUNAR;;RIVERAS DE OCCIDENTE;;8;Kennedy;PATIO BONITO;0
332055;Con-Jugando;KR 13 1 B 31;Jardín Infantil ACUNAR;;San Bernardino;San_Bernardo;3;Santa Fe;Las Cruces;95
1132056;El Castorcito;CL 134 A 150 B 3;Jardín Infantil ACUNAR;;Lisboa;San Pedro de Tibabuyes;11;Suba;Tibabuyes;71
532057;La Aurora;KR 3 69 D 35 SUR;Jardín Infantil ACUNAR;;La Aurora;La Aurora;5;Usme;Gran Yomasa;57
832059;La Lucerna;CL 38 D SUR 72 Q 91;Jardín Infantil ACUNAR;;Provivienda Occidental;Lucerna;8;Kennedy;Carvajal;45
532060;Francesco Tonucci;KR 6 F ESTE 107 55 SUR;Jardín Infantil ACUNAR;;Puerta Al Llano De Usme;El Uval II Sector;5;Usme;Alfonso Lopez;59
832061;Forjadores de Paz;KR 91 BIS 26 3 SUR;Jardín Infantil ACUNAR;;Calandamia;Calandamia;8;Kennedy;Calandamia;79
1910001;Casa de Teja Enanito Saltarin;CL 75 A SUR 17 A 61;Jardín Infantil C.V.;7618369;Sotavento;Rincón del Diamante;19;Ciudad Bolívar;El Tesoro;68
110002;San Antonio Norte;KR 7 A 182 A 81;Jardín Infantil C.V.;6793099;El Rocio Norte;San Antonio Norte;1;Usaquén;Verbenal;9
110003;Tibabita;AC 191 8 38;Jardín Infantil C.V.;6743865;Tibabita;Urb. El Palmar;1;Usaquén;Verbenal;9
110004;Horizontes;KR 3 A 183 A 15;Jardín Infantil C.V.;6749895;Horizontes Norte;Horizontes;1;Usaquén;Verbenal;9
110005;Santa Cecilia;KR 5 A 164 A 3;Jardín Infantil C.V.;6682035;Bosque De Pinos;Santa Cecilia Parte Baja;1;Usaquén;San Cristóbal Norte;11
110007;Orquideas;CL 161 16 B 33;Jardín Infantil C.V.;6680541;Estrella Del Norte;Villa Magdala;1;Usaquén;Toberin;12
310009;Santa Rosa de Lima;CL 1 D 6 3 ESTE;Jardín Infantil C.V.;2336180;El Rocio;Santa Rosa De Lima;3;Santa Fe;Lourdes;96
310010;Goticas de Rocio;CL 3 5 B 54 ESTE;Jardín Infantil C.V.;3339442;El Rocio;Rocío Parte Baja;3;Santa Fe;Lourdes;96
410011;La Peninsula;CL 47 SUR 1 3;Jardín Infantil C.V.;2071903;Canada O Guira;La Península;4;San Cristóbal;Los Libertadores;51
410012;Villa de La Paz;KR 9 A ESTE 62 35 SUR;Jardín Infantil C.V.;3654500;La Belleza;La Belleza;4;San Cristóbal;Los Libertadores;51
410013;Alex y Nieves;DG 59 SUR 16 25 ESTE;Jardín Infantil C.V.;3652276;San Rafael Usme;San Rafael Sur Oriental;4;San Cristóbal;Los Libertadores;51
410014;San Miguel;CL 44 SUR 3 82 ESTE;Jardín Infantil C.V.;2079827;La Gloria Occidental;La Gloria;4;San Cristóbal;La Gloria;50
410015;Guacamayas (Mi Pequeño Paraiso);CL 37 A SUR 3 84;Jardín Infantil C.V.;2075591;Guacamayas III;Las Guacamayas;4;San Cristóbal;La Gloria;50
410016;San Isidro Los Cariñositos;CL 35 A SUR 6 A 15;Jardín Infantil C.V.;3613803;Las Lomas;San Isidro_II;4;San Cristóbal;20 de Julio;34
410018;Republicade Canada;TV 12 B ESTE 55 A 98 SUR;Jardín Infantil C.V.;3651493;Los Libertadores;Los Libertadores;4;San Cristóbal;Los Libertadores;51
410020;Juan Rey;CL 71 SUR 13 B 22 ESTE;Jardín Infantil C.V.;3653199;Juan Rey (La Paz);Juan Rey;4;San Cristóbal;Los Libertadores;51
410021;San Martin de Loba;CL 42 SUR 1 51 ESTE;Jardín Infantil C.V.;3672191;San Martin Sur;San Martín de Loba;4;San Cristóbal;La Gloria;50
510022;Serranias;KR 1 G ESTE 81 36 SUR;Jardín Infantil C.V.;2004767;Serranias;Serranías;5;Usme;Gran Yomasa;57
510024;Marichuela;CL 77 A SUR 14 C 32;Jardín Infantil C.V.;7621635;Marichuela;Marichuela;5;Usme;Gran Yomasa;57
510025;Gran Yomasa;KR 3 A ESTE 82 14 SUR;Jardín Infantil C.V.;7641279;Gran Yomasa;Gran Yomasa;5;Usme;Gran Yomasa;57
510026;Tenerife;CL 91 B SUR 1 10;Jardín Infantil C.V.;7620931;Monteblanco;Tenerife;5;Usme;Comuneros;58
510027;Nueva Esperanza Olivares;KR 4 B ESTE 75 B 80 SUR;Jardín Infantil C.V.;7684733;La Cabana;Olivares;5;Usme;Gran Yomasa;57
510028;Pebles y Bam Bam;CL 76 B SUR 1 G 8 ESTE;Jardín Infantil C.V.;2005102;La Andrea;Almirante Padilla;5;Usme;Gran Yomasa;57
510029;La Flora;KR 11 C ESTE 74 A 7 SUR;Jardín Infantil C.V.;9136649;Juan Rey Sur;La Flora;5;Usme;La Flora;52
510030;Puerta al Llano;KR 7 D ESTE 113 60 SUR;Jardín Infantil C.V.;7682679;Puerta Al Llano De Usme;Puerta al Llano;5;Usme;Alfonso López;59
510031;Lorenzo Alcantuz;DG 102 SUR 3 B 57 ESTE;Jardín Infantil C.V.;7612223;Usminia;Lorenzo Alcantuz I Sector;5;Usme;Comuneros;58
510032;Fiscala;CL 63 SUR 4 C 16 ESTE;Jardín Infantil C.V.;7733171;La Fiscala Norte;La Fiscala Norte;5;Usme;Danubio;56
510033;Alaska;KR 3A ESTE 67 11 SUR;Jardín Infantil C.V.;2005520;Serranias I;El Rubí_;5;Usme;Danubio;56
510034;Nevado;CL 68 C SUR 2 12 ESTE;Jardín Infantil C.V.;7642293;El Nevado;S.C. El Nevado;5;Usme;Gran Yomasa;57
510035;Casa Loma;TV 8 ESTE 84 D 15 SUR;Jardín Infantil C.V.;7620116;San Felipe De Usme;Casaloma_;5;Usme;Gran Yomasa;57
510036;Comuneros Asvecom - Usme;KR 5 A ESTE 95 96 SUR;Jardín Infantil C.V.;76410 68;Comuneros;Comuneros;5;Usme;Comuneros;58
510037;Chuniza;KR 1 G ESTE 90 12 SUR;Jardín Infantil C.V.;7620116;Chuniza;Chuniza I;5;Usme;Comuneros;58
610038;Isla del Sol;CL 67 B SUR 63 15;Jardín Infantil C.V.;7107374;Isla Del Sol;Isla del Sol;6;Tunjuelito;Venecia;42
710040;La Cabaña;KR 90 B 56 G 20 SUR;Jardín Infantil C.V.;7232063;La Cabana;La Cabaña y La Suerte;7;Bosa;El Porvenir;86
710041;Pequeños Gigantes;KR 89 52 B 61 SUR;Jardín Infantil C.V.;7846041;Brasil;El Porvenir_Sector Brasil;7;Bosa;Bosa Occidental;84
710043;Olarte;KR 71 D 54 15 SUR;Jardín Infantil C.V.;7827258;Olarte;Olarte;7;Bosa;Apogeo;49
710046;Humberto Valencia;KR 82 71 A 35 SUR;Jardín Infantil C.V.;7776094;Paso Ancho;Humberto Valencia II Sector;7;Bosa;Bosa Central;85
710047;Villa Clemencia;KR 86 A 57 C 47 SUR;Jardín Infantil C.V.;7833582;Escocia;El Paraíso__;7;Bosa;Bosa Occidental;84
710048;La Escuelita;CL 61 B SUR 84 B 12;Jardín Infantil C.V.;7851603;La Paz Bosa;La Paz II Sector;7;Bosa;Bosa Occidental;84
710049;Los Bulliciosos;KR 87 I 65 19 SUR;Jardín Infantil C.V.;7233534;Chico Sur;La_Estanzuela;7;Bosa;Bosa Occidental;84
710050;La Libertad;KR 87 M 59 1 SUR;Jardín Infantil C.V.;7845712;Escocia;La Libertad Sector Magnolia;7;Bosa;Bosa Occidental;84
710051;Israelita;KR 78 C 73 B 15 SUR;Jardín Infantil C.V.;7796090;Jose Maria Carbonel;El Llano Sector Fandino;7;Bosa;Bosa Central;85
510052;Santa Marta;CL 68 C SUR 1 80 ESTE;Jardín Infantil C.V.;7626700;Barranquillita;Santa Martha;5;Usme;Gran Yomasa;57
710053;Nuevo Chile;CL 56 SUR 73 A 12;Jardín Infantil C.V.;7795130;Cementerio Jardines Apogeo;Nuevo Chile;7;Bosa;Apogeo;49
710054;Bosanova;KR 87 BIS 59 C 20 SUR;Jardín Infantil C.V.;7846341;Bosa Nova El Porvenir;Bosa Nova;7;Bosa;Bosa Occidental;84
810055;Nuestra Señora de Guadalupe el Paraiso;CL 39 SUR 89 C 37;Jardín Infantil C.V.;5715082;El Paraiso;El Paraíso_;8;Kennedy;Patio Bonito;82
810056;Tintalito;KR 86 B 42 F 3 SUR;Jardín Infantil C.V.;2735795;Tintalito;Tintalito;8;Kennedy;Patio Bonito;82
810057;Risitas Infantiles Patio Bonito-Jugando Aprendiendo;KR 86 D 39 A 5 SUR;Jardín Infantil C.V.;4515118;Patio Bonito II;Patio Bonito I Sector;8;Kennedy;Patio Bonito;82
810058;La Unidad;CL 57 D SUR 77 I 85;Jardín Infantil C.V.;7771690;La Cecilia;La Unidad;8;Kennedy;Timiza;48
810059;Perpetuo Socorro / Mi Pequeño Mundo;CL 50 SUR 78 18;Jardín Infantil C.V.;4542908;Jacqueline;Perpetuo Socorro;8;Kennedy;Timiza;48
810060;Amas de Casa Jackeline;KR 77 Q 45 A 11 SUR;Jardín Infantil C.V.;2640746;Jacqueline;Jacqueline;8;Kennedy;Timiza;48
810061;Alqueria la Fragua;KR 68 A 36 25 SUR;Jardín Infantil C.V.;7134701;Alqueria La Fragua Norte;Alquería de la Fragua;8;Kennedy;Carvajal;45
810062;Britalia;CL 55 SUR 80 J 17;Jardín Infantil C.V.;2738582;Gran Britalia;Gran Britalia;8;Kennedy;Gran Britalia;81
810063;Fundecom Mi Primera Comunidad;KR 81 56 75 SUR;Jardín Infantil C.V.;7779205;Class;Class;8;Kennedy;Gran Britalia;81
810064;Class;CL 57 B SUR 80 H 15;Jardín Infantil C.V.;7192346;Class;Class;8;Kennedy;Gran Britalia;81
1110065;Timanquitos;CL 133 BIS 126 37;Jardín Infantil C.V.;6898131;La Gaitana;La Gaitana;11;Suba;Tibabuyes;71
1110066;Nuevos Timanquitos;KR 125 B 132 B 51;Jardín Infantil C.V.;6979144;Tibabuyes;La Gaitana;11;Suba;Tibabuyes;71
1110067;Comuneros Norte;CL 140 A 111 B 30;Jardín Infantil C.V.;5361972;Puerta Del Sol;Los Comuneros Puerta del Sol;11;Suba;El Rincón;28
1110069;San Cayetano;KR 93 F 127 B 46;Jardín Infantil C.V.;5369132;Rincon De Suba;San Cayetano;11;Suba;El Rincón;28
1110070;La Chucua;CL 131 C 100 44;Jardín Infantil C.V.;6828096;Aures;Chucua III Sector;11;Suba;El Rincón;28
1810071;Castillo de Sueños;CL 50 C SUR 11 B 22;Jardín Infantil C.V.;7692712;El Playon;Play¾n La Playita;18;Rafael Uribe;Marruecos;54
1810072;Los Principitos;Carrera 5 A BIS A # 48 P - 84 SUR;Jardín Infantil C.V.;7694685;MOLINOS DEL SUR;Marruecos;18;Rafael Uribe;Marruecos;54
1810073;Granjas de San Pablo;KR 14 B 33 3 SUR;Jardín Infantil C.V.;3610418;Granjas San Pablo;El Triunfo Sur;18;Rafael Uribe;Marco Fidel Suárez;53
1910074;JJ Rondon Alto de La Cruz;TV 22 68 K 22 SUR;Jardín Infantil C.V.;7313035;Juan Jose Rondon;Juan JosÚ Rondon_;19;Ciudad Bolívar;San Francisco;66
1910075;J.J. Rondon Niño Jesus;KR 22 68 C 05 SUR;Jardín Infantil C.V.;7182518;Millan;Millßn los Sauces;19;Ciudad Bolívar;San Francisco;66
710079;Antonia Santos;CL 67 SUR 81 B 10;Jardín Infantil C.V.;7760975;Paso Ancho;S.C. Paso Ancho;7;Bosa;Bosa Central;85
1910080;La Casona;KR 20 C 68 B 48 SUR;Jardín Infantil C.V.;7189263;Juan Jose Rondon;Juan JosÚ Rondon_;19;Ciudad Bolívar;San Francisco;66
1810084;Las Lomas;DG 38 F SUR 11 B 25;Jardín Infantil C.V.;3728423;San Luis;Las Lomas;18;Rafael Uribe;San José;36
1910085;El Tesoro;CL 78 SUR 18 B 78;Jardín Infantil C.V.;7904397;Cedritos Del Sur;El Tesoro;19;Ciudad Bolívar;El Tesoro;68
1910086;Estrella del Sur;KR 18 G 72 15 SUR;Jardín Infantil C.V.;7921082;Estrella Del Sur;Estrella del Sur;19;Ciudad Bolívar;Lucero;67
1910087;Estrella del Mañana;KR 18Q 71 15 SUR;Jardín Infantil C.V.;7900546;Cordillera Del Sur;Tierra Linda;19;Ciudad Bolívar;Lucero;67
1910088;Santa Rosita Las Vegas;TV 49 C 75 A 60 SUR;Jardín Infantil C.V.;7187901;Las Brisas;JerusalÚn las Brisas;19;Ciudad Bolívar;Jerusalem;70
1910089;Manuela Beltran Mis Pequeñas Travesuras;KR 45C 69 15 SUR;Jardín Infantil C.V.;7316638;Jerusalen;Manuela_Beltrßn;19;Ciudad Bolívar;Jerusalem;70
1910091;Cartagena de Indias;CL 70 SUR 56 4;Jardín Infantil C.V.;;Sierra Morena;Sierra Morena;19;Ciudad Bolívar;Ismael Perdomo;69
1910092;Barlovento;CL 62 B SUR 71 H 24;Jardín Infantil C.V.;7808587;Barlovento;Urb._Barlovento;19;Ciudad Bolívar;Ismael Perdomo;69
1910093;Mi Refugio;TV 74 C 62 15 SUR;Jardín Infantil C.V.;7786626;La Primavera I;La Estancia;19;Ciudad Bolívar;Ismael Perdomo;69
1910094;La Estancia mis Primeras Letras;KR 75 H 59 A 18 SUR;Jardín Infantil C.V.;7777763;La Estancia;La Estancia;19;Ciudad Bolívar;Ismael Perdomo;69
1910095;Huellas Magicas;CL 60 A SUR 76 B 18;Jardín Infantil C.V.;7801461;Primavera II;San Isidro II;19;Ciudad Bolívar;Ismael Perdomo;69
1910097;Los Niños Traviesos;KR 18 M 63 D 15 SUR;Jardín Infantil C.V.;7651293;Gibraltar Sur;Domingo Lain I;19;Ciudad Bolívar;Lucero;67
1910098;Manitas;CL 70 B SUR 18 J 39;Jardín Infantil C.V.;7920490;Juan Pablo II;Las Manitas;19;Ciudad Bolívar;Lucero;67
710099;Mi Segundo Hogar;KR 77 K 65 J 5 SUR;Jardín Infantil C.V.;7771076;La Estacion Bosa;San Pablo II Sector;7;Bosa;Bosa Central;85
133001;Huellas con Ternura;KR 18 185 A 04;Jardin Infantil Cupo Cofinanciado C.C.;5269963;El Vervenal;Los Consuelos;1;Usaquén;Verbenal;9
133002;Contador - el Jardin;CL 135 16  43;Jardin Infantil Cupo Cofinanciado C.C.;;El Contador;El Contador;1;Usaquén;Los Cedros;13
333003;Centro Social Nueva Vida - Aldea;KR 6 3 44;Jardin Infantil Cupo Cofinanciado C.C.;2335590;Santa Barbara;Santa Bßrbara;3;Santa Fe;Las Cruces;95
433004;Avesol;Diagonal 34 A SUR # 2 - 27 ESTE;Jardin Infantil Cupo Cofinanciado C.C.;6066348;Atenas;Atenas;4;San Cristóbal;20 de Julio;34
433005;La Casita de Los Rincones;CL 8 SUR 9 26;Jardin Infantil Cupo Cofinanciado C.C.;2339964;Narino Sur;Nariño Sur;4;San Cristóbal;Sosiego;33
433006;Pepaso II;KR 11 B ESTE 43 A 54 SUR;Jardin Infantil Cupo Cofinanciado C.C.;2066502;Altamira;Altamira Chiquita;4;San Cristóbal;La Gloria;50
433008;Castillo San Lucas;DG 40 A SUR 11 86 ESTE;Jardin Infantil Cupo Cofinanciado C.C.;7829464;San Jose Sur Oriental;S.C. San JosÚ Sur Oriental;4;San Cristóbal;La Gloria;50
533010;Maria Micaela;KR 17 D ESTE 87 19 SUR;Jardin Infantil Cupo Cofinanciado C.C.;3651716;Juan Jose Rondon I;Juan JosÚ Rondon;5;Usme;La Flora;52
533011;Chaminade Voz de Alerta;DG 53 F SUR 1 9 ESTE;Jardin Infantil Cupo Cofinanciado C.C.;2057412;La Paz;La Fiscala Sector Daza;5;Usme;Danubio;56
633012;El Inicio del Saber;KR 19 54 19 SUR;Jardin Infantil Cupo Cofinanciado C.C.;2798488;San Carlos;San Carlos;6;Tunjuelito;Tunjuelito;62
633013;Pinturitas Proactivas;KR 37 50 A 40 SUR;Jardin Infantil Cupo Cofinanciado C.C.;2382625;Fatima;Fßtima;6;Tunjuelito;Venecia;42
633014;El Rincon de La Alegria;DG 50 SUR 59 A 93;Jardin Infantil Cupo Cofinanciado C.C.;7105278;Nuevo Muzu;Rinc¾n de Venecia;6;Tunjuelito;Venecia;42
733016;Jardin La Estacion;CL 65 C SUR 78 C 17;Jardin Infantil Cupo Cofinanciado C.C.;7751663;Gualoche;San Judas La Estaci¾n;7;Bosa;Bosa Central;85
733017;Acepta el Cambio;CL 65 C SUR 78 C 31;Jardin Infantil Cupo Cofinanciado C.C.;7814559;Gualoche;San Judas La Estaci¾n;7;Bosa;Bosa Central;85
733018;Semillas de Esperanza (San Bernardino);KR 87 B 80 40 SUR;Jardin Infantil Cupo Cofinanciado C.C.;5713425;El Remanso;S.C. El Remanso;7;Bosa;Tintal Sur;87
733019;Independencia;CL 78 SUR 88 F 8;Jardin Infantil Cupo Cofinanciado C.C.;5768191;El Remanso I;San Bernardino;7;Bosa;Tintal Sur;87
733021;San Angel;KR 87 Q 70 73 SUR;Jardin Infantil Cupo Cofinanciado C.C.;4822303;La Independencia;El Recuerdo;7;Bosa;Bosa Occidental;84
733022;San Pedro;KR 82 C 73 F 67 SUR;Jardin Infantil Cupo Cofinanciado C.C.;5779452;Gran Colombiano;San Pedro_;7;Bosa;Bosa Central;85
833023;Fundacion Pepaso;CL 42 A SUR 99 16;Jardin Infantil Cupo Cofinanciado C.C.;5702886;Los Almendros;Los Almendros;8;Kennedy;Patio Bonito;82
833024;Asrio;CL 40 SUR 96 4;Jardin Infantil Cupo Cofinanciado C.C.;5726118;Galan;Ciudad Galßn;8;Kennedy;Patio Bonito;82
833025;Arco Iris de Amor;KR 78 J 39 15 SUR;Jardin Infantil Cupo Cofinanciado C.C.;4061263;Ciudad Kennedy Central;Ciudad Kennedy Supermanzana 8;8;Kennedy;Kennedy Central;47
833026;Mis Primeros Trazos;KR 87 D 39 10 SUR;Jardin Infantil Cupo Cofinanciado C.C.;3103432981;Patio Bonito II;Patio Bonito I Sector;8;Kennedy;Patio Bonito;82
833027;Vegas de Santa Ana Fundaver;DG 57 D SUR 81 J 7;Jardin Infantil Cupo Cofinanciado C.C.;7147452;La Paz Bosa;S C. La Paz Bosa;8;Kennedy;Gran Britalia;81
833028;Vergel Occidental - Amigos de Jesus y Maria;KR 81 B 15 A 30;Jardin Infantil Cupo Cofinanciado C.C.;4110526;Vergel Occidental;Andalucía II Sector;8;Kennedy;Castilla;46
833029;Ciudad Roma - Show Kids;CL 57 B SUR 79 24;Jardin Infantil Cupo Cofinanciado C.C.;7522986;Roma;Roma - Bertha Hernßndez De Ospina I y III;8;Kennedy;Timiza;48
933030;Semillas de Grandeza;CL 17 F 136 A 27;Jardin Infantil Cupo Cofinanciado C.C.;4216185;Puente Grande;Prados de la Alameda;9;Fontibón;Fontibón San Pablo;76
933031;El Rubi;CL 22 J 96 I 44;Jardin Infantil Cupo Cofinanciado C.C.;2982238;Ferrocaja Fontibon;Oviedo;9;Fontibón;Fontibón;75
933032;Emmanuel;CL 23 B 103 B 81;Jardin Infantil Cupo Cofinanciado C.C.;4152035;La Cabana Fontibon;La Giralda II Sector;9;Fontibón;Fontibón;75
933033;Fontibon Centro;CL 16 J 97 27;Jardin Infantil Cupo Cofinanciado C.C.;2670291;El Carmen Fontibon;Centro Fontib¾n;9;Fontibón;Fontibón;75
933034;Atahualpa;KR 112 A 22 I 16;Jardin Infantil Cupo Cofinanciado C.C.;2987950;Versalles Fontibon;Atahualpa;9;Fontibón;Fontibón;75
933035;San Pablo - Manitos Unidas;KR 136 16 18;Jardin Infantil Cupo Cofinanciado C.C.;4210421;Kasandra;Kasandra;9;Fontibón;Zona Franca;77
933036;Versalles;KR 112 23 B 30;Jardin Infantil Cupo Cofinanciado C.C.;4787095;Versalles Fontibon;Internacional;9;Fontibón;Fontibón;75
1033037;Caritas de Amor;KR 122 A 63 L 44;Jardin Infantil Cupo Cofinanciado C.C.;4349859;Engativa Zona Urbana;S.C. Engativa Zona Urbana;10;Engativá;Engativa;74
1033038;Pepitos Proactivos;KR 121 65 A 9;Jardin Infantil Cupo Cofinanciado C.C.;4317443;Engativa Zona Urbana;S.C. Engativa Zona Urbana;10;Engativá;Engativa;74
1033039;Lujan;CL 64 C 74 20;Jardin Infantil Cupo Cofinanciado C.C.;2517462;El Encanto;El Encanto;10;Engativá;Santa Cecilia;31
1033040;Anton Pirulero;CL 70 109 A 5;Jardin Infantil Cupo Cofinanciado C.C.;2295598;San Antonio Engativa;Villas del Dorado San Antonio;10;Engativá;Garcés Navas;73
1033041;Mamá Canguro;CL 89 BIS 89 A 67;Jardin Infantil Cupo Cofinanciado C.C.;4302310;Quirigua Oriental;S.C. Primavera;10;Engativá;El Minuto de Dios;29
1033042;La Florida;CL 68 A 91 17;Jardin Infantil Cupo Cofinanciado C.C.;4901787;Florida Blanca;Florida Blanca;10;Engativá;Boyacá Real;30
1033043;Sebas;CL 65 A 74 90;Jardin Infantil Cupo Cofinanciado C.C.;4344475;El Real;El Real;10;Engativá;Santa Cecilia;31
1033044;Villa Mary;CL 67 A 110 B 25;Jardin Infantil Cupo Cofinanciado C.C.;4319922;San Antonio Urbano;Villa Mary;10;Engativá;Engativa;74
1133045;Hogar San Mauricio;KR 80 172 A 90;Jardin Infantil Cupo Cofinanciado C.C.;6709850;San Jose De Bavaria;San JosÚ De Bavaria;11;Suba;San José de Bavaria;17
1133046;Funandes Rincon;CL 127 F 93 C 55;Jardin Infantil Cupo Cofinanciado C.C.;6815409;Rincon De Suba;San Cayetano;11;Suba;El Rincón;28
1133047;Fundacion Cran;TV 77 162 6;Jardin Infantil Cupo Cofinanciado C.C.;6813599;Casablanca Suba;S.C Casablanca Suba;11;Suba;Casa Blanca Suba;23
1133048;Piedra Verde;KR 136 A 133 40;Jardin Infantil Cupo Cofinanciado C.C.;6906600EXT. 136;Toscana;Urb. Piedra Verde;11;Suba;Tibabuyes;71
1133049;Fana;KR 96 156 B 18;Jardin Infantil Cupo Cofinanciado C.C.;6815037;Salitre Suba;Arcabuco;11;Suba;Suba;27
1133050;Celestin Freinet Aures;CL 130 F 99 56;Jardin Infantil Cupo Cofinanciado C.C.;6836614;Aures;Aures I;11;Suba;El Rincón;28
1133051;Celestin Freinet Rincon;CL 128 B BIS 92 35;Jardin Infantil Cupo Cofinanciado C.C.;6842573;El Rincon;El Ruby;11;Suba;El Rincón;28
1133052;Funandes Verona;KR 144 A 132 98;Jardin Infantil Cupo Cofinanciado C.C.;6930974;Lisboa;Villa de las Flores;11;Suba;Tibabuyes;71
1133053;Dulce Maria;TV 127 C 139 B 48;Jardin Infantil Cupo Cofinanciado C.C.;6889468;Sabana De Tibabuyes;Sabana de Tibabuyes;11;Suba;Tibabuyes;71
1133054;Aeiotu;KR 98 156 C 10;Jardin Infantil Cupo Cofinanciado C.C.;5387671;Salitre Suba;Orquídeas II Sector;11;Suba;Suba;27
1133055;Santa Cecilia - Tibabuyes;Cl 138 159 07;Jardin Infantil Cupo Cofinanciado C.C.;4935346;Santa Cecilia;Santa Cecilia II;11;Suba;Tibabuyes;71
1133056;Rincon;CL 135A 91A 30;Jardin Infantil Cupo Cofinanciado C.C.;;Villa Elisa;Villa Elisa;11;Suba;El Rincón;28
1133057;Villa Elisa - Fer;CL 134 A   91 77;Jardin Infantil Cupo Cofinanciado C.C.;6804532;Villa Elisa;Villa Elisa;11;Suba;El Rincón;28
1133058;Villamaria - Funandes;CL 138 A 113  78;Jardin Infantil Cupo Cofinanciado C.C.;4935346;Villa Maria;Villa Maria;11;Suba;El Rincón;28
1133059;Tuna Alta Otero;KR 90 147 C 32;Jardin Infantil Cupo Cofinanciado C.C.;;Suba Urbano;S.C. Suba Urbano;11;Suba;Suba;27
1233060;Mil Sonrisas;KR 29 A 74 42;Jardin Infantil Cupo Cofinanciado C.C.;2507648;Once De Noviembre;11 de Noviembre;12;Barrios Unidos;Los Alcázares;98
1833062;Marruecos Bambi;TV 5 Q 48 J 24 SUR;Jardin Infantil Cupo Cofinanciado C.C.;2797150;Callejon Santa Barbara;Callej¾n de Santa Bßrbara Sur;18;Rafael Uribe;Marruecos;54
1433063;Filadelfia;CL 2 C 29 57;Jardin Infantil Cupo Cofinanciado C.C.;5602890;Santa Isabel;Santa Isabel;14;Los Mártires;Santa Isabel;37
1533064;Ciudad Jardin San Jose;CL 17 SUR 10 21;Jardin Infantil Cupo Cofinanciado C.C.;3727729;Ciudad Jardin Sur;Ciudad Jardín del Sur;15;Antonio Nariño;Ciudad Jardín;35
1733065;Asoben;CL 9 9 60;Jardin Infantil Cupo Cofinanciado C.C.;3419324;Centro Administrativo;Centro Administrativo;17;Candelaria;La Candelaria;94
1933066;Alegria de Vivir;KR 18 I 81 C 29 SUR;Jardin Infantil Cupo Cofinanciado C.C.;7911570;Arabia;El Tesorito;19;Ciudad Bolívar;El Tesoro;68
1933068;Semillitas de Amor;DG 75 D SUR 75 L 7;Jardin Infantil Cupo Cofinanciado C.C.;5975191;Santa Viviana;Santa Viviana;19;Ciudad Bolívar;Ismael Perdomo;69
1933069;Caminos de La Vida;KR 76 C BIS 62 F 42 SUR;Jardin Infantil Cupo Cofinanciado C.C.;7793204;Los Tres Reyes;Casa Grande;19;Ciudad Bolívar;Ismael Perdomo;69
1933070;Mi Pequeño Refugio;KR 18 B 73 A 28 SUR;Jardin Infantil Cupo Cofinanciado C.C.;7914189;Estrella Del Sur;Estrella del Sur;19;Ciudad Bolívar;Lucero;67
1933073;La Casita de Juan Jose;CL 62 B SUR 19 B 24;Jardin Infantil Cupo Cofinanciado C.C.;2696161;Las Acacias;Acacias Sur;19;Ciudad Bolívar;San Francisco;66
1933074;Caracoli;CL 76 A SUR 74 B 5;Jardin Infantil Cupo Cofinanciado C.C.;7316351;Caracoli;Caracoli;19;Ciudad Bolívar;Ismael Perdomo;69
1933075;Waldorf;TV 73 H BIS 75 B 46 SUR;Jardin Infantil Cupo Cofinanciado C.C.;7189019;Sierra Morena;Sierra Morena;19;Ciudad Bolívar;Ismael Perdomo;69
1933076;Amores y Colores;KR 72 62 G 71 SUR;Jardin Infantil Cupo Cofinanciado C.C.;7828341;Perdomo Alto;Ismael Perdomo;19;Ciudad Bolívar;Ismael Perdomo;69
1933078;Castillo San Lucas-Maria Cano;KR 74 I 62 3 SUR;Jardin Infantil Cupo Cofinanciado C.C.;7829464;Maria Cano;Maria Cano;19;Ciudad Bolívar;Ismael Perdomo;69
1933079;Manantial;CL 73 C SUR 48 A 20;Jardin Infantil Cupo Cofinanciado C.C.;7522986;Las Brisas;JerusalÚn las Brisas;19;Ciudad Bolívar;Jerusalem;70
1933080;Candelaria la Nueva - Mis pequeños Genios;Calle 64 C SUR # 27 - 31;Jardin Infantil Cupo Cofinanciado C.C.;7152120;Candelaria La Nueva;Candelaria la Nueva;19;Ciudad Bolívar;San Francisco;66
1933081;Aeiotu - Juan Bosco Obrero La Estrella;KR 18 G 74 A 59 SUR;Jardin Infantil Cupo Cofinanciado C.C.;7619141;Naciones Unidas;Estrella de Maria;19;Ciudad Bolívar;Lucero;67
733083;Sembrando Camino;CL 53 A SUR 89 B 16;Jardin Infantil Cupo Cofinanciado C.C.;5743610;Parcela El Porvenir;Porvenir III;7;Bosa;El Porvenir;86
933084;Jordan;CL 20 C 107 53;Jardin Infantil Cupo Cofinanciado C.C.;4041740;Belen Fontibon;S.C. BelÚn Fontib¾n;9;Fontibón;Fontibón;75
833085;Fundangel - Villamil;CL 42 C SUR 81 B 34;Jardin Infantil Cupo Cofinanciado C.C.;4039162;Chucua De La Vaca I;Villa_Nelly;8;Kennedy;Corabastos;80
1833086;Quiroga Central;CL 34 SUR  22  10;Jardin Infantil Cupo Cofinanciado C.C.;2789083;Quiroga;S.C. Quiroga;18;Rafael Uribe;Quiroga;39
1833087;Pincel de Alegria;KR 9 39 F 14 SUR;Jardin Infantil Cupo Cofinanciado C.C.;5676432;Cerros De Oriente;Urb. Madrid;18;Rafael Uribe;Marruecos;54
1133088;Las Flores;KR 108 A 140 48;Jardin Infantil Cupo Cofinanciado C.C.;7552017;Puerta Del Sol;Las Flores_;11;Suba;El Rincón;28
633089;Venecia;KR 59 B 51 A 39 SUR;Jardin Infantil Cupo Cofinanciado C.C.;8069916;Nuevo Muzu;Nuevo Muzu II Sector 2a Etapa;6;Tunjuelito;Venecia;42
133090;Show Kids - Santa Barbara;CL 126 7 B 50;Jardin Infantil Cupo Cofinanciado C.C.;7522986;Santa Barbara Oriental;Santa Bßrbara Oriental;1;Usaquén;Usaquen;14
533091;Sueños del Mañana - Comuneros;CL 102 A SUR 1 A 55 ESTE;Jardin Infantil Cupo Cofinanciado C.C.;8107201;Usminia;Usminia;5;Usme;Comuneros;58
1133092;Teresita - Aures;CL 132 D 100 A 65;Jardin Infantil Cupo Cofinanciado C.C.;;POTRERILLO;Urb. Potrerillos de Suba;11;Suba;El Rincón;28
1633093;Galan ASODIF;KR 55 2 B 30;Jardin Infantil Cupo Cofinanciado C.C.;SIN INFORMACION;Galan;Galßn;16;Puente Aranda;San Rafael;43
933094;La Flauta Magica;CL 19 106 34;Jardin Infantil Cupo Cofinanciado C.C.;SIN INFORMACION;Belen Fontibon;S.C. BelÚn Fontib¾n;9;Fontibón;Fontibón;75
1933096;Maria Cano Esperanza Viva;CL 62 H SUR 74 H 22;Jardin Infantil Cupo Cofinanciado C.C.;4618739-3132162120;Rincon de Galicia;Rincón de Galicia;19;Ciudad Bolívar;Ismael Perdomo;69
731001;La Esperanza;KR 80 J 76 38 SUR;Jardín Infantil J.S.;7195177;San Diego-Bosa;Urb. La Esperanza;7;Bosa;Bosa Central;85
1931002;Buenavista;CL 78 SUR 17 F 80;Jardín Infantil J.S.;7913956;Quiba I;Urb. Buenavista;19;Ciudad Bolívar;El Tesoro;68
131004;El Nogal;KR 11 183 90;Jardín Infantil J.S.;6682598;Verbenal San Antonio;San Antonio Norte II Sector;1;Usaquén;Verbenal;9
331005;La Alameda;KR 13 20 91;Jardín Infantil J.S.;2832791;La Alameda;La Alameda;3;Santa Fe;Las Nieves;93
431006;Nueva Roma;AK 4 ESTE 50 80 SUR;Jardín Infantil J.S.;3638546;Villabel;Urb. Nueva Roma Oriental Dardanelos;4;San Cristóbal;Los Libertadores;51
431007;San Jeronimo del Yuste;Diagonal 13 B SUR # 19 A - 2 ESTE;Jardín Infantil J.S.;3373176;Tibaque Rural;S.C Tibaque;4;San Cristóbal;;0
431008;San Vicente;CL 34 SUR 7 10 ESTE;Jardín Infantil J.S.;2068554;Santa Ines Sur;San Vicente (Predio);4;San Cristóbal;San Blas;32
531009;Chuniza;AC 91 SUR 3 C 34 ESTE;Jardín Infantil J.S.;7731349;Charala;Chuniza;5;Usme;Comuneros;58
531012;Bolonia;CL 81 A SUR 6 40 ESTE;Jardín Infantil J.S.;7611922;La Esperanza Sur;Santa Marta;5;Usme;Gran Yomasa;57
531013;San Cayetano;CL 74 A SUR 16 60 ESTE;Jardín Infantil J.S.;3653100;Ciudad Londres Rural;_San Cayetano_;5;Usme;;0
531014;Nebraska;KR 1 C ESTE 66 A 70 SUR;Jardín Infantil J.S.;7646292;La Fiscala;Nebraska;5;Usme;Danubio;56
531015;El Cipres;CL 114 A SUR 6 G 54 ESTE;Jardín Infantil J.S.;7671285;Puerta Al Llano De Usme;El Uval II Sector;5;Usme;Alfonso López;59
731016;El Porvenir;CL 49 D SUR 92 A 34;Jardín Infantil J.S.;7279187;Parcela El Porvenir;S.C. Osorio Diez;7;Bosa;El Porvenir;86
831018;Tintalito Social;AC 43 SUR 88 A 30;Jardín Infantil J.S.;4943684;Dindalito;Piamonte Occidental;8;Kennedy;Patio Bonito;82
1131019;Piedra Verde Celestin Freinet;CL 137 129 35;Jardín Infantil J.S.;6933649;Toscana;Urb. Piedra Verde;11;Suba;Tibabuyes;71
1831020;Palermo Sur;CL 49 D SUR 2 B 50;Jardín Infantil J.S.;7677492;Palermo Sur;Palermo Sur;18;Rafael Uribe;Diana Turbay;55
1931021;Los Robles;CL 66 C SUR 18 Y 3;Jardín Infantil J.S.;7182297;Compartir;Las Delicias del_Sur;19;Ciudad Bolívar;Lucero;67
1931022;Paraiso;KR 27 L 71 G 14 SUR;Jardín Infantil J.S.;7903238;Paraiso Quiba;_El Paraíso;19;Ciudad Bolívar;Lucero;67
131003;Servita;CL 165 7 38;Jardín Infantil J.S.;6698211;Santa Teresa;Santa Teresa;1;Usaquén;La Uribe;10
831023;Bellavista;CL 38 SUR 94 C 29;Jardín Infantil J.S.;4527787;Galan;Ciudad Galßn;8;Kennedy;Patio Bonito;82
437001;Lourdes Huototo - Makade Tinikana;KR 6 15 51 SUR;Jardín Infantil SDIS Indígena.;2723075;Sociego;El Sosiego;4;San Cristóbal;Sosiego;33
537002;Ambika Pijao;DG 92 H SUR 4 C 29 ESTE;Jardín Infantil SDIS Indígena.;3118062018;Comuneros;Bellavista Alta;5;Usme;Comuneros;58
737003;Uba Rhua - Espiritu de la Semilla;TV 87 B 79 40 SUR;Jardín Infantil SDIS Indígena.;3107561422;Remanso Urbano;S.C. El Remanso;7;Bosa;Tintal Sur;87
1037004;Wawakunapak Yachahuna Wasi (Casa de Enseñanza para Niños);KR 69 I 69 A 41;Jardín Infantil SDIS Indígena.;3125593154;La Estrada;La Estrada;10;Engativá;Las Ferias;26
1137005;Gue Atyqiib (Los Pinos);CL 144 139 55;Jardín Infantil SDIS Indígena.;6970936;San Carlos De Suba;S.C. San Carlos de Suba;11;Suba;Tibabuyes;71
437006;Wawitakunapa Wasi (La Casita de Los Niños);CL 18 SUR 9 40;Jardín Infantil SDIS Indígena.;2724260;SOCIEGO;El Sosiego;4;San Cristóbal;Sosiego;33
130001;Granito de Mostaza;KR 11 187 A 15;Jardín Infantil SDIS.;6704759;Vervenal San Antonio;San Atonio Norte II Sector;1;Usaquén;Verbenal;9
1930002;Arabia;DG 82 SUR 18 I 35;Jardín Infantil SDIS.;7911971;Arabia;Arabia;19;Ciudad Bolívar;El Tesoro;68
130003;Verbenal;KR 18 A 187 75;Jardín Infantil SDIS.;6774525;El Cerezo;El Verbenal I;1;Usaquén;Verbenal;9
130004;Barrancas;AK 7 155 80;Jardín Infantil SDIS.;6705524;Bosque De Pinos III;Bosque de Pinos III;1;Usaquén;Los Cedros;13
230005;San Luis;CL 97 6 46 ESTE;Jardín Infantil SDIS.;5208226;San Luis Altos Del Cabo;San Luís Altos del Cabo;2;Chapinero;San Isidrio-Patios;89
230006;Juan XXIII;CL 65 B 1 19;Jardín Infantil SDIS.;SIN INFORMACION;Juan XXIII;Juan_XXIII;2;Chapinero;Pardo Rubio;90
330007;La Perseverancia;KR 1 33 0;Jardín Infantil SDIS.;2856629;Parque Nacional Oriental;Vereda Monserrate;3;Santa Fe;Sagrado Corazón;91
330008;Las Cruces;CL 1 C 5 A 30;Jardín Infantil SDIS.;2462715;Las Cruces;Las Cruces;3;Santa Fe;Las Cruces;95
330011;Goticas de Ilusion;KR 11 ESTE 1 A 73;Jardín Infantil SDIS.;2335627;El Rocio;El Consuelo;3;Santa Fe;Lourdes;96
330012;San Bernardo;CL 1 C 13 41;Jardín Infantil SDIS.;2466644;San Bernardino;San_Bernardo;3;Santa Fe;Las Cruces;95
230013;La Paz;CL 49 3 40 ESTE;Jardín Infantil SDIS.;3401880;Siberia Central Rural;Pardo Rubio;2;Chapinero;Pardo Rubio;90
430015;El Quindio;KR 16 A ESTE 46 C 20 SUR;Jardín Infantil SDIS.;2067597;Las Brisas;S.C. Las Brisas;4;San Cristóbal;La Gloria;50
430016;Bello Horizonte;Carrera 3A ESTE # 31C - 21 SUR;Jardín Infantil SDIS.;2061940;Bello Horizonte;Bello Horizonte II Sector;4;San Cristóbal;20 de Julio;34
530018;Betania;CL 76 B SUR 2 C 42 ESTE;Jardín Infantil SDIS.;2003369;La Cabana;Betania_;5;Usme;Gran Yomasa;57
530019;La Esperanza;CL 76 B SUR 14 39 ESTE;Jardín Infantil SDIS.;3654200;La Cabana;La Cabaña_;5;Usme;La Flora;52
530020;El Oasis;KR 3 D BIS 133 B 3 SUR;Jardín Infantil SDIS.;77082 22;Centro Usme Urbano;Ciudadela El Oasis;5;Usme;Ciudad Usme;61
630022;Tejares;KR 2 ESTE 75 B 40 SUR;Jardín Infantil SDIS.;2002099;Santa Librada Norte;Santa Librada Los Tejares;5;Usme;Gran Yomasa;57
630024;El Carmen;KR 28 48 A 17 SUR;Jardín Infantil SDIS.;2382942;Samore;Samore;6;Tunjuelito;Venecia;42
630025;Rafael Barberi Cualla;KR 36 50 B 35 SUR;Jardín Infantil SDIS.;2305932;Fatima;Fßtima;6;Tunjuelito;Venecia;42
630026;San Benito;CL 58 SUR 19 B 37;Jardín Infantil SDIS.;2794548;San Benito;San Benito;6;Tunjuelito;Tunjuelito;62
630028;Tunjuelito;CL 58 SUR 13 1;Jardín Infantil SDIS.;2790646;Tunjuelito;Tunjuelito;6;Tunjuelito;Tunjuelito;62
630029;Satelite Playon Playita;KR 11 A 52 54 SUR;Jardín Infantil SDIS.;7697913;Abraham Lincoln;Abraham Lincoln;6;Tunjuelito;Tunjuelito;62
730031;San Pablo de Calamo;CL 65 J SUR 77 N 23;Jardín Infantil SDIS.;7751080;La Estacion Bosa;S.C. La Estaci¾n Bosa;7;Bosa;Bosa Central;85
730032;Asovivir;KR 80 N BIS 70 10 SUR;Jardín Infantil SDIS.;7753748;San Pablo Bosa;Piamonte II Sector;7;Bosa;Bosa Central;85
730033;Los Cedros;KR 81 A 84 C 25 SUR;Jardín Infantil SDIS.;4488239;El Jardin;S.C. El Jardín;7;Bosa;Bosa Central;85
830034;Vision de Colombia;KR 79 G 13 9;Jardín Infantil SDIS.;2924294;Vision De Oriente;Visi¾n de Colombia;8;Kennedy;Castilla;46
830036;Luisa de Marillac;CL 38 A SUR 86 F 15;Jardín Infantil SDIS.;4511613;Patio Bonito II;Patio Bonito I Sector;8;Kennedy;Patio Bonito;82
830038;Pio Xii;KR 79 D 6 15;Jardín Infantil SDIS.;2928965;Pio XII;Pi¾ XII;8;Kennedy;Castilla;46
830039;La Igualdad;CL 2 68 A 80;Jardín Infantil SDIS.;9101333;Hipotecho Sur;La Igualdad;8;Kennedy;Americas;44
830040;Argelia;CL 39B SUR 72G 62;Jardín Infantil SDIS.;2046063;Las Delicias;San AndrÚs;8;Kennedy;Carvajal;45
830041;Delicias;CL 40 SUR 68G 03;Jardín Infantil SDIS.;2380715;Las Delicias;Tundama II Etapa;8;Kennedy;Carvajal;45
830042;Gran Colombiano;KR 79 F 41 56 SUR;Jardín Infantil SDIS.;2737030;Ciudad Kennedy Occidental;Kennedy Occidental Supermanzana 14;8;Kennedy;Kennedy Central;47
830043;Ciudad de Bogota;KR 80 43 43 SUR;Jardín Infantil SDIS.;4549160;Pastrana;Nuevo Kennedy;8;Kennedy;Gran Britalia;81
930044;Rafael Pombo;KR 97 A 19 35;Jardín Infantil SDIS.;2672996;Centro Fontibon;Centro Fontib¾n;9;Fontibón;Fontibón;75
1030046;Engativa;CL 66 B 122 3;Jardín Infantil SDIS.;4336083;Engativa Zona Urbana;S.C. Engativa Zona Urbana;10;Engativá;Engativa;74
1030048;Plazuelas del Virrey;CL 72 A 106 91;Jardín Infantil SDIS.;4429519;Villa Amalia;Plazuelas del Virrey;10;Engativá;Garcés Navas;73
1030049;Villa Cristina;KR 95 G 91 A 22;Jardín Infantil SDIS.;4332868;Ciudad Bachue;Villa Cristina;10;Engativá;El Minuto de Dios;29
1030050;Los Cerezos;KR 89 80 35;Jardín Infantil SDIS.;4342773;Los Cerezos;Los Cerezos;10;Engativá;El Minuto de Dios;29
1030051;San Marcos;KR 80 A 67 10;Jardín Infantil SDIS.;4342645;Santa Helenita;S.C. Santa Helenita;10;Engativá;Boyacá Real;30
1030052;Satelite Estrada;KR 69 N 64 7;Jardín Infantil SDIS.;2500086;Bosque Popular;S.C. Bosque Popular;10;Engativá;Las Ferias;26
1030053;Bella Vista;KR 68 G 67 A 10;Jardín Infantil SDIS.;6302587;Bellavista Occidental;S.C. Bellavista Occidental;10;Engativá;Las Ferias;26
1030054;Las Ferias;KR 69 K 73 90;Jardín Infantil SDIS.;2409029;Las Ferias Occidental;Las Ferias Occidental;10;Engativá;Las Ferias;26
1030055;Satelite Las Ferias;KR 69 I 69 A 41;Jardín Infantil SDIS.;6600164;Las Ferias Occidental;Las Ferias Occidental;10;Engativá;Las Ferias;26
1030056;Los Sauces;CL 69 121 29;Jardín Infantil SDIS.;;Centro Engativa II;S.C. Engativa Zona Urbana;10;Engativá;Engativa;74
830057;Jairo Anibal Niño;KR 79 B 41 B 34 SUR;Jardín Infantil SDIS.;4509395;Ciudad Kennedy Occidental;Kennedy Occidental Supermanzana 14;8;Kennedy;Kennedy Central;47
1030058;Garces Navas;CL 78 A 109 A 50;Jardín Infantil SDIS.;4428470;Garces Navas;GarcÚs Navas;10;Engativá;Garcés Navas;73
1130060;Gloria Lara;KR 94 D 131 3;Jardín Infantil SDIS.;6859799;Ttes De Colombia;Gloria Lara De Echeverry II;11;Suba;El Rincón;28
1130061;La Manuelita;AK 91 129 A 10;Jardín Infantil SDIS.;6813400;Villa Alcazar;Urb. La Manuelita;11;Suba;El Rincón;28
1130062;Julio Flores;KR 68 B 94 A 98;Jardín Infantil SDIS.;2714357;Julio Florez;Julio Florez;11;Suba;La Floresta;25
1130063;Helvetia;CL 129 55 5;Jardín Infantil SDIS.;2539466;Prado Veraniego Sur;Prado Sur;11;Suba;Niza;24
1130064;Aures;Cl 130 B  96 57;Jardín Infantil SDIS.;3152996470;Ttes De Colombia;El Naranjal;11;Suba;El Rincón;28
1230065;La Inmaculada;CL 73 51 27;Jardín Infantil SDIS.;3108810;Doce De Octubre;12 de Octubre;12;Barrios Unidos;Doce de Octubre;22
1230066;Santa Sofia;KR 28 B 75 11;Jardín Infantil SDIS.;3115074;Once De Noviembre;11 de Noviembre;12;Barrios Unidos;Los Alcázares;98
1230068;El Rosario;CL 63 B BIS 35 A 49;Jardín Infantil SDIS.;3150599;El Rosario;El Rosario;12;Barrios Unidos;Parque El Salitre;103
1230069;Rionegro;CL 99 60 46;Jardín Infantil SDIS.;2565945;Los Andes;Los_Andes;12;Barrios Unidos;Los Andes;21
1830071;Marco A. Iriarte;KR 21 23 21 SUR;Jardín Infantil SDIS.;2392601;Olaya;S.C. Olaya;18;Rafael Uribe;Quiroga;39
1830072;Samore;CL 41 SUR 31 77;Jardín Infantil SDIS.;2708080;Ingles;S.C. Ingles;18;Rafael Uribe;Quiroga;39
1830073;Socorro Sur;KR 15 A 50 24 SUR;Jardín Infantil SDIS.;2059272;Marco Fidel Suarez I;El Socorro II Sector;18;Rafael Uribe;Marruecos;54
1830076;Acacias;TV 13 32B 51 SUR;Jardín Infantil SDIS.;2727118;Granjas De Santa Sofia;Resurrecci¾n;18;Rafael Uribe;Marco Fidel Suárez;53
1830077;Pijaos;KR 10 B 35 2 SUR;Jardín Infantil SDIS.;2093455;San Luis;Los Pijaos;18;Rafael Uribe;San José;36
1430079;Jorge Bejarano;CL 10 29 48;Jardín Infantil SDIS.;2478735;Ricaurte;Ricaurte;14;Los Mártires;La Sabana;102
1430080;Nuevos Pasos;CL 5 A 26 A 17;Jardín Infantil SDIS.;3754176;El Progreso;Veraguas;14;Los Mártires;Santa Isabel;37
1630081;Antonio Nariño;KR 59 17 71;Jardín Infantil SDIS.;2603103;Puente Aranda;Puente Aranda;16;Puente Aranda;Puente Aranda;111
1530082;Restrepo;KR 20 19 26 SUR;Jardín Infantil SDIS.;2786780;Restrepo Occidental;Restrepo Occidental;15;Antonio Nariño;Restrepo;38
1530083;Santander;KR 29 B 26 10 SUR;Jardín Infantil SDIS.;2023180;Santander Sur;Santander_;15;Antonio Nariño;Restrepo;38
1630084;Alcala Muzu;KR 52 37 5 SUR;Jardín Infantil SDIS.;2702254;Alqueria;La Alquería;16;Puente Aranda;Muzú;41
1630085;Camelia;TV 57 1 60 SUR;Jardín Infantil SDIS.;2615237;Galan;Galßn;16;Puente Aranda;San Rafael;43
1630086;Calixto Torres;KR 65 4 17;Jardín Infantil SDIS.;2603602;La Pradera;La Pradera;16;Puente Aranda;San Rafael;43
1630087;Trinidad Galan;KR 60 # 4 - 15;Jardín Infantil SDIS.;2619277;San Gabriel;San Gabriel;16;Puente Aranda;San Rafael;43
1630088;Satelite Primavera;KR 41 B 5 57;Jardín Infantil SDIS.;2011453;Primavera Occidental;Primavera Occidental;16;Puente Aranda;Ciudad Montes;40
1630089;Bochica;CL 1 A BIS 35 20;Jardín Infantil SDIS.;3511184;Santa Matilde;Santa Matilde;16;Puente Aranda;Ciudad Montes;40
1930092;Arborizadora Baja;CL 59 B SUR 43 17;Jardín Infantil SDIS.;7188804;Arborizadora Baja;Arborizadora Baja;19;Ciudad Bolívar;Arborizadora;65
1930093;San Francisco;KR 20 A 67 27 SUR;Jardín Infantil SDIS.;7150642;San Francisco;San Francisco II Sector;19;Ciudad Bolívar;San Francisco;66
1930094;La Estancia;KR 74 G 59 87 SUR;Jardín Infantil SDIS.;7807486;La Estancia;La Estancia;19;Ciudad Bolívar;Ismael Perdomo;69
1930095;Urapanes;KR 18 A 80 82 SUR;Jardín Infantil SDIS.;7910074;Quiba;Los Urapanes;19;Ciudad Bolívar;El Tesoro;68
1430097;Casa de Desarrollo Integral la Libelulosa;KR 15 8 57;Jardín Infantil SDIS.;3186178451;Voto Nacional;Voto Nacional;14;Los Mártires;La Sabana;102
1830098;Chiquitines del Bosque;KR 5 A BIS 48 P 84 SUR;Jardín Infantil SDIS.;7391506;San Agustin;El Bosque de los Molinos;18;Rafael Uribe;Diana Turbay;55
130099;Obra Suiza;Cl 182 6 21;Jardín Infantil SDIS.;6705611;Horizontes Norte;El Codito;1;Usaquén;Verbenal;9
130101;Verbenal Orientando Tus Pasitos;KR 17 BIS 186 C 8;Jardín Infantil SDIS.;6794659;El Vervenal;El Verbenal II Sector;1;Usaquén;Verbenal;9
1930102;Maravilla Infantiles Nueva Colombia Sur;Calle 70 K SUR # 18 L - 49;Jardín Infantil SDIS.;7665022-3003966430;;;19;Ciudad Bolívar;Lucero;67
930103;La Cabaña Fontibon;KR 104 A BIS 23 G 44;Jardín Infantil SDIS.;4151723-3213734360;La Cabana Fontibon;La Giralda;9;Fontibón;Fontibón;75
930104;El Portal;TV 124 18 A 79;Jardín Infantil SDIS.;4219725;;;9;Fontibón;Fontibón San Pablo;76
1430105;Los Martires;CL 3 B 29 57;Jardín Infantil SDIS.;SIN INFORMACION;SANTA ISABEL;Santa Isabel;14;Los Mártires;Santa Isabel;37
1530106;Baúl de Colores;CL 13 A SUR 10 49;Jardín Infantil SDIS.;3142648071;Ciudad Jardin Sur;Ciudad Jardín del Sur;15;Antonio Nariño;Ciudad Jardín;35
730030;Laureles;CL 73 SUR 81 B 10;Jardín Infantil SDIS.;7804759;Gran Colombiano;Grancolombiano II Sector;7;Bosa;Bosa Central;85
830035;Patio Bonito Satelite;KR 87 5 B 21;Jardín Infantil SDIS.;2735498;Patio Bonito;Patio Bonito II Sector;8;Kennedy;Patio Bonito;82
930045;La Giralda;CL 23 104 B 15;Jardín Infantil SDIS.;4183734;La Cabana Fontibon;La Giralda;9;Fontibón;Fontibón;75
1130059;Suba;CL 146 C BIS 91 42;Jardín Infantil SDIS.;6815458;Suba Urbano;S.C. Suba Urbano;11;Suba;Suba;27
1230067;Maria Goretti;CL 67 D 58 14;Jardín Infantil SDIS.;2400285;Popular Modelo;Popular Modelo;12;Barrios Unidos;Doce de Octubre;22
1830070;Colinas;KR 15 C 31 G 40 SUR;Jardín Infantil SDIS.;2786696;Gustavo Restrepo;Gustavo Restrepo;18;Rafael Uribe;San José;36
1430078;Samper Mendoza;KR 22 22 A 62;Jardín Infantil SDIS.;2681805;Santa Fe;Santa Fe;14;Los Mártires;La Sabana;102
1999001;Bellavista;CL 69 SUR 18 B 36;Salon S.D.I.S. - Uso Libre;SIN INFORMACION;Bellavista Lucero Alto;Bellavista Lucero Alto;19;Ciudad Bolívar;Lucero;67
1999002;Salon San Francisco;KR 22 64 99 SUR;Salon S.D.I.S. - Uso Libre;SIN INFORMACION;Las Acacias;San Francisco I Sector;19;Ciudad Bolívar;San Francisco;66
301001;Archivo-Soporte Tecnico Sistemas;KR 5 33 44;Sede Administrativa;3279797 EXT. 1079;La Perseverancia;La Perseverancia;3;Santa Fe;La Macarena;92
1001004;Supervision Adultez;CL 63 D 69 74;Sede Administrativa;6306267;Bosque Popular;Bosque Popular - El Trébol;10;Engativá;Las Ferias;26
1201005;Casa Gaitan;KR 54 78 40;Sede Administrativa;2409454 - 3108187;Jorge Eliecer Gaitan;Jorge Eliécer Gaitan;12;Barrios Unidos;Doce de Octubre;22
1701007;Subdireccion Identificacion Caracterizacion e Integracion Social (Casa Rosada);CL 12 3 79;Sede Administrativa;3444630;La Catedral;La Catedral;17;Candelaria;La Candelaria;94
301002;Nivel Central;AK 7 32 16 PISO 6;Sede Administrativa;3279797;San Martin;San_Martín;3;Santa Fe;Sagrado Corazón;91
401003;Subdireccion para La  Adultez Acercamiento;AC 11 SUR 1 B 10 ESTE;Sede Administrativa;2332284;La Maria;Balkanes;4;San Cristóbal;Sosiego;33
401003;Gestion de Oportunidades y Seguridad Economica;AC 11 SUR 1 B 10 ESTE;Sede Administrativa;2332284;La Maria;Balkanes;4;San Cristóbal;Sosiego;33
1301006;Subdireccion Adultez-Proyecto Adultez con Oportunidades;KR 16 A 30 74;Sede Administrativa;2455103;Armenia;Armenia;13;Teusaquillo;Teusaquillo;101
105001;Subd Local Usaquen;CL 165 7 38;Subdirección Local para la Integración Social;6781969 - 6724183 - 6718137 - 6707198 - 6702277;Santa Teresa;Santa Teresa;1;Usaquén;La Uribe;10
205002;Subd Local Chapinero;CL 50 A 13 58;Subdirección Local para la Integración Social;2494833 - 2496246 - 2494794 - 2493212;Marly;S.C. Marly;2;Chapinero;Chapinero;99
505005;Subd Local Usme-Sumapaz;AC 91 SUR 3 C 34 ESTE;Subdirección Local para la Integración Social;2006448 - 7640385 - 7685863 -7685865;Charala;Chuniza;5;Usme;Comuneros;58
705007;Subd Local Bosa;CL 73 SUR 81 B 10;Subdirección Local para la Integración Social;7753064 - 7802711;Gran Colombiano;Grancolombiano II Sector;7;Bosa;Bosa Central;85
305003;Subd Local Santafe - Candelaria;KR 2 3 10;Subdirección Local para la Integración Social;2465631 - 2897449 - 2892448 - 2465631 - 2330716;Lourdes;Lourdes 2;3;Santa Fe;Las Cruces;95
605006;Subd Local Tunjuelito;DG 47 A SUR 53 92;Subdirección Local para la Integración Social;2702827 - 7410171 - 7410174 - 2308943;Venecia;Venecia;6;Tunjuelito;Venecia;42
905008;Subd Local Fontibon;KR 104 B 22 J 15;Subdirección Local para la Integración Social;4185564 - 2672417 - 4159214 - 2672806 - 4184119 - 2672424 - 4181948 - 4210976;La Cabana Fontibon;La Giralda;9;Fontibón;Fontibón;75
1105010;Subd Local Suba;KR 91 146 C 15;Subdirección Local para la Integración Social;6815452 - 6635482 - 6835951 - 6921232 - 6857436 - 6835171;Suba Urbano;S.C. Suba Urbano;11;Suba;Suba;27
1205011;Subd Local Barrios Unidos - Teusaquillo;KR 58 67 D 31;Subdirección Local para la Integración Social;2509877 - 2509966 - 3113299 - 2400945;Popular Modelo;Popular Modelo;12;Barrios Unidos;Doce de Octubre;22
1405013;Subd Local Los Martires;Diagonal 22 B BIS # 20 - 51;Subdirección Local para la Integración Social;2448978 - 2681821 - 2697350 - 3685688 - 2684400;Santa Fe;Santa Fe;14;Los Mártires;La Sabana;102
1605014;Subd Local Puente Aranda - Antonio Nariño;KR 33 4 A 23;Subdirección Local para la Integración Social;2373467 - 2373638 - 2770669 - 2770676 - 2770671;Comuneros;Veraguas Central;16;Puente Aranda;Ciudad Montes;40
1805015;Subd Local Rafael Uribe Uribe;KR 15 C 31 G 40 SUR;Subdirección Local para la Integración Social;3663805 - 3665335 - 2090454;Gustavo Restrepo;Gustavo Restrepo;18;Rafael Uribe;San José;36
805016;Subd Local Kennedy;CL 38 SUR 94 C 29;Subdirección Local para la Integración Social;4542712;Galan;Bellavista_;8;Kennedy;Patio Bonito;82
