ID;RNT;NOMBRE COMERCIAL;TIPO;DIRECCION;LOCALIDAD;TELEFONO;E MAIL;PAGINA WEB;RANGO TARIFA;ZONA;ESTADO
3;16153;HOSPEDAJE CASA ARANA;HOTEL;KR 66 12 06;PUENTE ARANDA;2906464 -  - ;casaarana@hotmail.com;NA;Menos de $ 60.000;No Pertenece a ZIT;
6;5230;HOTEL CANDILEJAS;HOTEL;CL 68 17 28;BARRIOS UNIDOS;6061236 - 2357329 - 3144336865;angelinav68@hotmail.com;NA;Menos de $ 60.000;No Pertenece a ZIT;
10;11493;HOTEL BOYACÁ LA 24;HOTEL;KR 24 68 35;BARRIOS UNIDOS;2502241 - 2315994 - ;NA;NA;Menos de $ 60.000;No Pertenece a ZIT;
11;13635;APARTAHOTEL LAGOS DEL NORTE;HOTEL;KR 23 67 20;BARRIOS UNIDOS;2491610 - 2491637 - ;hotel.lagos.del.norte@gmail.com;NA;Menos de $ 60.000;No Pertenece a ZIT;
13;4631;HOSTAL MONSERRAT;ALOJAMIENTO RURAL;KR 24 82 43;BARRIOS UNIDOS;6168160 -  - ;alpesbogota@hotmail.com - julianleus@hotmail.com;NA;Entre $ 60.001 y $ 150.000;No Pertenece a ZIT;
14;8166;ALPES BOGOTÁ HOSTAL;ALOJAMIENTO RURAL;KR 48 93 64;BARRIOS UNIDOS;6221738 - 6168160 - ;alpesbogota@hotmail.com - julianleus@hotmail.com;www.alpesbogotacasahotel.com;Entre $ 60.001 y $ 150.000;No Pertenece a ZIT;
22;7445;HOTEL LORD;HOTEL;CL 63 14 62;TEUSAQUILLO;2550530 -  - ;hotel_lord@yahoo.com.ar - info@hotel-lord.com;www.hotel-lord.com;Menos de $ 60.000;No Pertenece a ZIT;
23;14447;SUITE BÁSICAS INN - SUITES EJECUTIVAS ECONÓMICAS;HOTEL;CL 63 D 22 44;BARRIOS UNIDOS;3125956 - 2552313 - 2482522;basicasinn@gmail.com;www.hotelbogotainn.com;Entre $ 60.001 y $ 150.000;No Pertenece a ZIT;
24;13620;SUITTES INN TURÍSTICAS CALLE 63;HOTEL;CL 63 28 62;BARRIOS UNIDOS;2116901 - 2490387 - 2489640;turisticas63@hotelbogotainn.com;www.hotelbogotainn.com;Entre $ 60.001 y $ 150.000;No Pertenece a ZIT;
25;14450;APARTAMENTOS CEDROS 63 INN  - APARTAMENTO LOS CEDROS;HOTEL;CL 63 C 21 46;BARRIOS UNIDOS;3453963 - 3452603 - 5486174;apartamentoscedro@gmail.com;www.hotelbogotainn.com;Entre $ 60.001 y $ 150.000;No Pertenece a ZIT;
26;13621;SUITES INN ECONÓMICAS CALLE 63;HOTEL;CL 63 B 21 30;BARRIOS UNIDOS;2492160 - 2492077 - 2492289;economicas63@gmail.com;www.hotelbogotainn.com;Entre $ 60.001 y $ 150.000;No Pertenece a ZIT;
27;13343;HOTEL 63 INN EJECUTIVO;HOTEL;CL 63 D 21 26;BARRIOS UNIDOS;2116459 - 7495314 - ;hotel_63in_ejecutivo@hotmail.com;www.hotelesejecutivobogota.com;Menos de $ 60.000;No Pertenece a ZIT;
29;15485;HOTEL ELEGANT SUIT NORMANDIA;HOTEL;AV BOYACÁ 51 62;ENGATIVÁ;4838338 - 2630987 - ;hotelelegantsuitenormandia@hotmail.com;www.hotelelegantsuite.net;Entre $ 60.001 y $ 150.000;No Pertenece a ZIT;
30;9945;HOTEL DEL PUENTE BOGOTÁ;HOTEL;AV BOYACÁ 48 A 04/02;ENGATIVÁ;2958228 - 2958208 - ;hoteldelpuentebogota@hotmail.com;www.hoteldelpuentebogota.com;Menos de $ 60.000;No Pertenece a ZIT;
31;12905;HOTEL SAN JOSÉ BAVARIA 1;HOTEL;CL 12 71 D 60;KENNEDY;2925026 - 4126025 - ;hotelsanjosebavaria@hotmail.com;NA;Menos de $ 60.000;No Pertenece a ZIT;
41;5381;HOTEL BOGOTÁ ROYAL;HOTEL;KR 8 A 99 55;CHAPINERO;6341734 - 6004100 - ;reservas@hotelbogotaroyal.com;www.hotelesroyal.com;Entre $ 150.001 y $ 350.000;Calle 100;
42;4280;LA MANSIÓN HOTEL;HOTEL;KR 17 102 47/51;USAQUÉN;2578037 - 2578017 - 2568038;reservas@hotellamansionbogota.com;www.hotellamansionbogota.com;Entre $ 150.001 y $ 350.000;No Pertenece a ZIT;
43;1028;RADISSON ROYAL BOGOTÁ HOTEL;HOTEL;CL 113 7 65;USAQUÉN;6578700 - 6578709 - ;reservas@radissonroyal.com;www.radisson.com/bogota.co;Más de $ 350.001;Usaquen;
44;118;HOTEL CHARLESTON BOGOTÁ;HOTEL;KR 13 85 46;CHAPINERO;2571100 -  - ;info@hotelescharleston.com;www.hotelescharleston.com;Más de $ 350.001;No Pertenece a ZIT;
47;4054;HOTEL CASONA DEL PATIO;HOTEL;KR 8 69 24;CHAPINERO;2128805 -  - ;reservas@lacasonadelpatio.net;www.lacasonadelpatio,net;Entre $ 60.001 y $ 150.000;No Pertenece a ZIT;
48;8245;HOTEL BOGOTÁ REGENCY (REGENCY SUITES);HOTEL;KR 7 127 21;USAQUÉN;5921777 -  - ;reservas@hotelregency.com.co;www.hotelregency.com;Entre $ 150.001 y $ 350.000;No Pertenece a ZIT;
49;4351;HOTEL EGINA;HOTEL;KR 14 A 119 16;USAQUÉN;6371610 -  - ;info@lemanoir-egina.com;www.lemanoir-egina.com;Entre $ 150.001 y $ 350.000;No Pertenece a ZIT;
50;2367;NUEVO HOTEL RINCÓN SANTA BARBARA;HOTEL;CL 126 7 A 19;USAQUÉN;6201397 -  - ;vesntas@rincondesantabarbara.com;www.rincondesantabarbara.com;Entre $ 150.001 y $ 350.000;No Pertenece a ZIT;
51;15060;CASABLANCA 121;HOTEL;CL 121 7 A 66;USAQUÉN;5938794 -  - ;reservas@hbybhotels.com;www.hbybhotels.com;Entre $ 150.001 y $ 350.000;No Pertenece a ZIT;
52;7678;HOTEL HILL HOUSE;APARTA HOTEL;CL 120 A 6 54;USAQUÉN;2133434 -  - ;reservas@hotelhillhouse.com.co;www.hotelhillhouse.com.co;Más de $ 150.001;Usaquen;
55;7012;SANTAFE BOUTIQUE HOTEL;HOTEL;CL 116 15 64;USAQUÉN;5942400 -  - ;reservas@santafeboutique.com;www.santafeboutique.com;Entre $ 150.001 y $ 350.000;No Pertenece a ZIT;
56;10028;HOTEL SUITE 114;HOTEL;CL 114 11 A 59;USAQUÉN;2148073 - 2148120 - ;hsuite114@gmail.com;www.suitehotel114.com;Entre $ 60.001 y $ 150.000;No Pertenece a ZIT;
57;6021;HOTEL HACIENDA ROYAL;HOTEL;CL 114 6 02;USAQUÉN;6578950 - 6578900 - ;cmorales@haciendaroyal.com;www.haciendaroyal.com;Más de $ 350.001;Usaquen;
58;1628;HOTEL DANN NORTE;HOTEL;KR 15 112 09;USAQUÉN;6374377 - 2152844 - ;servcioalcliente@dannnorte.comco;www.hotelesdann.com;Entre $ 150.001 y $ 350.000;No Pertenece a ZIT;
59;11209;APARTAHOTEL CASA DE SIÓN;APARTA HOTEL;KR 14 B 111 19;USAQUÉN;2143675 - 2143942 - 6205814;apartahotelcasadesion@hotmail.com;www.casadesion.com;Menos de $ 150.000;No Pertenece a ZIT;
61;3865;LANCASTER HOUSE CORPHOTELES;APARTA HOTEL;AK 45 106 B 28;USAQUÉN;6291100 -  - 2142772;reservas@lancasterhouse.com.co;www.lancasterhouse.com.co;Más de $ 150.001;No Pertenece a ZIT;
62;9858;CASONA REAL HOTEL;HOTEL;CL 106 14 49;USAQUÉN;2140179 -  - ;reservas@casonareal.com.co;www.casonareal.com.co;Entre $ 60.001 y $ 150.000;No Pertenece a ZIT;
64;4043;HOTEL BALCONES DE MIRANDA  ;HOTEL;KR 8 D 106 78;USAQUÉN;6203678 - 6203735 - ;hotelbalconesdemiranda@yahoo.es;www.hotelbalconesdemiranda.com;Entre $ 60.001 y $ 150.000;No Pertenece a ZIT;
67;17610;104 ART SUITES;APARTA HOTEL;KR 18 A 104 77;USAQUÉN;6025959 -  - ;e.commerce@104artsuites.com;NA;Más de $ 150.001;No Pertenece a ZIT;
68;745;HOTEL DANN CARLTON BOGOTÁ;HOTEL;AV 15 103 60;USAQUÉN;6350010 - 6461888 - 18000943266;angela.bueno@hotelesdann.com - centralreservas@hotelesdann.com;NA;Entre $ 150.001 y $ 350.000;No Pertenece a ZIT;
69;6064;HOTEL LE MANOIR;HOTEL;CL 105 17 A 82;USAQUÉN;2133980 -  - ;info@lemanoir-egina.com;www.lemanoir-egina.com;Entre $ 150.001 y $ 350.000;No Pertenece a ZIT;
71;13709;CASA RINCÓN DEL CHICO INTERNACIONAL;ALOJAMIENTO RURAL;CL 101 13 32;USAQUÉN;2147430 - 2158637 - 2159855;hotelrincondelchico1@hotmail.com;www.rincondelchico.com;Entre $ 60.001 y $ 150.000;Calle 100;
72;5969;HOTEL SUITE CHICO II HOUSE;HOTEL;CL 101 13 A 23;USAQUÉN;7420410 - 2155530 - ;reservas@hotelsuitechico.com.co;www.hotelsuitechico.com.co;Entre $ 150.001 y $ 350.000;Calle 100;
73;11211;HOTEL LE MIRAGE;HOTEL;KR 14 A 102 12;USAQUÉN;2570412 - 2561955 - 6103036;hotellemiragebta@gmail.com;www.hotellemirageltda.com;Entre $ 60.001 y $ 150.000;No Pertenece a ZIT;
74;3313;BOGOTÁ PLAZA SUMMIT HOTEL;HOTEL;CL 100 18 A 30;CHAPINERO;6322200 -  - ;dr@bogotaplazahotel.com;www.bogotaplazahotel.com;Entre $ 150.001 y $ 350.000;Calle 100;
75;5982;101 PARK HOUSE;APARTA HOTEL;KR 21 101 10;USAQUÉN;6000101 - 6001087 - 6001828;reservas@101parkhouse.com;www.101parkhouse.com;Menos de $ 60.000;No Pertenece a ZIT;
76;5032;HOTEL ANDES PLAZA;HOTEL;AK 15 100 11;USAQUÉN;3148180 -  - ;andesplaza@doradoplaza.com;www.hotelandesplaza.co;Entre $ 150.001 y $ 350.000;Calle 100;
77;1810;GHL CONFORT HOTEL EL BELVEDERE - INVERSIONES BELVEDERE LTDA;HOTEL;KR 17 A 100 16;USAQUÉN;2577700 -  - ;reservas.belvedere@ghlhoteles.com;www.ghlhoteles.com;Entre $ 150.001 y $ 350.000;Calle 100;
80;13321;HOTEL GRAND HOUSE;HOTEL;KR 18 93 97;CHAPINERO;4034000 -  - ;recepcion@hotelgh.com - ventas@hotelgh.com;NA;Entre $ 150.001 y $ 350.000;Parque 93;
82;3288;HOTEL GHL HAMILTON COURT;HOTEL;KR 14 81 20;CHAPINERO;6215455 -  - ;hotel.hamilton@ghlhoteles.com;www.ghlhoteles.com;Entre $ 150.001 y $ 350.000;Calle 82;
84;5895;GHL CONFORT HOTEL LOS HEROES;HOTEL;CL 74 15 60;CHAPINERO;3175959 -  - ;hotel.losheroes@ghlhoteles.com;www.ghlhoteles.com;Entre $ 150.001 y $ 350.000;No Pertenece a ZIT;
85;7110;CASABLANCA 93;HOTEL;CL 93 18 11;CHAPINERO;5938794 -  - ;reservas@hbybhotels.com;www.hbybhotels.com;Entre $ 150.001 y $ 350.000;Parque 93;
86;23784;HOTEL BOGOTÁ ROYAL SUITE;HOTEL;CL 53 10 78;CHAPINERO;3479835 - 3473955 - 3108524911;reservasbogotaroyalsuite@gmail.com;www.hotelbogotaroyalsuite.com;Menos de $ 60.000;No Pertenece a ZIT;
88;15591;HOTEL BH EL RETIRO;HOTEL;CL 80 10 11;CHAPINERO;7563177 -  - ;recepcionelretiro@bhhoteles.com;www.bhhoteles.com;Entre $ 150.001 y $ 350.000;Nogal;
89;17366;HOTEL BH LA QUINTA;HOTEL;KR 5 74 52;CHAPINERO;7424908 -  - ;recepcionlaquinta@bhhoteles.com;www.bhhoteles.com;Entre $ 150.001 y $ 350.000;No Pertenece a ZIT;
90;22229;CELEBRITIES SUITES - MODERNO PARK SA;VIVIENDA TURÍSTICA;CL 74 10 33;CHAPINERO;6011414 - 6012604 - 6012606;reserva@celebritiessuites.com;www.celebritiessuites.com;Entre $ 150.001 y $ 350.000;No Pertenece a ZIT;
92;11041;HOTEL CASA FALCON;HOTEL;CL 69 11 A 64;CHAPINERO;2110491 -  - ;jcartagena64@gmail.com;www.hotelcasafalcon.com;Entre $ 60.001 y $ 150.000;Calle 72;
93;7105;APARTAMENTOS LAGO 76;APARTA HOTEL;KR 15 76 15;CHAPINERO;6913720 - 2366458 - 2366494;ap_hotelago76@yahoo.com - apartahotel_76@hotmail.com;www.lago76.com;Menos de $ 150.000;No Pertenece a ZIT;
95;4668;HOTEL INTER BOGOTÁ;HOTEL;KR 3 20 17;SANTA FE;3417057 - 2837631 - ;servicioalcliente@interbogotahotel.com;www.interbogotahotel.com;Entre $ 60.001 y $ 150.000;No Pertenece a ZIT;
96;16585;HOTEL CLAUDIA DEL CENTRO;HOTEL;KR 8 17 66;SANTA FE;3422727 -  - ;hospedajeclaudia@hotmail.com;NA;Menos de $ 60.000;Candelaria;
98;4285;HOTEL MONSERRAT SPA VITAL;HOTEL;KR 3 20 35;SANTA FE;2868685 - 3418947 - ;monserratspavitalltda@hotmail.com;www.hotelmonserratspa.net;Entre $ 60.001 y $ 150.000;No Pertenece a ZIT;
101;14575;CASA DE HUESPEDES SANTA MARÍA HOTEL;HOTEL;KR 45 24 B 09;TEUSAQUILLO;3680516 - 6380517 - 3102389983;casahuespedessantamaria@yahoo.com;www.hotelcercaalaembajada.net - www.hotelcercaalaembajada.com;Entre $ 60.001 y $ 150.000;Quinta Paredes;
103;1410;HOTEL SOFITEL BOGOTÁ VICTORIA REGIA - PROMOTORA Y OPERADORA DE HOTELES PROMOTEL ;HOTEL;KR 13 85 80;CHAPINERO;6212666 -  - ;reservas.bogota@sofitel.com - reservas@sofitel.com;www.sofitel.com;Más de $ 350.001;No Pertenece a ZIT;
104;6958;HOTEL ESTRELLA LA 23;APARTA HOTEL;CL 23 7 86;SANTA FE;3418790 - 3133026578 - ;hotelestrellala23@hotmail.com;www.hotelestrellala23.com;Menos de $ 150.000;No Pertenece a ZIT;
105;11149;HOTEL MANILA PLAZA;HOTEL;CL 17 8 23;SANTA FE;2439013 - 3413308 - 3105792043;hotelmanilaplaza@gmail.com;NA;Menos de $ 60.000;Candelaria;
106;9169;HOTEL AMERICANO;HOTEL;CL 23 9 18;SANTA FE;3413000 - 3346237 - ;info@hotelamericanobogota.com - inversionesyhoteles@hotmail.com;www.hotelamericanobogota.com;Menos de $ 60.000;No Pertenece a ZIT;
107;12903;HOTEL EL DUQUE CENTRO INTERNACIONAL;HOTEL;CL 23 9 38;SANTA FE;3340080 - 3340081 - ;hotel.duque@hotmail.com;www.hotelelduqueci.com;Menos de $ 60.000;No Pertenece a ZIT;
111;4374;HOTEL EUROPA VIEJO;HOTEL;CL 23 13 30;SANTA FE;2436625 - 2811938 - ;hotel-europa@hotmail.com;NA;Menos de $ 60.000;No Pertenece a ZIT;
115;9946;GUN CLUB;HOTEL;KR 8 16 28;SANTA FE;2811283 - 3133434731 - ;;NA;Menos de $ 60.000;Candelaria;
120;17560;A MI REFUGIO CASA CULTURAL Y DE HUESPEDES ;HOTEL;KR 19 33 21;TEUSAQUILLO;2872489 -  - ;amirefugiohostal@gmail.com;www.amirefugio.org;Menos de $ 60.000;No Pertenece a ZIT;
121;4968;HOTEL LOS CERROS;HOTEL;CL 19 9 18;SANTA FE;3416068 - 2838438 - ;hotel_los_cerros@hotmail.com;NA;Menos de $ 60.000;No Pertenece a ZIT;
124;7577;HOTEL DEL PARQUE SUPERIOR;HOTEL;KR 5 23 34;SANTA FE;3363600 - 2842200 - ;reservas@hoteldelparquesuperior.co;www.hoteldelparquesuperior.co;Entre $ 60.001 y $ 150.000;No Pertenece a ZIT;
125;7748;HOTEL SAN FRANCISCO DE ASIS;HOTEL;KR 10 23 63;SANTA FE;2861677 -  - ;info@sfbogota.com;www.hotelsanfranciscodeasis.com;Entre $ 60.001 y $ 150.000;No Pertenece a ZIT;
129;6657;HOTEL LA SABANA;HOTEL;CL 23 5 23;SANTA FE;2844830 -  - ;hotel_lasabana@hotmail.com;www.hotellasabana.com;Entre $ 60.001 y $ 150.000;No Pertenece a ZIT;
132;6948;HOTEL LIDO;HOSTAL;CL 11 9 45 ;CANDELARIA;3412582 -  - ;lidoplazahotel@hotmail.com;NA;Menos de $ 60.000;Candelaria;
133;11490;ABADIA COLONIAL (ROMA);HOTEL;CL 11 2 32;CANDELARIA;3411884 -  - ;abadiacolonial@gmail.com;www.abadiacolonial.com;Entre $ 60.001 y $ 150.000;Candelaria;
134;5029;HOTEL DE LA OPERA - INVERSIONES LA OPERA S A;HOTEL;CL 10 5 72 ;CANDELARIA;3362066 -  - ;manager@hotelopera.com.co - sales@hotelopera.com.co;www.hotelopera.com.co;Entre $ 150.001 y $ 350.000;Candelaria;
136;16842;ALEGRIA´S HOSTEL;HOTEL;CL 9 2 13;CANDELARIA;2868047 - 2823168 - ;alegriamesa@hotmail.com;www.alegriashostel.com;Menos de $ 60.000;Candelaria;
137;13877;POSADA ANANDA MAYI;HOTEL;CL 9 2 81;CANDELARIA;3417208 - 3340419 - ;anandamayihostel@yahoo.com;www.anandamayihostel.com;Menos de $ 60.000;Candelaria;
139;11470;HOTEL AVENIDA JIMÉNEZ;HOTEL;AV JIMÉNEZ 4 69;CANDELARIA;2436685 - 2867303 - ;havjimenez@gmail.com;www.hotelavenidajimenez.com;Menos de $ 60.000;Candelaria;
142;6839;HOTEL AMBALÁ BOGOTÁ COLONIAL;HOTEL;KR 5 12 B 46;CANDELARIA;3426384 - 3412376 - 3376593;info@hotelambala.net;www.hotelambala.net;Entre $ 60.001 y $ 150.000;Candelaria;
143;481;HOTEL INTERNACIONAL;HOTEL;KR 5 12 C 45;LOS MARTIRES;3418731 - 3418336 - ;hotelinternacionalbogota@hotmail.com;www.hotelinternacionalbogota.com;Menos de $ 60.000;Candelaria;
144;16378;HOSTAL SUE CANDELARIA;HOTEL;KR 3 12 C 18;CANDELARIA;3412647 - 3144640774 - ;hostalsuecandelaria@yahoo.com;www.suecandelaria.com;Menos de $ 60.000;Candelaria;
146;4551;HOTEL EL DORADO;HOTEL;KR 4 12 D 02;CANDELARIA;3343988 - 2817271 - ;doradohotel@hotmail.com;NA;Menos de $ 60.000;Candelaria;
147;16379;HOSTAL SUE E.U.;HOTEL;CL 12 F 2 55;CANDELARIA;3348894 -  - ;hostalsue@yahoo.com;www.suecandelaria.com;Menos de $ 60.000;Candelaria;
149;16333;THE HOSTAL CRANKYCROC;HOTEL;CL 12 D 3 46;CANDELARIA;3422438 - 3144275299 - ;info@crankycroc.com;www.crankycroc.com;Menos de $ 60.000;Candelaria;
150;16513;HOSTAL FATIMA;HOTEL;CL 12 C 2 24;CANDELARIA;2816389 - 2810071 - ;contacto@hostalfatima.com;www.hostalfatima.com;Menos de $ 60.000;Candelaria;
153;14832;CASA POSADA AMELIA SAN FELIPE EL DORADO;HOTEL;KR 73 B BIS 24 D 85;FONTIBON;4105644 - 3163753486 - ;casaposadaamelia@gmail.com;casaposadaamelia.wix.com/bogota;Menos de $ 60.000;No Pertenece a ZIT;
158;13807;HABITEL;HOTEL;AC 26 100 97 ;FONTIBON;4199999 - 3105631311 - ;reservas@hotelhabitel.com;info@hotelhabitel.com;Más de $ 350.001;No Pertenece a ZIT;
159;813;GHL HOTEL CAPITAL;HOTEL;CL 25 B 69 A 50;FONTIBON;4233000 -  - ;reservas.capital@ghlhoteles.com;hotel.capital@ghlhoteles.com;Entre $ 150.001 y $ 350.000;Ciudad Salitre;
160;6974;HOTEL SHERATON BOGOTÁ;HOTEL;CL 25 B 69 C 80;FONTIBON;2105000 -  - ;reservas@sheratonbogota.com - hotel.sheratonbogota@ghlhoteles.com;www.sheratonbogota.com - www.ghlhoteles.com;Entre $ 150.001 y $ 350.000;Ciudad Salitre;
161;5215;HOTEL A.R.V.;HOTEL;CL 17 96 C 32;FONTIBON;2670845 - 3134287725 - ;hotel_arv@hotmail.com;NA;Menos de $ 60.000;No Pertenece a ZIT;
163;5349;HOTEL HYNTIVA;HOTEL;KR 98 17 36;FONTIBON;2670367 - 5451203 - ;jairopico1@hotmail.com;NA;Menos de $ 60.000;No Pertenece a ZIT;
165;5398;HOTEL LOS CAMBULOS;HOTEL;KR 96 C 17 38;FONTIBON;2679973 - 2673387 - 3132913396;NA;NA;Menos de $ 60.000;No Pertenece a ZIT;
167;11459;HOTEL ESCORIAL FONTIBÓN EN SUCESIÓN;HOTEL;CL 17 96 C 15;FONTIBON;2981150 - 2672951 - 4188241;hotelescorial@hotmail.com;NA;Menos de $ 60.000;No Pertenece a ZIT;
169;10026;CASA BLANCA 98 HOTEL;HOTEL;CL 17 A 97 83;FONTIBON;4186098 -  - ;NA;NA;Menos de $ 60.000;No Pertenece a ZIT;
181;4355;HOTEL FONTIBÓN;HOTEL;CL 17 97 10;FONTIBON;2679728 - 2679828 - ;servicioalcliente@hotelfontibon.com;www.hotelfontibon.com;Menos de $ 60.000;No Pertenece a ZIT;
183;1484;HOTEL RESIDENCIA ESPAÑA;HOTEL;KR 7 23 20;SANTA FE;3421396 - 7503736 - 3134229479;hotel_107@hotmail.com;NA;Menos de $ 60.000;No Pertenece a ZIT;
184;12525;HOSTAL BOGOTÁ REAL;HOTEL;CL 103 B 46 05;SUBA;6348094 - 3112121599 - ;info@hostalbogotareal.com;www.hostalbogotareal.com;Entre $ 60.001 y $ 150.000;No Pertenece a ZIT;
185;396;HOTEL DANN AV 19 - INVERSIONES SPIWAK LTDA;HOTEL;AV 19 5 72;LOS MARTIRES;2840100 -  - ;lina.medellin@hotelesdann.com - centralreservas@hotelesdann.com;www.hotelesdann.com;Entre $ 60.001 y $ 150.000;No Pertenece a ZIT;
188;21074;HOTEL FERROVIAL;HOTEL;KR 40 22 59;PUENTE ARANDA;2695559 - 2695555 - ;recepcion@hotelferrovialinn.com - reservas@hotelferrovialinn.com;www.hotelferrovialinn.com;Entre $ 60.001 y $ 150.000;Quinta Paredes;
189;13619;HOTEL QUINTA PAREDES INN;HOTEL;KR 40 22 69;PUENTE ARANDA;2441533 - 2441535 - ;hotelqp@hotmail.com - hotelquintaparedesinn@yahoo.com;www.hotelquintaparedesinn.com;Entre $ 60.001 y $ 150.000;Quinta Paredes;
193;3411;NUEVO HOTEL TEUSAQUILLO;HOTEL;KR 16 28 A 24;TEUSAQUILLO;2457996 - 6055515 - 2857960;hteusaquillo@etb.net.co;NA;Menos de $ 60.000;No Pertenece a ZIT;
196;11315;HOSTAL DE FEDERMAN;HOTEL;KR 38 56 38;TEUSAQUILLO;2225531 -  - ;contactenos@hostaldefederman.com;www.hostaldefederman.com;Entre $ 60.001 y $ 150.000;No Pertenece a ZIT;
198;11491;APARTAMENTOS GALERIAS 52;APARTA HOTEL;KR 30 52 38;TEUSAQUILLO;2486652 - 2486521 - 3477130;galerias51@gmail.com;www.apartamentosgalerias.com;Menos de $ 150.000;No Pertenece a ZIT;
199;4232;HOTEL EMBAJADOR;HOTEL;CL 37 18 A 49;TEUSAQUILLO;2458078 - 2452842 - 2322636;hotelembajador01@hotmail.com;www.hotelembajador.com.co;Menos de $ 60.000;Teusaquillo;
200;3402;HOTEL SUAMOX;HOTEL;CL 38 16 07;TEUSAQUILLO;2870065 - 2329812 - 3123869128;reservas@hotelsuamox.com;www.hotelsuamox.com;Entre $ 60.001 y $ 150.000;Teusaquillo;
201;19911;HOTEL INNOVA MASTER CENTRO INTERNACIONAL;HOTEL;CL 34 7 87;SANTA FE;2887007 -  - ;reservas@hotelesinnova.com;www.hotelesinnova.com;Entre $ 60.001 y $ 150.000;Centro Internacional;
202;7076;HOTEL VILLA KARINA;HOTEL;CL 30 17 47;TEUSAQUILLO;2871445 - 2870953 - 2871298;hotelvillakarina@yahoo.es;NA;Menos de $ 60.000;No Pertenece a ZIT;
203;7617;HOTEL CAVIAR;HOTEL;KR 19 39 A 18;TEUSAQUILLO;2870870 -  - ;reservas@hotelcaviar.com;www.hotelcaviar.com;Entre $ 60.001 y $ 150.000;Teusaquillo;
204;15006;CASA KOLPING BOGOTÁ;HOTEL;KR 16 35 41;TEUSAQUILLO;2453223 -  - ;ckolpingbogta@etb.net.co;www.kolpingcolombia.com;Entre $ 60.001 y $ 150.000;Teusaquillo;
205;9027;HOTEL AMERICAN DREAM AND EVENTS;HOTEL;AV 40 25 28;TEUSAQUILLO;2643309 -  - ;reservas@hotelamericandream.com;www.hotelamericandream.com;Entre $ 60.001 y $ 150.000;Quinta Paredes;Suspendido
206;10686;HOTEL COLOMBIANS SUITE INTERNATIONAL;HOTEL;KR 43 A 24 C 06;TEUSAQUILLO;7441010 -  - ;reservas@hotelcolombiansuite.com;www.hotelescsi.com;Entre $ 60.001 y $ 150.000;Quinta Paredes;
207;24476;HOTEL CASA AMERICANA;HOTEL;CL 24 D 44 A 73;TEUSAQUILLO;2698875 - 5792287 - 4781570;reservas@hotelcasaamericana.com;www.hotelcasaamericana.com;Entre $ 60.001 y $ 150.000;Quinta Paredes;
208;9644;HOTEL CASA LA EMBAJADA COLONIAL;HOTEL;KR 44 A 24 A 60;TEUSAQUILLO;2447994 - 2694422 - ;hotelcasalaembajadacolonial@gmail.com;NA;Entre $ 60.001 y $ 150.000;Quinta Paredes;
211;10157;HOTEL CASA FORTEL;HOTEL;CL 22 B 44 C 09;TEUSAQUILLO;2696058 - 3134775051 - ;reservas@casafortel.com;NA;Entre $ 60.001 y $ 150.000;Quinta Paredes;
215;7379;HOTEL CASA LA EMBAJADA;HOTEL;CL 24 D 44 A 97;TEUSAQUILLO;2694838 - 5720260 - ;reservaslaembajada@gmail.com;www.hotelcasaembajada.com;Entre $ 60.001 y $ 150.000;Quinta Paredes;
217;17027;HOTEL SALITRE RUGAL;HOTEL;AC 24  40 71;TEUSAQUILLO;8051408 - 3689403 - ;reservas@hotelsalitrerugal.com;www.hotelsalitrerugal.com;Entre $ 60.001 y $ 150.000;Quinta Paredes;
218;13249;HOTEL PLATINUM SUITE;HOTEL;AC 24 40 76;TEUSAQUILLO;3378080 - 2685627 - ;reservas@hotelplatinumsuite.com.co;www.hotelplatinumsuite.com.co;Entre $ 150.001 y $ 350.000;Quinta Paredes;
220;15720;HOTEL SAN PABLO;HOTEL;CL 26 38 A 11;TEUSAQUILLO;3694700 -  - ;reservas@sanpablohotel.com - operacion@sanpablohotel.com;www.sanpablohotel.com;Entre $ 150.001 y $ 350.000;No Pertenece a ZIT;
222;9448;HOTEL CASA SANTA MARTA;HOTEL;KR 43 22 A 91;TEUSAQUILLO;3691876 - 3687163 - ;hotelcasasantamarta@gmail.com;NA;Entre $ 60.001 y $ 150.000;Quinta Paredes;
224;8734;HOTEL TURÍSTICO INTERNACIONAL GRAN AMÉRICA;HOTEL;CL 24 32 86;TEUSAQUILLO;2694903 - 5707725 - 3685348;hgranamerica@hotmail.com;NA;Entre $ 60.001 y $ 150.000;No Pertenece a ZIT;
225;4336;HOTEL TEUSACA AC;HOTEL;DG 33 BIS A 14 64;TEUSAQUILLO;5606085 - 2323556 - 2323722;teusaca_185@hotmail.com;www.hotelteusacac.inf.travel;Menos de $ 60.000;No Pertenece a ZIT;
226;16722;POSADA COLOMBIANA  'EN SUCESIÓN' ;HOTEL;DG 33 14 44;TEUSAQUILLO;6052170 - 6050370 - 3167446558;info@posadacolombiana.com;NA;Menos de $ 60.000;No Pertenece a ZIT;
227;5652;HOTEL MARÍA ISABEL BOGOTÁ;HOTEL;DG 33 BIS A 15 05;TEUSAQUILLO;2880399 -  - ;reservas@hotelmariaisabelbogota.com;www.hotelmariaisabelbogota.com;Entre $ 150.001 y $ 350.000;No Pertenece a ZIT;
228;14343;SUITES EJECUTIVAS 57 INN;HOTEL;CL 57 18 25;TEUSAQUILLO;3458428 - 2490408 - ;ejecutivas57@hotelbogotainn.com;www.hotelbogotainn.com;Entre $ 60.001 y $ 150.000;No Pertenece a ZIT;
229;8063;HOTEL GAVAN E.U.;HOTEL;AV CARACAS 51 39;CHAPINERO;2357990 -  - ;hotelgavan@gmail.com;www.hotelgavan.com;Menos de $ 60.000;No Pertenece a ZIT;
231;14344;SUITES INN GALERIAS;HOTEL;KR 23 53 A 43;TEUSAQUILLO;3101066 - 5414688 - 5403569;galerias@hotelbogotainn.com;www.hotelbogotainn.com;Entre $ 60.001 y $ 150.000;Campin;
232;4731;HOTEL SIAR;HOTEL;KR 25 52 16;TEUSAQUILLO;7008500 -  - ;hotelsiar@yahoo.es;www.hotelsiar.com;Entre $ 60.001 y $ 150.000;Campin;
233;17507;HOTEL PARKWAY;HOTEL;AK 24 39 B 32;TEUSAQUILLO;2885090 - 2885091 - ;hotelparkway@live.com;www.hotelparkway.com.co;Entre $ 60.001 y $ 150.000;Teusaquillo;
234;14456;HOTEL LORD GALERIAS;HOTEL;KR 27 A 53 20;TEUSAQUILLO;2488540 -  - ;hotel_lordgalerias@yahoo.com.ar;www.hotellordgalerias.com;Entre $ 60.001 y $ 150.000;Campin;
235;6805;HOTEL EL CAMPIN (MAICHEL E HIJOPS CIS S EN C);HOTEL;KR 25 52 35;TEUSAQUILLO;3491616 -  - ;reservas@hotelelcampin.com;comercial@hotelelcampin.com;Entre $ 150.001 y $ 350.000;Campin;
236;12563;HOTEL EL CONDADO PLAZA BOGOTÁ;HOTEL;DG 53 D 23 18;TEUSAQUILLO;2101102 - 2101105 - 3138611212;condadoplazahotel@hotmail.com;www.hotelelcondadoplaza.com;Entre $ 60.001 y $ 150.000;No Pertenece a ZIT;
237;15069;HOTEL SUITE BOGOTÁ COLONIAL UNO;HOTEL;CL 24 C 44 35;TEUSAQUILLO;3682682 -  - ;suitebogotacolonial@gmail.com;NA;Entre $ 60.001 y $ 150.000;Quinta Paredes;
238;7990;HOTEL SAN RAFAEL;APARTA HOTEL;AC 24 43 A 49;TEUSAQUILLO;2686858 - 3142935020 - 3689341;hotelsanrafael10@gamil.com;NA;Menos de $ 150.000;Quinta Paredes;
239;14341;HOTEL SANTAFÉ REAL;HOTEL;AC 24 40 31;TEUSAQUILLO;3686817 -  - ;reservas@hotelsantafereal.com;www.hotelsantafereal.com;Entre $ 60.001 y $ 150.000;Quinta Paredes;
240;16143;EMBASSY PARK HOTEL;HOTEL;AC 24 44 A 79;TEUSAQUILLO;3691876 -  - ;reservas@hotelembassypark.com;www.hotelembassypark.com;Entre $ 150.001 y $ 350.000;Quinta Paredes;
241;6866;HOTEL ESTELAR DE LA FERIA;HOTEL;AC 24 43 A 85;TEUSAQUILLO;5978240 -  - ;reservas.hotelaferia@hotelesestelar.com;www.hotelesestelar.com;Entre $ 150.001 y $ 350.000;Quinta Paredes;
242;9042;VIAGGIO PARQUE 54 - INMOBILIRIARIA ROYAL S.A.S.;VIVIENDA TURÍSTICA;KR 4 54 24;CHAPINERO;7449999 -  - ;mercadeo@viaggio.com.co - reservas@viaggio.com.co;www.viaggio.com.co;Entre $ 60.001 y $ 150.000;No Pertenece a ZIT;
243;9042;VIAGGIO COUNTRY - INMOBILIRIARIA ROYAL S.A.S.;VIVIENDA TURÍSTICA;KR 15 85 55;CHAPINERO;7449999 -  - ;mercadeo@viaggio.com.co;www.viaggio.com.co;Entre $ 150.001 y $ 350.000;No Pertenece a ZIT;
244;9042;VIAGGIO SALLE - INMOBILIRIARIA ROYAL S.A.S.;VIVIENDA TURÍSTICA;CL 61 5 75;CHAPINERO;7449999 -  - ;mercadeo@viaggio.com.co;www.viaggio.com.co;Entre $ 150.001 y $ 350.000;Lourdes;
245;9042;VIAGGIO CENTRO FINANCIERO - INMOBILIRIARIA ROYAL S.A.S.;VIVIENDA TURÍSTICA;CL 62 3 A 50;CHAPINERO;7449999 -  - ;mercadeo@viaggio.com.co - reservas@viaggio.com.co;www.viaggio.com.co;Entre $ 60.001 y $ 150.000;No Pertenece a ZIT;
246;9042;VIAGGIO STUDIOS - INMOBILIRIARIA ROYAL S.A.S.;VIVIENDA TURÍSTICA;CL 62 3 B 37;CHAPINERO;7449999 -  - ;mercadeo@viaggio.com.co;www.viaggio.com.co;Entre $ 150.001 y $ 350.000;No Pertenece a ZIT;
247;11183;CASA HOTEL ZUETANA PI;HOTEL;CL 106 A 18 A 19;USAQUÉN;6206848 - 6208052 - ;reservas@zuetana.com.co;www.zuetana.com;Entre $ 150.001 y $ 350.000;No Pertenece a ZIT;
251;4929;HOTEL ROSALES PLAZA;HOTEL;CL 71 A 5 47;CHAPINERO;3171100 - 3215917 - ;reservas@hotelrosalesplaza.com - mercadeo@hotelrosalesplaza.com;www.hotelrosalesplaza.com;Entre $ 150.001 y $ 350.000;Calle 72;
253;5538;HOTEL PARQUE 97 SUITES;HOTEL;CL 97 19 15;CHAPINERO;7444030 - 6917337 - ;reservas@hotelparque97.com;www.hotelparque97.com;Entre $ 150.001 y $ 350.000;Calle 100;
254;4088;SUITES REAL 97;APARTA HOTEL;CL 97 A 10 45;CHAPINERO;6109700 -  - ;real97@suitesreal.com;www.suitesreal.com;Más de $ 150.001;Calle 100;
255;40;HOTEL DE LA VILLE;HOTEL;CL 100 13 55;CHAPINERO;6500700 -  - ;ventas@hotelesdelaville.com.co;www.hotelesdelaville.com;Entre $ 150.001 y $ 350.000;Calle 100;
257;4873;HALIFAX;HOTEL;CL 93 15 93;CHAPINERO;6163098 -  - ;info@hotelhalifax.com.co;www.hotelhalifax.com.co;Entre $ 60.001 y $ 150.000;Parque 93;
258;3975;RICHMOND SUITES;HOTEL;CL 93 18 81;CHAPINERO;6235623 -  - ;reservas@richmondsuiteshotel.com;www.richmondsuiteshotel.com;Entre $ 150.001 y $ 350.000;Parque 93;
259;6876;HOTEL ESTELAR WINDSOR HOUSE;HOTEL;CL 95 9 97;CHAPINERO;6343630 -  - ;reservas.hwhouse@hotelesestelar.com;www.hotelesestelar.com;Entre $ 150.001 y $ 350.000;No Pertenece a ZIT;
260;5496;HOTEL MARBORÉ;HOTEL;AV 19 96 25;CHAPINERO;6108409 - 2368644 - 6233088;reservas@hotelmarbore.com.co;www.hotelmarbore.comc.o;Entre $ 60.001 y $ 150.000;Calle 100;
261;19011;HOTEL VIRREY PARK;HOTEL;KR 15 87 94;CHAPINERO;2181625 - 2181606 - ;reservas@hotelvirreypark.com;www.hotelvirreypark.com;Entre $ 150.001 y $ 350.000;No Pertenece a ZIT;
262;4734;HOTEL CHICO IMPERIAL SUITES;HOTEL;KR 19 C 91 63;CHAPINERO;6108003 -  - ;reservas@chicoimperialsuites.com.co;www.chicoimperial.com.co;Entre $ 60.001 y $ 150.000;No Pertenece a ZIT;
263;12210;HOTEL LA FONT;HOTEL;KR 16 86 A 32;CHAPINERO;5938150 -  - ;hotel@lafont.com.co;www.lafont.com.co/hotel;Más de $ 350.001;No Pertenece a ZIT;
264;4089;SUITES REAL 85;APARTA HOTEL;KR 18 84 56;CHAPINERO;2180100 -  - ;suitesreal85@gmail.com;www.suitesreal.com;Más de $ 150.001;Country;
265;2226;HOTEL EXCELSIOR BOGOTÁ;HOTEL;KR 14 86 A 96;CHAPINERO;2184311 -  - ;reservas@hotelexcelsiorbogota.com;www.hotelexcelsiorbogota.com;Entre $ 150.001 y $ 350.000;No Pertenece a ZIT;
266;3312;HOTEL BOHEME ROYAL;HOTEL;CL 82 12 35;CHAPINERO;6447100 - 6447132 - ;recepcionbh@bohemeroyal.com;www.hotelesroyal.com;Entre $ 150.001 y $ 350.000;Calle 82;
267;1076;HOTEL ANDINO ROYAL;HOTEL;CL 85 12 28;CHAPINERO;6513100 - 6515131 - ;ipena@andinoroyal.com - jsanabria@andinoroyal.com;www.hotelesroyal.com;Más de $ 350.001;No Pertenece a ZIT;
269;407;CROWNE PLAZA TEQUENDAMABOGOTÁ (HOTEL TEQUENDAMA);HOTEL;KR 10 26 21;SANTA FE;3820300 - 3822930 - 18000916565;reservas@sht.com.co;www.sht.com.co;Entre $ 150.001 y $ 350.000;Centro Internacional;
272;1423;SUITE LUGANO IMPERIAL & CIA LTDA.;HOTEL;CL 70 A 7 62;CHAPINERO;3131113 -  - ;reservas@lytoperadora.com;www.ltyoperadora.com;Entre $ 150.001 y $ 350.000;Calle 72;
273;120;HOTEL CASA MEDINA;HOTEL;KR 7 69 A 22;CHAPINERO;3120299 - 2170288 - ;info@hotelescharleston.com;www.hotelescharleston.com;Más de $ 350.001;Calle 72;
274;7412;EMAUS BOGOTÁ;HOTEL;KR 4 69 A 46;CHAPINERO;5442005 -  - ;gerencia@hotelemausbogota.com.co;www.hotelemausbogota.com;Entre $ 150.001 y $ 350.000;No Pertenece a ZIT;
275;15690;HOTEL ABC 7 AVENIDA;HOTEL;KR 7 47 63;CHAPINERO;2856329 - 2872026 - 2872097;hotelabc7@hotmail.com;www.hotelabc7.com;Menos de $ 60.000;Chapinero Central;
277;23271;HOTEL LÉTOILE;HOTEL;KR 7 43 47;CHAPINERO;2878728 - 2876717 - ;recepcion.hotel6@gmail.com - reservas@grupotasaca.com;www.hotelesgrupotasaca.com;Entre $ 60.001 y $ 150.000;Chapinero Central;
278;2430;HOTEL PORTON BOGOTÁ;HOTEL;CL 84 7 65;CHAPINERO;6166611 -  - ;servicioalcliente@hotelportonbogota.com.co;www.hotelportonbogota.com.co;Más de $ 350.001;No Pertenece a ZIT;
279;3584;MORRISON HOTEL;HOTEL;CL 84 BIS 13 54;CHAPINERO;6223111 -  - ;morrisonhotel@morrisonhotel.com;www.morrisonhotel.com;Más de $ 350.001;Calle 82;
280;4262;HOTEL RETIRO 84;HOTEL;CL 84 9 95;CHAPINERO;6161501 -  - ;reservas@retiro84.com - amandas@retiro84.com;www.retiro84.com;Entre $ 150.001 y $ 350.000;No Pertenece a ZIT;
282;14582;ROYAL PARK METROTEL;HOTEL;CL 74 13 27;CHAPINERO;3254445 -  - ;reservas@metrotelroyalpark.com - servicioalclienteml@metrotelroyalpark.com;www.metrotelroyalpark.com;Entre $ 150.001 y $ 350.000;No Pertenece a ZIT;
283;4655;HOTEL CONFORT 80;HOTEL;KR 16 A 79 85;CHAPINERO;6101678 -  - ;operaciones@hotelesconfort80.com;www.hotelesconfort80.com;Entre $ 150.001 y $ 350.000;Country;
284;4752;HOTEL EMBASSY SUITES ROSALES BOGOTÁ BY HILTON;HOTEL;CL 70 6 22;CHAPINERO;3171313 -  - ;reservas@embassy-bogota.com.co - crm@embassy-bogota.com.co;www.embassysuites.com - www.hilton.com;Más de $ 350.001;Calle 72;
285;6277;HOTEL NACIÓN;HOTEL;KR 8 65 29 / KR 8 A 65 36;CHAPINERO;2480709 - 2555680 - ;hotelnacion@hotmail.com - contactenos@hotelesnacion.com;www.hotelesnacion.com;Entre $ 60.001 y $ 150.000;No Pertenece a ZIT;
287;3314;HOTEL ESTELAR SUITE JONES - SURCURSAL CHAPINERO ALTO;HOTEL;CL 61 5 39;CHAPINERO;3468246 -  - ;www.hotelesestelar.com;NA;Entre $ 150.001 y $ 350.000;Lourdes;
288;4079;APARTASUITES LOURDES LIMITADA;HOTEL;CL 63 15 61;BARRIOS UNIDOS;3454301 - 3454305 - 3454306;reservas@hotellourdes.com;www.hotellourdes.com;Entre $ 60.001 y $ 150.000;No Pertenece a ZIT;
289;15237;HOTEL LOURDES 62 ;APARTA HOTEL;CL 62 11 15;CHAPINERO;2175735 - 3106190271 - ;hotellourdesla62@hotmail.com;www.hotellourdes.amawebs.com;Menos de $ 150.000;Lourdes;
291;7759;HOTEL COLONIAL BOGOTÁ;HOTEL;AV CARACAS 56 63;CHAPINERO;2551398 - 3107462 - ;NA;NA;Menos de $ 60.000;No Pertenece a ZIT;
292;10158;HOTEL EL GRAN MARQUEZ;HOTEL;AV CARACAS 51 09 ;CHAPINERO;4814881 - 2354132 - ;reservas@hotelgranmarquez.com;www.hotelelgranmarquez.com;Menos de $ 60.000;No Pertenece a ZIT;
295;5543;HOTEL CENTRO INTERNACIONAL;HOTEL;KR 13 A 38 95;SANTA FE;2885566 -  - ;reservas@hotelcentrointernacional.com - contacto@hotelcentrointernacional.com;www.hotelcentrointernacional.com;Entre $ 60.001 y $ 150.000;No Pertenece a ZIT;
296;2439;HOTEL COSMOS 100;HOTEL;CL 100 21 A 41;USAQUÉN;6464000 - 2571035 - ;cosmos100@cosmos100.com - reservas@hotelescosmos.com;www.cosmo100.com;Entre $ 150.001 y $ 350.000;Calle 100;
297;4792;HOTEL CASA DANN CARLTON;HOTEL;CL 94 19 71;CHAPINERO;6338777 -  - ;reservas.casadann@hotelesdann.com - servicioalcliente@hotelesdann.com;www.hotelesdann.com;Entre $ 150.001 y $ 350.000;Parque 93;
298;1119;HOTEL ESTELAR LA FONTANA;HOTEL;AC 127 15 A 10;USAQUÉN;6154400 -  - ;;www.hotelestelar.com;Entre $ 150.001 y $ 350.000;No Pertenece a ZIT;
301;9042;VIAGGIO VIRREY - INMOBILIRIARIA ROYAL S.A.S.;VIVIENDA TURÍSTICA;KR 18 86 A 36;CHAPINERO;7449999 -  - ;mercadeo@viaggio.com.co;www.viaggio.com.co;Entre $ 60.001 y $ 150.000;No Pertenece a ZIT;
302;9042;VIAGGIO DORMS (URBANO) - INMOBILIRIARIA ROYAL S.A.S.;VIVIENDA TURÍSTICA;TV 4 43 95;CHAPINERO;7449999 -  - ;mercadeo@viaggio.com.co;www.viaggio.com.co;Entre $ 60.001 y $ 150.000;No Pertenece a ZIT;
304;12723;HOTEL EL VIAJERO INN;HOTEL;CL 18 8 57 ;SANTA FE;3422136 - 3347656 - ;hotelavis@gmail.com;NA;Menos de $ 60.000;Candelaria;
306;15515;HOTEL DIAMANTE INTERNACIONAL;HOTEL;AC 24 40 70;TEUSAQUILLO;2699550 -  - ;reservas@hoteldiamanteinternacional.com;www.hoteldiamanteinternacional.com;Entre $ 60.001 y $ 150.000;Quinta Paredes;
308;13109;CASA HOTEL LA ESTANCIA;HOTEL;KR 43 A 22 A 07;TEUSAQUILLO;2686475 - 5700043 - 2685510;reservas@casahotellaestancia.com;www.casahotellaestancia.com;Entre $ 60.001 y $ 150.000;Quinta Paredes;
309;11208;"HOTEL ARAGÓN ""EN SUCESIÓN""";HOTEL;KR 3 12 C 13;CANDELARIA;3425239 - 2848325 - ;hotelaragonbogota@hotmail.es;NA;Menos de $ 60.000;Candelaria;
311;7706;HOTEL SAN PAOLO DI TORINO;HOTEL;KR 9 9 69 ;CANDELARIA;3415729 - 5600456 - ;hotelciudadreal@hotmail.com;NA;Menos de $ 60.000;Candelaria;
312;29986;HOTEL LIMA;HOTEL;KR 4 16 65;SANTA FE;3348334 - 3419533 - 2437935;hotel.lima.bogota@gmail.com;www.hotellima.com;Menos de $ 60.000;Candelaria;
314;4598;HOTELES AMÉRICA;HOTEL;CL 66 8 23 TORRE A / CL 66 8 34 TORRE B ;CHAPINERO;2128110 -  - ;reservas@hotelesamerica.com.co;info@hotelesamerica.com.co;Entre $ 60.001 y $ 150.000;No Pertenece a ZIT;
316;4619;HOTEL DORANTES;HOTEL;CL 12 B 5 07;SANTA FE;3346640 -  - ;informacion@hoteldorantes.com;www.hoteldorantes.com;Menos de $ 60.000;Candelaria;
1004;8745;APARTAMENTOS ESTELAR;HOTEL;CL 127 15 A 10;USAQUÉN;5769240 -  - ;huesped.lafontana@apartamentosestelar.com;www.hotelesestelar.com;Entre $ 150.001 y $ 350.000;No Pertenece a ZIT;
1008;10027;APARTA ESTUDIOS ANDINO LTDA.;APARTA HOTEL;KR 19 A 102 09;USAQUÉN;6220678 -  - ;reservas@apartaestudioslosandes.com;www.apartaestudioslosandre.com;Menos de $ 150.000;No Pertenece a ZIT;
1011;11840;APARTAMENTOS GALERIAS 51;APARTA HOTEL;KR 30 51 34;TEUSAQUILLO;2550180 - 2550160 - 2553959;galerias51@gmail.com;www.apartamentosgalerias.com;Menos de $ 150.000;No Pertenece a ZIT;
1013;12526;HOTEL HELICONIA SUITE;HOTEL;KR 9 7 29;CANDELARIA;2462027 -  - ;NA;NA;Menos de $ 60.000;Candelaria;
1014;13613;HOTEL MONTECARLO COLONIAL;HOTEL;CL 18 8 35;SANTA FE;3416114 - 2816103 - ;hotelmontecarlocolonial@hotmail.com;www.hotelmontecarlocolonial.com.co;Menos de $ 60.000;Candelaria;
1016;14195;HOTEL SUITE DE NORMANDIA;HOTEL;KR 71 A 50 39;ENGATIVÁ;2957925 - 2632737 - 3132930628;hotel.s.normandia@hotmail.com;NA;Menos de $ 60.000;No Pertenece a ZIT;
1017;14972;ROYAL EMBASSY HOTEL;HOTEL;CL 24 D 43 A 05;TEUSAQUILLO;2680102 - 5742462 - ;reservasroyalembassy@hotmail.com;NA;Entre $ 60.001 y $ 150.000;Quinta Paredes;
1020;15484;HOSTAL LA CANDELARIA BOGOTÁ;HOTEL;CL 12 F 2 38;CANDELARIA;6007559 - 2815724 - 3168880421;info@hostallacandelaria.com;www.hostallacandelaria.com;Menos de $ 60.000;Candelaria;
1030;17200;BLUE SUITES HOTEL;HOTEL;CL 93 17 48;CHAPINERO;7452222 - 7452223 - ;reservas@bluesuiteshotel.com;www.bluesuiteshotel.com;Entre $ 150.001 y $ 350.000;Parque 93;
1031;17326;APARTAHOTEL CASABLANCA BOGOTÁ;APARTA HOTEL;CL 55 6 31;CHAPINERO;2350081 -  - ;apartahotelcasablancabogota@hotmail.com;www.aparthahotelcasablanca.com;Menos de $ 150.000;No Pertenece a ZIT;
1032;17372;HOTEL ALPICAT;HOTEL;KR 9 58 07;CHAPINERO;2350084 -  - ;NA;NA;Menos de $ 60.000;No Pertenece a ZIT;
1034;17460;TEUSAQUILLO BOUTIQUE HOTEL;HOTEL;KR 18 A BIS 37 52;CHAPINERO;3405050 -  - ;servicioalcliente@santafeboutique.com;NA;Entre $ 60.001 y $ 150.000;Teusaquillo;
1036;17528;HMG SUITES 108;APARTA HOTEL;CL 108 16 05;USAQUÉN;6370319 -  - ;suites108@hotmail.com;www.suites108.com;Más de $ 150.001;No Pertenece a ZIT;
1037;17529;DESTINO NOMADA HOSTEL;HOTEL;CL 11 00 38;CANDELARIA;3520932 -  - ;contactus@destinonomada.com;www.destinonomada.com;Menos de $ 60.000;Candelaria;
1041;17572;HOSTAL VILLACANDELARIA;HOTEL;KR 3 12 D 93;CANDELARIA;2842348 - 3044739457 - ;villa.candelaria@hotmail.com - info@villacandelariahostel.com;www.villacandelariahostel.com;Menos de $ 60.000;Candelaria;
1042;17605;CASA HOTEL BOYACÁ REAL;HOTEL;KR 15 44 44;TEUSAQUILLO;4722421 - 2458982 - 32041555082;casahotelboyacareal@hotmail.com;www.hotelboyacareal.com;Entre $ 60.001 y $ 150.000;No Pertenece a ZIT;
1048;17857;APARTA ESTUDIOS CAMPIN INN;HOTEL;KR 24 61 D 37;TEUSAQUILLO;2480957 - 2128659 - 2482678;apartaestudioselcampin@gmail.com;www.hotelbogotainn.com;Entre $ 60.001 y $ 150.000;No Pertenece a ZIT;
1049;17882;USAQUÉN ART SUITES;APARTA HOTEL;KR 5 117 07;USAQUÉN;2142029 -  - ;usaquen@104artsuites.com;NA;Más de $ 150.001;Usaquen;
1051;18011;HOTEL EJECUTIVO EMBAJADOR - HOTEL EJECUTIVO EMBAJADA I;HOTEL;CL 24 B 44 A 22;TEUSAQUILLO;3682218 - 2687519 - ;hotel-ejecutivo-embajada@hotmail.com;www.hotelesejecutivobogota.com;Menos de $ 60.000;Quinta Paredes;
1052;18096;EL MARQUES DE SAN RAFAEL;HOTEL;KR 67 12 A 76;PUENTE ARANDA;2670138 - 3002571460 - ;dianacruz104@hotmail.com;NA;Menos de $ 60.000;No Pertenece a ZIT;
1054;18348;BALMORAL CASA Y HOSTAL;HOTEL;KR 17 A 125 10;USAQUÉN;5234443 - 5234442 - 6207318;casabalmoral@yahoo.es;www.casabalmoral.com;Entre $ 60.001 y $ 150.000;No Pertenece a ZIT;
1055;18367;HOLIDAY INN EXPRESS HOTEL;HOTEL;CL 94 11 A 12;CHAPINERO;6510000 -  - ;reservas@oxohotel.com;www.hiexpress.com;Entre $ 150.001 y $ 350.000;Parque 93;
1056;18428;HOTEL EMPORIUM;HOTEL;KR 33 25 A 04;TEUSAQUILLO;2680235 -  - ;reservas.hotelemporiumbogota@gmail.com;www.hotelemporiumbogota.com;Entre $ 60.001 y $ 150.000;No Pertenece a ZIT;
1057;18467;CROWNE PLAZA SUITES TEQUENDAMA BOGOTÁ (SUITES TEQUENDAMA);HOTEL;KR 10 27 51 INT 150;SANTA FE;3813700 - 3820300 - 3822930;reservas@sht.com.co - recepcion.ast@sht.comc.o;www.sht.com.co;Entre $ 60.001 y $ 150.000;Centro Internacional;
1059;18588;HOTEL CASA GALERIA;APARTA HOTEL;KR 2 12 B 62;CANDELARIA;3425225 - 3153362999 - ;info@hotelcasagaleria.com;www.hotelcasagaleria.com;Menos de $ 150.000;Candelaria;
1060;18662;HOTEL CASA DECO;HOTEL;CL 12 C 2 36;CANDELARIA;2837032 - 2827640 - 2837262;reservas@hotelcasadeco.com;www.hotelcasadeco.com;Entre $ 150.001 y $ 350.000;Candelaria;
1061;18690;HOTEL MARRIOT;HOTEL;AC 26 69 B 53;FONTIBON;4851111 -  - ;reservas@marriot.com;www.marriott.com;Más de $ 350.001;Ciudad Salitre;
1067;18773;SUITES 109;APARTA HOTEL;CL 109 A 17 52;USAQUÉN;5200602 -  - ;administracion@suites109.com;www.suites109.com;Más de $ 150.001;No Pertenece a ZIT;
1068;18856;HOTEL NORMANDIA (APARTASUITENORMANDIA);HOTEL;AV BOYACÁ 51 08;ENGATIVÁ;4048181 -  - ;hotelnormandia15@hotmail.com;www.apartasuitenormandia.com;Entre $ 60.001 y $ 150.000;No Pertenece a ZIT;
1069;18892;ZUETANA MALIBU;HOTEL;CL 119 50 15;SUBA;7035086 - 8052052 - ;fmunera@zuetana.com;www.zuetana.co;Entre $ 60.001 y $ 150.000;No Pertenece a ZIT;
1070;18893;APARTAESTUDIOS KAFIR;APARTA HOTEL;CL 25 B 36 28;TEUSAQUILLO;2447143 - 2447143 - ;info@alojamientoenbogota.com;www.alojamientoenbogota.com;Menos de $ 150.000;Quinta Paredes;
1073;19010;HOTEL BOGOTÁ VIRREY;HOTEL;KR 15 87 06;CHAPINERO;2568826 - 2183949 - ;reservas@hotelbogotavirrey.com;www.hotelbogotavirrey.com;Entre $ 150.001 y $ 350.000;No Pertenece a ZIT;
1075;19161;HOTEL LAGUNA 24;HOTEL;CL 24 B 44 A 59;TEUSAQUILLO;2688163 - 5705550 - ;hotellaguna24@yahoo.com;www.hotelescercaalaembajada.com;Menos de $ 60.000;Quinta Paredes;
1077;19336;HOTEL MS OCEANIA;HOTEL;KR 13 24 A 48;SANTA FE;2842100 -  - ;reservasoceania@hotelesms.com;www.hotelesms.com;Entre $ 60.001 y $ 150.000;No Pertenece a ZIT;
1079;19498;CITE HOTEL;HOTEL;KR 15 88 10;CHAPINERO;6467777 -  - ;reservas@citehotel.com;www.citehotel.com;Más de $ 350.001;No Pertenece a ZIT;
1081;19576;CASA AURA MARÍA;HOTEL;KR 39 25 81;TEUSAQUILLO;3680448 - 3112100803 - ;hotel.casaauramaria@live.com;NA;Menos de $ 60.000;No Pertenece a ZIT;
1083;19732;NICO APARTASUITES;VIVIENDA TURÍSTICA;CL 68 4 62;CHAPINERO;7435348 -  - ;nicoapartamentos@gmail.com  - reservas@hotelesnico.com;www.hotelesnico.com;Entre $ 150.001 y $ 350.000;No Pertenece a ZIT;
1084;17500;HOTEL CASA  NORMANDIA;HOTEL;KR 71 B 53 35;ENGATIVÁ;2632522 - 2952132 - ;reservas@hotelcasanormandia.com;www.hotelcasanormandia.com;Entre $ 60.001 y $ 150.000;No Pertenece a ZIT;
1085;31116;HOTEL PALERMO PLAZA;HOTEL;KR 19 45 A 28;TEUSAQUILLO;7512946 - 3406224 - ;hotelpalermoplaza@yahoo.com - - hotelpalermoplaza@hotmail.com;www.hotelpalermoplaza.com;Entre $ 60.001 y $ 150.000;No Pertenece a ZIT;
1086;20082;HOTEL CASTELLANA INN;HOTEL;CL 94 BIS 49 A 18;BARRIOS UNIDOS;2364048 - 6105732 - 2365475;suiteslacastellana@gmail.com;www.hotelbogotainn.com;Entre $ 60.001 y $ 150.000;No Pertenece a ZIT;
1087;20129;CASA BOUTIQUE POLO INN;HOTEL;AUT. NORTE 83 59;CHAPINERO;2366003 - 2365706 - 5340790;poloinn@gmail.com;www.hotelbogotainn.com;Entre $ 60.001 y $ 150.000;No Pertenece a ZIT;
1088;20155;CASA COLONIAL INN;HOTEL;CL 57 18 26;TEUSAQUILLO;2490575 - 5486176 - 5486181;casacolonial@hotelbogotainn.com;www.hotelbogotainn.com;Entre $ 60.001 y $ 150.000;No Pertenece a ZIT;
1089;20271;HOTEL CLASSIC;HOTEL;CL 25 A 38 A 22;TEUSAQUILLO;5703420 -  - ;contacto@hotelclassic.com.co;www.hotelclasic.com.co;Entre $ 60.001 y $ 150.000;No Pertenece a ZIT;
1091;20295;HOTEL SPLENDOR;HOTEL;AC 24 40 46;TEUSAQUILLO;2447890 -  - ;reservas@hotelsplendorbogota.com;www.hotelsplendorbogota.com;Entre $ 150.001 y $ 350.000;Quinta Paredes;
1092;20311;HOTELES BRISAS DEL OASIS ;HOTEL;CL 66 11 77;CHAPINERO;5410980 - 4763705 - ;hotelbrisasdeloasis.bogota@gmail.com;www.hotelbrisasdeloasis.com;Menos de $ 60.000;No Pertenece a ZIT;
1093;20353;HOTEL SAN NICOLAS BOGOTÁ;HOTEL;CL 38 29 12;TEUSAQUILLO;3681075 - 7504209 - ;hotelsannicolasbogota@hotmail.com;www.hotelsannicolasbogota.net;Menos de $ 60.000;No Pertenece a ZIT;
1094;29829;MARTINIK HOSTEL;HOSTAL;KR 4 11 88;CANDELARIA;2833180 -  - ;info@hostalmartinik.com;www.hostalmartinik.com;Menos de $ 60.000;Candelaria;
1095;20447;A BOGOTÁ ON HOLIDAYS;HOSTAL;CL 51 A 74 20;ENGATIVÁ;7575121 - 3213004741 - ;abogotaonholidays@hotmail.com;www.abogotaonholidays.com;Entre $ 60.001 y $ 150.000;No Pertenece a ZIT;
1096;20481;HOSTAL COLONIAL LA QUINTA;HOSTAL;CL 12 B BIS 1 23;CANDELARIA;2847696 -  - ;info@hostal-laquinta.com;www.hostal-laquinta.com;Menos de $ 60.000;Candelaria;
1097;20484;HOTEL BH PARQUE 93;HOTEL;KR 14 93 A 69;CHAPINERO;7432820 -  - ;reservasoc@bhhoteles.com;www.bhhoteles.com;Entre $ 150.001 y $ 350.000;Parque 93;
1098;20493;CONTINENTAL ALL SUITES HOTEL;VIVIENDA TURÍSTICA;AV JIMÉNEZ 4 16;CANDELARIA;6063000 -  - ;conserje@hotelcontinentalbogota.com.co;www.hotelcontinentalbogota.com.co;Entre $ 150.001 y $ 350.000;Candelaria;
1099;20507;TIVOLI SUITES;APARTA HOTEL;KR 17 109 A 67;USAQUÉN;6370411 -  - ;reservas@ltyoperadora.com;www.trivolisuites.com;Más de $ 150.001;No Pertenece a ZIT;
1100;20511;SEBASTIAN INN;HOTEL;KR 33 25 A 38;TEUSAQUILLO;2680236 -  - ;reservas.hotelemporiumbogota@gmail.com;www.hotelsebastianinn.com;Entre $ 60.001 y $ 150.000;No Pertenece a ZIT;
1105;20628;APARTAESTUDIOS LA CANDELARIA;APARTA HOTEL;CL 10 2 40;CANDELARIA;2816923 - 2136151 - 3134421805;lacandelaria@gmail.comNA;NA;Menos de $ 150.000;Candelaria;
1106;20629;HOTEL SANTA BARBARA REAL;HOTEL;CL 127 7 89;USAQUÉN;6290944 -  - ;reservas@hotelsantabarbara.com;www.hotelsantabarbarareal.com;Entre $ 60.001 y $ 150.000;No Pertenece a ZIT;
1107;20670;CHAPINORTE VIP;VIVIENDA TURÍSTICA;CL 79 14 59 APTO 301;CHAPINERO;5305558 - 3176406716 - ;chapinortevip@hotmail.com;www.chapinortehostelbogota.com;Entre $ 60.001 y $ 150.000;No Pertenece a ZIT;
1108;20718;ARLINGTON PLACE S.A.S.;VIVIENDA TURÍSTICA;CL 109 19 51;USAQUÉN;6052500 -  - ;reservas@arlington-place.com;www.apsuites.com;Entre $ 150.001 y $ 350.000;No Pertenece a ZIT;
1109;20726;HOTEL CASA SANTA ISABEL;HOTEL;KR 28 1 G 04;LOS MARTIRES;4758016 - 3112262889 - ;jdchavarro@hotmail.com;www.apto4rent.com;Menos de $ 60.000;No Pertenece a ZIT;
1112;20799;HOTEL 116 AVENUE;HOTEL;CL 116 18 B 60;USAQUÉN;6578000 -  - ;recepcion@116hotel.com;www.116hotel.com;Entre $ 150.001 y $ 350.000;No Pertenece a ZIT;
1114;20830;BELLE EPOQUE BOUTIQUE 94;HOTEL;CL 94 A 21 42;CHAPINERO;7428600 -  - ;reservas@belleepoque94.com;www.belleepoque94.com;Entre $ 150.001 y $ 350.000;No Pertenece a ZIT;
1115;20902;HOSTAL LA PINTA;HOSTAL;CL 65 5 67;CHAPINERO;2119526 - 7044323 - ;lapintagrg@hotmail.com - laninagrg@gmail.com;www.lapinta.com.co - www.lanina.com.co;Menos de $ 60.000;No Pertenece a ZIT;
1119;21160;HOTEL JW MARRIOTT BOGOTÁ;HOTEL;CL 73 8 60;CHAPINERO;4816000 - 4800888 - ;;www.jwmarriott.com;Más de $ 350.001;Calle 72;
1121;21242;AR HOTEL SALITRE SUITES & SPA CENTRO DE CONVENCIONES;HOTEL;AK 60 22 99;TEUSAQUILLO;7477333 - 7436700 - ;reservas@hotelesar.com;www.hotelesar.com;Entre $ 150.001 y $ 350.000;No Pertenece a ZIT;
1122;21293;WONDERFULL HOUSE 100;VIVIENDA TURÍSTICA;KR 63 98 66;BARRIOS UNIDOS;6248211 - 2740325 - ;contacto100@apartahoteleswh.com;www.apartahoteleswh.com;Entre $ 60.001 y $ 150.000;No Pertenece a ZIT;
1123;21361;HOTEL AVIA 93;HOTEL;CL 93 11 A 34;CHAPINERO;7051555 -  - ;sandra.sepulveda@ghlhoteles.com;www.ghlhoteles.com;Entre $ 150.001 y $ 350.000;Parque 93;
1124;21508;POSADAS HOUSE;HOSTAL;KR 39 A 25 25;TEUSAQUILLO;5745172 - 2687230 - 3202409920;reservas@posadashouse.com - posadashouse@hotmail.com;www.posadashouse.com - www.posadashouse-casahotel.com;Menos de $ 60.000;No Pertenece a ZIT;
1125;21518;CLUB HOUSE BOGOTÁ;HOTEL;CL 112 13 A 45;USAQUÉN;7450202 - 7450245 - ;reservas@chbogota.com;www.chbogota.com;Entre $ 150.001 y $ 350.000;No Pertenece a ZIT;
1126;21581;HOTEL PLAZA 36;HOTEL;KR 16 36 55;TEUSAQUILLO;2858313 - 2878305 - 3156828684;reservashotelplaza36@hotmail.com;www.hotelplaza36.org;Entre $ 60.001 y $ 150.000;Teusaquillo;
1127;21584;CASA REGIS;HOTEL;KR 12 119 26;USAQUÉN;2159157 - 3133400035 - ;casaregis119@gmail.com;www.casaregis.com;Entre $ 60.001 y $ 150.000;No Pertenece a ZIT;
1128;21591;HOTEL BOUTIQUE CITY CENTER;HOTEL;KR 39 25 26;TEUSAQUILLO;7459940 -  - ;reservas@hotelboutiquecitycenter.com;NA;Entre $ 60.001 y $ 150.000;Quinta Paredes;
1129;21620;HOTEL GALERIA REAL;HOTEL;AK 30 51 80;TEUSAQUILLO;2483800 - 3005724660 - ;hotelgaleriareal@gmail.com;www.hotelesreal.com;Entre $ 60.001 y $ 150.000;No Pertenece a ZIT;
1131;21638;HOTEL IBIS BOGOTÁ MUSEO;HOTEL;TV 6 27 85;SANTA FE;3814666 -  - ;h7318-re@accor.com;www.ibishotel.com;Entre $ 60.001 y $ 150.000;Centro Internacional;
1134;21922;CASA BELLAVISTA HOSTEL;HOSTAL;KR 2 12 B 31;CANDELARIA;3341230 -  - ;info@bellavistahostel.co;www.bellavistahostel.co;Menos de $ 60.000;Candelaria;
1136;22245;ABITARE 56 HOTEL;HOTEL;CL 56 7 79;CHAPINERO;2480600 -  - ;gerencia@abitare56.com;www.abitare56.com;Entre $ 150.001 y $ 350.000;No Pertenece a ZIT;
1138;22314;JAZZ APARTMENTS;HOTEL;CL 87 15 35;CHAPINERO;4075000 -  - ;recepcion@jazzapartments.com - reservas@jazzapartments.com;www.jazzapartments.com;Entre $ 150.001 y $ 350.000;No Pertenece a ZIT;
1149;26012;LLOYD´S APARTASUITES;APARTA HOTEL;KR 11 94 71;CHAPINERO;6055757 -  - ;reservas@lloydsapartasuites.com;www.lloydsapartasuites.com;Más de $ 150.001;Parque 93;
1151;23219;HOTEL CABRERA IMPERIAL;HOTEL;CL 83 9 64;CHAPINERO;7560356 -  - ;reservas@ltyoperadora;www.hotelcabrerabogota.com;Más de $ 350.001;No Pertenece a ZIT;
1157;23260;HOTEL BH TEMPO - HOTEL 65 TEMPO;HOTEL;KR 7 65 01;CHAPINERO;7424095 -  - ;recepciontenpo@bhhoteles.com;www.bhhoteles.com;Entre $ 150.001 y $ 350.000;No Pertenece a ZIT;
1165;4958;HOTEL MATISSE;HOTEL;CL 67 6 55;CHAPINERO;2120177 -  - ;ventas@matissehotel.com;www.matissehotel.com;Entre $ 150.001 y $ 350.000;No Pertenece a ZIT;
1166;9042;VIAGGIO NUEVE TRES - INMOBILIRIARIA ROYAL S.A.S.;VIVIENDA TURÍSTICA;KR 18 93 A 60;CHAPINERO;7449999 -  - ;mercadeo@viaggio.com.co;www.viaggio.com.co;Entre $ 150.001 y $ 350.000;Parque 93;
1176;10656;TROPIC TOURIST;HOTEL;KR 21 A 159 A 28;USAQUÉN;6721365 - 6728840 - ;rucamega@hotmail.com;www.fontanarprado.com;Entre $ 60.001 y $ 150.000;No Pertenece a ZIT;
1180;24197;ALICANTE HOTEL BOGOTÁ;HOTEL;KR 18 58 B 35;TEUSAQUILLO;2554297 - 5478810 - ;alicantehotel@sbhoteles.co;www.sbhoteles.co;Entre $ 60.001 y $ 150.000;No Pertenece a ZIT;
1194;19244;HOTEL MASTER CALLE 68;HOTEL;CL 68 15 48;BARRIOS UNIDOS;7440909 -  - ;reservas@hotelesinnova.com;www.hotelesinnova.com;Entre $ 60.001 y $ 150.000;No Pertenece a ZIT;
1196;19676;HOTEL VIENES;HOTEL;CL 58 BIS 9 19;CHAPINERO;2490174 -  - ;hotelvienes@hotmail.com;NA;Menos de $ 60.000;No Pertenece a ZIT;
1198;20550;HOSTAL CASA QUEVEDO;HOSTAL;KR 1 A 12 B 30;CANDELARIA;2812526 -  - ;hostalcasaquevedo@gmail.com;www.casaquevedo.com;Menos de $ 60.000;Candelaria;
1199;20551;HOSTAL AVENTUREROS DE LA CANDELARIA;HOSTAL;KR 3 12 C 82;CANDELARIA;3412711 -  - ;infoaventureros@hostalaventuras.com;NA;Menos de $ 60.000;Candelaria;
1201;20674;HOTEL SAN JOSÉ BAVARIA 2;HOTEL;CL 12 71 D 38;KENNEDY;4126015 - 2925026 - ;hotelsanjosebavaria@hotmail.com;NA;Menos de $ 60.000;No Pertenece a ZIT;
1205;20988;A BOGOTÁ´ON HILIDAYS II;HOSTAL;CL 51 A 74 20;ENGATIVÁ;7575121 - 3213004741 - ;abogotaonholidays@hotmail.com;www.abogotaonholidays.com;Entre $ 60.001 y $ 150.000;No Pertenece a ZIT;
1206;21145;HOTEL REAL PLAZA IN;HOTEL;CL 22 43 A 12;PUENTE ARANDA;2696478 - 3350935 - ;hotelrealplaza-in@hotmail.com;www.hotelrealplazainbogota.com;Menos de $ 60.000;No Pertenece a ZIT;
1214;21490;CASA HOTEL DONDE ÁLVARO;HOTEL;KR 15 35 21;TEUSAQUILLO;2453472 - 3205228 - ;casahotel35@gmail.com;NA;Menos de $ 60.000;Teusaquillo;
1215;21506;HOTEL CORFERIA INN;VIVIENDA TURÍSTICA;CL 24 D 40 76;TEUSAQUILLO;2446829 - 2446834 - 2446863;reservas@corferiasinn.com;NA;Entre $ 60.001 y $ 150.000;No Pertenece a ZIT;
1216;21524;CHOCOLATE HOSTEL;HOSTAL;CL 12 F 2 43;CANDELARIA;2811576 - 3413104 - 3142188976;info@chocolatehostel.com;www.chocolatehostel.com;Menos de $ 60.000;Candelaria;
1219;21841;HOTEL ESMERALDA REAL;HOTEL;KR 40 22 B 17;PUENTE ARANDA;4789070 -  - ;hotelesmeraldareal@gmail.com;NA;Menos de $ 60.000;Quinta Paredes;
1229;22197;CASA HOTEL ELITE DEL PARQUE;HOTEL;AC 53 66 A 59;TEUSAQUILLO;3242180 - 5745347 - ;reservas@casahotelelitedelparque.com;www.casahotelelitedelparque.com;Entre $ 60.001 y $ 150.000;No Pertenece a ZIT;
1232;22299;HOTEL AUGUSTA;HOTEL;AV JIMÉMEZ 4 77;CANDELARIA;2838300 -  - ;recepcion@hotelaugusta.com.co;www.hotelaugusta.com.co;Entre $ 150.001 y $ 350.000;Candelaria;
1236;22636;HOTEL SUITES LA SOLEDAD INN;HOTEL;KR 20 40 64;TEUSAQUILLO;2883961 - 2322458 - 2322465;soledad@hotelbogotainn.com;www.hotelbogotainn.com;Entre $ 60.001 y $ 150.000;Teusaquillo;
1239;25075;HOTEL CALLE 112;HOTEL;CL 112 14 B 47;USAQUÉN;2143550 -  - ;info@hotelcalle112.com;www.hotelcalle112.com;Entre $ 60.001 y $ 150.000;No Pertenece a ZIT;
1264;23111;HOTEL FENIX REAL;HOTEL;KR 19 71 A 30;BARRIOS UNIDOS;2491260 - 4763231 - ;comercialfenixreal@hotmail.com;www.hotelfenixreal.com;Entre $ 60.001 y $ 150.000;No Pertenece a ZIT;
1265;22772;SAYTA HOSTAL;HOSTAL;CL 12 B 00 57;CANDELARIA;2815314 - 2810387 - ;info@saytahostal.com;www.saytahostal.com;Menos de $ 60.000;Candelaria;
1266;23097;LA VIEJA SUIZA;HOTEL;CL 12 C 3 07;CANDELARIA;2869695 -  - ;laviejasuiza@gmail.com;www.laviejasuiza.com;Menos de $ 60.000;Candelaria;
1271;23106;NH PARQUE 93;HOTEL;CL 93 12 41;CHAPINERO;5897744 -  - ;nhbogota93@nh-hotels.com;www.nh-hotels.com;Entre $ 150.001 y $ 350.000;Parque 93;
1272;4728;HOTEL PAVILLON ROYAL I;HOTEL;CL 94 11 45;CHAPINERO;6502555 -  - ;arodriguez@pavillonroyal.com.co;www.hotelesroyal.com;Más de $ 350.001;Parque 93;
1273;4723;HOTEL SHERATON ;HOTEL;CL 58 BIS 9 24;CHAPINERO;2550284 - 2496322 - ;NA;NA;Entre $ 60.001 y $ 150.000;No Pertenece a ZIT;
1275;23102;LOS ANDES B&B;HOTEL;KR 13 A 79 07;CHAPINERO;4829554 - 3117474216 - ;info@losandeshostel.com - losandeshostel@hotmail.com;www.losandeshostel.com;Menos de $ 60.000;No Pertenece a ZIT;
1280;22761;WINDSOR CASTEL;APARTA HOTEL;CL 10 25 A 37;LOS MARTIRES;4737508 -  - ;yamolo12@gmail.com;NA;Menos de $ 150.000;No Pertenece a ZIT;
1293;23142;REGENCY SUITES HOTEL BOUTIQUE;HOTEL;KR 43 22 A 30;TEUSAQUILLO;7433441 -  - ;jhurtado@regencyhotelboutique.co;www.regencysuites.com.co;Entre $ 150.001 y $ 350.000;No Pertenece a ZIT;
1294;23215;SONESTA HOTEL BOGOTÁ - COMPLEJO HOTELERO METRO 127;HOTEL;KR 15 A 125 26;USAQUÉN;6585500 -  - ;patricia.ramirez@ghlhoteles.com;www.ghlhoteles.com;Entre $ 150.001 y $ 350.000;No Pertenece a ZIT;
1298;22702;HOTEL QUINTA REAL D.C.;HOTEL;KR 40 24 D 23;TEUSAQUILLO;3795960 - 2683711 - ;reservas@quintarealdc.com;www.quintarealdc.com;Entre $ 150.001 y $ 350.000;No Pertenece a ZIT;
1303;24661;HOTEL HOLIDAY INN BOGOTÁ AIRPORT;HOTEL;AC 26 69 D 91;FONTIBON;4044141 -  - ;reservas.holidayinn@metro-op.com;www.holidayinn.com;Más de $ 350.001;Ciudad Salitre;
1304;23043;EXPO SUITE PARQUE CENTRAL BAVARÍA;HOTEL;KR 13 A 32 A 39;SANTA FE;2884260 -  - ;expohotel@grupotasaca.com;www.expohotel.com.co;Entre $ 60.001 y $ 150.000;Centro Internacional;
1306;23388;HOTEL BULEVAR PLAZA;HOTEL;AK 40 22 79;TEUSAQUILLO;2687519 - 5703590 - ;hotel_bulevarplaza@hotmail.com;www.hotelesejecutivobogota.com;Menos de $ 60.000;Quinta Paredes;
1307;25609;ALOFT BOGOTÁ AIRPORT HOTEL;HOTEL;AC 26 92 32;FONTIBON;7427070 -  - ;reservas.bogota@alofthotels.com;alofthotels.com/bogotaairport;Entre $ 150.001 y $ 350.000;No Pertenece a ZIT;
1310;27230;APARTAMENTOS ESTELAR AEROPUERTO;VIVIENDA TURÍSTICA;CL 25 B 40 67;TEUSAQUILLO;5977788 -  - ;reservas@hotelesestelar.com;www.hotelesestelar.com;Entre $ 60.001 y $ 150.000;No Pertenece a ZIT;
1313;26930;HOTEL PESTANA BOGOTÁ 100 - HOTEL CALLE 100 BOGOTÁ;HOTEL;CL 100 14 26;CHAPINERO;3847100 -  - ;NA;www.pestana.com;Entre $ 150.001 y $ 350.000;Calle 100;
1314;27775;GRUPO CASA REAL 93;VIVIENDA TURÍSTICA;CL 93 A 9 A 53;CHAPINERO;5304884 -  - ;info@casareal.com;www.casareal.com.co;Entre $ 150.001 y $ 350.000;No Pertenece a ZIT;
1315;4001;HOTEL CLUB EL NOGAL;HOTEL;KR 5 78 75;CHAPINERO;3267700 - 3267700 - ;alojamiento@clubelnogal.com;www.clubelnogal.com;Más de $ 350.001;No Pertenece a ZIT;
1316;8263;FONTANAR PRADO;HOTEL;CL 129 A 45 35;SUBA;6251433 - 3006121489 - ;fontanarprado129@hotmail.com - reservas@fontanarprado.com;www.fontanarprado.com;Menos de $ 60.000;No Pertenece a ZIT;
1331;17274;HOTEL PAVILLON ROYAL II;HOTEL;CL 94 11 45;CHAPINERO;6502555 -  - ;arodriguez@pavillonroyal.com.co;www.hotelesroyal.com;Entre $ 150.001 y $ 350.000;Parque 93;
1337;23332;HOTEL AIRPORT TRAVEL;HOTEL;KR 71 B 49  A 52;ENGATIVÁ;2634844 - 3213003819 - 3212082775;reservas@hotelesairporttravel.com;www.hotelesairporttravel.com;Entre $ 150.001 y $ 350.000;No Pertenece a ZIT;
1338;23378;NIZA NORTE APARTAHOTELES S.A.S.;APARTA HOTEL;CL 127 71 25;SUBA;7512626 - 5106911 - 3162679817;reservas@nizanorte.com;www.nizanorte.com;Menos de $ 150.000;No Pertenece a ZIT;
1339;23463;JULIETTE MAISON;HOTEL;KR 3 A 58 52;CHAPINERO;3450055 - 2112544 - ;juliettereservas@gmail.com - - areatek@yahoo.com;www.julietteapartasuites.com;Entre $ 60.001 y $ 150.000;No Pertenece a ZIT;
1341;23503;HOTEL MUISCA;HOTEL;CL 10 0 25 29 ESTE;CANDELARIA;2810644 - 2820152 - ;reservas@hotelmuisca.com;www.hotelmuisca.com;Entre $ 150.001 y $ 350.000;Candelaria;
1342;23643;HOTEL PUERTO LLERAS;HOTEL;KR 21 13 A 05;LOS MARTIRES;2371176 - 3107716665 - ;NA;NA;Menos de $ 60.000;No Pertenece a ZIT;
1344;23812;HOTEL PARQUE NORMANDIA;HOTEL;CL 52 A 73 A 42;ENGATIVÁ;4714906 - 3142366499 - 2632752;hotelparquenormandia@hotmail.com;www.hotelparquedenormandia.com;Entre $ 60.001 y $ 150.000;No Pertenece a ZIT;
1346;24173;HOSPEDAJE LA GRAN COLOMBIA;HOTEL;KR 13 48 15;CHAPINERO;2857341 - 3143205804 - ;NA;NA;Menos de $ 60.000;No Pertenece a ZIT;
1347;24182;BEST WESTERN PLUS 93 PARK;HOTEL;CL 93 13 71;CHAPINERO;6051444 - 6051414 - ;reservas@bestwestern93.com;www.hotelbestwestern93.com;Entre $ 150.001 y $ 350.000;Parque 93;
1349;24275;IMPERIAL HOUSE HOTEL;HOTEL;CL 24 A 44 09;TEUSAQUILLO;2690133 - 3112201517 - 3115607989;reservas@hotelimperialhouse.com;www.hotelimperialhouse.com;Entre $ 60.001 y $ 150.000;Quinta Paredes;
1351;24501;HOTEL RADEL BOGOTÁ;HOTEL;CL 24 A 44 A 57;TEUSAQUILLO;3408392 - 4753120 - ;hotelradelbogota@hotmail.com;www.hotelradelbogota.com;Menos de $ 60.000;Quinta Paredes;
1353;24619;APARTAHOTEL 122 PLAZA;APARTA HOTEL;KR 15 A 122 27;USAQUÉN;7569170 - 7569175 - ;admon122plaza@gmail.com;www.122plaza.com;Más de $ 150.001;No Pertenece a ZIT;
1354;24625;HOTEL TRAVEL EMPRESARIAL;HOTEL;CL 18 96 H 35;FONTIBON;4151473 - 4825377 - 3143588970;hoteltravelempresarial@hotmail.com;NA;Menos de $ 60.000;No Pertenece a ZIT;
1355;24708;CANDELOS HOTEL;HOSTAL;KR 3 12C 94;CANDELARIA;2865313 -  - ;candeloshostel@gmail.com;www.candeloshostel.com;Menos de $ 60.000;Candelaria;
1358;24824;CASA HOTEL EXPO INN;HOTEL;CL 24 B 44 A 44;TEUSAQUILLO;4701498 -  - ;hotelexpoinn@hotmail.com;NA;Entre $ 60.001 y $ 150.000;Quinta Paredes;
1359;24826;HOTEL OLYMPUS;HOTEL;CL 59 35 A 68;TEUSAQUILLO;2219020 - 8065737 - 3142882175;hotelolympusoficial@gmail.com;www.olympushoteloficial.com;Entre $ 60.001 y $ 150.000;No Pertenece a ZIT;
1360;24865;LA CASATEIVZAQUILLOREAL;HOTEL;CL 33 A 21 06;TEUSAQUILLO;2321823 -  - ;casateivzaquilloreal@kolpingcolombia.com;www.kolpingcolombia.com;Menos de $ 60.000;No Pertenece a ZIT;
1361;24890;HOTEL BOGOTÁ ASTRAL;HOTEL;CL 44 7 93;CHAPINERO;7442122 - 3106206865 - ;hotel.bogota.astral@gmail.com;www.hotelbogotaastral.com;Entre $ 60.001 y $ 150.000;Chapinero Central;
1362;24950;HOTEL ALBARRIL LA CASA DE LA PASTA;HOTEL;KR 19 33 31;TEUSAQUILLO;5603308 -  - ;lacasadelapasta@colombia.com;www.lacasadelapasta.com.co;Menos de $ 60.000;No Pertenece a ZIT;
1367;25287;HOTEL HILTON BOGOTÁ;HOTEL;KR 7 72 41;CHAPINERO;6006100 -  - ;NA;www.hiltonbogota.com;Más de $ 350.001;Calle 72;
1368;25318;APARTSUITES CK;APARTA HOTEL;KR 21 39 A 36;TEUSAQUILLO;4781092 - 5109257 - ;reservas@apartasuitesck.com;www.apartasuitesck.com;Menos de $ 150.000;Teusaquillo;
1369;25371;BE HOTELES FERIA EXPOSICIÓN;HOTEL;CL 25 38 08;TEUSAQUILLO;7441286 - 7441287 - 3175009724;johanna.parra@behoteles.com.co;www.behoteles.comc.o;Entre $ 150.001 y $ 350.000;Quinta Paredes;
1372;25498;LA NIÑA;HOSTAL;CL 66 4 A 07;CHAPINERO;7044323 - 2101463 - ;info@lanina.com.co;www.lanina.com.co;Menos de $ 60.000;No Pertenece a ZIT;
1374;25613;HOTEL CONFORT BOGOTÁ;HOTEL;KR 70 C 48 A 51;ENGATIVÁ;2635441 - 4161329 - 3125856129;hotelconfortbogota@gmail.com;www.hotelconfortbogota.co;Entre $ 60.001 y $ 150.000;No Pertenece a ZIT;
1375;25614;HOTEL BOUTIQUE DE LA FERIA;HOTEL;CL 24 D 40 49;TEUSAQUILLO;5705888 - 3124175266 - ;hotelboutiquedelaferia@gmail.com;NA;Menos de $ 60.000;Quinta Paredes;
1377;25660;CASA HOTEL INTERNACIONAL;HOTEL;KR 42 24 A 10;TEUSAQUILLO;2699609 - 3134126714 - 3143339465;casahotelinternacional@gmail.com;www.casahotelinternacional.com;Entre $ 60.001 y $ 150.000;Quinta Paredes;
1378;25722;HOTEL TOCAREMA FONTIBON;HOTEL;DG 16 A 96 G 07;FONTIBON;4182349 - 3163309904 - ;dcamortegui@gmail.com;NA;Menos de $ 60.000;No Pertenece a ZIT;
1379;25779;HOTEL LEMUS PLAZA;HOTEL;KR 36 25 B 78;TEUSAQUILLO;8101073 - 3214747020 - ;reservaslemus@gmail.com;www.hotellemusplaza.com;Entre $ 60.001 y $ 150.000;No Pertenece a ZIT;
1380;25781;CENTRAL HOUSE HOTEL;HOTEL;KR 39 25 A 55;TEUSAQUILLO;5706152 - 4602824 - ;reservas@hotelcentralhousebogota.com;www.hotelcentralhousebogota.com;Entre $ 60.001 y $ 150.000;No Pertenece a ZIT;
1381;25794;HOTEL URBAN ROYAL CALLE 93 B;HOTEL;CL 93 B 18 42;CHAPINERO;6380808 -  - ;recepcionub@urbanroyal93.com;www.hotelroyal.com;Entre $ 150.001 y $ 350.000;Parque 93;
1383;25944;EXPLORA HOSTELS ;HOTEL;CL 12 C 3 19;CANDELARIA;2829220 - 3164668840 - ;staff@explorahostels.com;www.explorahostels.com;Menos de $ 60.000;Candelaria;
1384;25949;BUSSINES HOTEL;HOTEL;KR 102 17 A 64;FONTIBON;2670786 - 4134380 - ;bussineshotel@gmail.com;www.hotelesfontibon.com;Menos de $ 60.000;No Pertenece a ZIT;
1385;25950;HOSTAL EL PLAZA;HOSTAL;KR 6 26 B 61;SANTA FE;2822526 -  - ;hostalelplaza@hotmail.com;NA;Menos de $ 60.000;Centro Internacional;
1386;27991;LA PLAYA HOSTEL;HOSTAL;AK 19 33 04;TEUSAQUILLO;2321532 - 7031102 - ;enjoy@laplayyahostel.com;www.laplayahostel.com;Menos de $ 60.000;No Pertenece a ZIT;
1387;25983;MASAYA COLOMBIA;HOSTAL;KR  2 12 48 ;CANDELARIA;7471848 - 7471815 - 3106092782;info@masaya-experience.com;www.masaya-experience.com;Entre $ 60.001 y $ 150.000;Candelaria;
1390;26053;CASA GUADALUPE;HOTEL;CL 12 B BIS 1 31;CANDELARIA;3134397575 - 2829667 - 3144095622;hotelcasaguadalupe@gmail.com;www.hotelcasaguadalupe.com;Entre $ 60.001 y $ 150.000;Candelaria;
1391;26078;SUITES PARKWAY INN - HOTEL PARK WAY INN;HOTEL;CL 39A 24 26;TEUSAQUILLO;2448306 - 2444110 - ;hotelparkwayinn@live.com;www.hotelbogotainn.com;Entre $ 60.001 y $ 150.000;Teusaquillo;
1395;26154;LAFONT PARK HOTEL;HOTEL;KR 98 17 34;FONTIBON;2672119 - 5451046 - ;lafontparkhotel@gmail.com;www.hotelesfontibon.com;Menos de $ 60.000;No Pertenece a ZIT;
1397;26338;HOTEL BOGOTÁ EXPOCONFORT;HOTEL;CL 25 40 17;TEUSAQUILLO;4770066 - 3134598182 - ;reservas@hotelbogotaexpo.com;NA;Entre $ 60.001 y $ 150.000;No Pertenece a ZIT;
1398;26347;APARTAMENTOS ADRIANA;APARTA HOTEL;CL 22 B 40 52;TEUSAQUILLO;4743149 - 3004867744 - 3003248322;apartamentosadrianabogota@gmail.com;www.apartamentosadriana.com;Menos de $ 150.000;Quinta Paredes;
1400;26420;ANTIQUE 65 HOTEL DECORACIÓN;HOTEL;CL 65 5 50;CHAPINERO;4660219 - 4660204 - ;reservas@hotelantique65.com;www.hotelantique65.com;Entre $ 60.001 y $ 150.000;No Pertenece a ZIT;
1402;26486;B.O.G. HOTEL;HOTEL;KR 11 86 74;CHAPINERO;6399999 -  - ;reservasboghotel@oxohotel.com;www.oxohotel.com;Más de $ 350.001;No Pertenece a ZIT;
1403;26494;CASA QUINTA HOTEL;HOTEL;KR 43 A 24 A 75;TEUSAQUILLO;3377531 - 3005724660 - ;casa.quinta.hotel@gmail.com;NA;Entre $ 60.001 y $ 150.000;Quinta Paredes;
1404;26574;HOTEL COLONIAL FONTIBÓN;HOTEL;KR 96 C 17 30;FONTIBON;2678991 - 3204179148 - ;hotelcolonial1@hotmail.com;NA;Menos de $ 60.000;No Pertenece a ZIT;
1406;26580;HOTEL AMBAR;HOTEL;KR 8 17 86;SANTA FE;7443033 - 7443034 - 7443035;inversionesilb@hotmail.com - reservas@ambarhotel.com;www.ambarhotel.com;Entre $ 60.001 y $ 150.000;Candelaria;
1409;26651;HOTEL ESTELAR PARQUE DE LA 93;HOTEL;CL 93 11 19;CHAPINERO;5111555 -  - ;reservas.bogotanorte3@hotelesestelar.com;www.hotelesestelar.com;Más de $ 350.001;Parque 93;
1410;26668;HOTEL B3 VIRREY / UNIKA HOTELS CORP COLOMBIA;HOTEL;KR 15 88 36;CHAPINERO;5934490 -  - ;info@hotelesb3.com;www.hotelesb3.com;Entre $ 150.001 y $ 350.000;No Pertenece a ZIT;
1411;26782;LIMA LIMÓN CANDELARIA HOSTAL ;HOSTAL;KR 1 12 B 15 ;CANDELARIA;2811260 - 3105596949 - ;info@limalimohostels.com;www.limalimonhostels.com;Menos de $ 60.000;Candelaria;
1412;26807;HOTEL ESTADIO 63;HOTEL;Calle 63D No 63D-21;BARRIOS UNIDOS;2496349 -  - ;reservas.d@hotelestadio63.com; www.hotelestadio63.com;Entre $ 60.001 y $ 150.000;No Pertenece a ZIT;
1414;26809;DIPLOMAT EMBAJADA;HOTEL;AC 24 51 40;TEUSAQUILLO;4893030 - 4893000 - ;reservas@hotelesdiplomat.com;www.hotelesdiplomat.com;Entre $ 150.001 y $ 350.000;No Pertenece a ZIT;
1415;26834;SPLENDOR APARTAHOTEL;APARTA HOTEL;CL 22 B 43 A 32;TEUSAQUILLO;2447890 - 2686576 - ;reservarapartahotelsplendor@gmail.com;www.hotelsplendorbogota.com;Menos de $ 150.000;Quinta Paredes;
1417;26885;SANTA BARBARA CASA HOTEL;HOTEL;CL 63 C 69J 20;ENGATIVÁ;8017722 - 3185722339 - 3208665222;casahotelsantabarbara@hotmail.com;www.casahotelsantabarbara.com;Entre $ 60.001 y $ 150.000;No Pertenece a ZIT;
1420;20994;HOTEL EJECUTIVO AVENIDA LA ESPERANZA;HOTEL;AC 24 47 A 23;TEUSAQUILLO;3690420 - 2694630 - ;hotel_ejecutivoav.laesperanza@hotmail.com;www.hotelesejecutivobogota.com;Menos de $ 60.000;Quinta Paredes;
1421;26990;HOTEL DORADO PLAZA BOGOTÁ;HOTEL;CL 25 31 A 15;TEUSAQUILLO;3409840 - 3409841 - ;reservas@hoteldoradoplazabogota.com;www.hoteldoradoplazabogota.com;Entre $ 60.001 y $ 150.000;No Pertenece a ZIT;
1422;27003;COSMOS INSIGNIA HOTEL;HOTEL;KR 11 B 96 59;CHAPINERO;6506900 -  - ;reservas@hotelescosmos.com;www.cosmosinsigniahotel.com;Entre $ 150.001 y $ 350.000;Calle 100;
1423;27014;HOTEL SION SANTAFÉ;HOTEL;KR 16 A 61 A 43;TEUSAQUILLO;2355581 - 2557375 - 3015885919;hotelsionsantafe@hotmail.com;NA;Entre $ 60.001 y $ 150.000;No Pertenece a ZIT;
1424;27087;HOTEL MOVICH CHICO 97;HOTEL;KR 11B 97 03;CHAPINERO;5190299 -  - ;reservas@movich.com;www.movichhoteles.com;Entre $ 150.001 y $ 350.000;Calle 100;
1425;27088;HOSPEDAJE SUPER REAL;HOSTAL;KR 102 18 A 17;FONTIBON;2678956 -  - ;hotelsuperreal@hotmail.com;NA;Menos de $ 60.000;No Pertenece a ZIT;
1427;27211;HOTEL EMBAJADA REAL;HOTEL;KR 44 22 A 69;TEUSAQUILLO;2440770 - 3202834923 - ;hotelembajadareal@gmail.com;www.hoteles real.co;Entre $ 60.001 y $ 150.000;Quinta Paredes;
1428;27224;HOTEL NUEVO PUERTO LÓPEZ;HOTEL;KR 102 17 A 69;FONTIBON;5442435 -  - ;cegar99@hotmail.com;NA;Menos de $ 60.000;No Pertenece a ZIT;
1429;27229;HOTEL SANTIAGO PLAZA;HOTEL;CL 24 C 43 10;TEUSAQUILLO;2699786 -  - ;hotelsantiagoplazabogota@hotmail.com;NA;Entre $ 60.001 y $ 150.000;Quinta Paredes;
1432;27507;CELESTIAL INN HOTEL;HOTEL;KR 16 17 12 SUR;ANTONIO NARIÑO;3660640 - 3660645 - 3660641;contactos@celestialinnhotel.com;www.celestialinnhotel.com;Entre $ 60.001 y $ 150.000;No Pertenece a ZIT;
1433;27510;HOTEL MORRISON 114;HOTEL;AV 19 114 06;USAQUÉN;3788311 -  - ;olga.triana@hotelesmorrison.com;www.hotelesmorrison.com;Entre $ 150.001 y $ 350.000;No Pertenece a ZIT;
1437;27536;HOSTAL CASIQUE SUGAMUXI CASU;HOSTAL;CL 12 D BIS 2 19 SEGUNDO PISO;CANDELARIA;3374326 -  - ;info@casiquesugamuxi.com - casiquesugamuxi@yahoo.es;www.casiquesugamuxi.com;Menos de $ 60.000;Candelaria;
1438;27545;KOZII HOSTEL S.A.S.;APARTA HOTEL;KR 10  A 67 66;CHAPINERO;6045587 -  - ;koziidc@koziihostels.com;www.koziihostels.com;Menos de $ 150.000;No Pertenece a ZIT;
1439;27562;RAMADA BOGOTÁ PARQUE 93 - RAMADA BLUE;HOTEL;CL 95 13 35 TORRE 4;CHAPINERO;4894381 - 3158879973 - ;ramadabluereservas@gmail.com;www.ramadabogota.com;Entre $ 150.001 y $ 350.000;Parque 93;
1440;27572;CASA ANFITRIONA SAN FELIPE;HOSTAL;KR 22 BIS 74 A 07;BARRIOS UNIDOS;7498107 - 2481827 - ;servicios.inmobiliarios.sas@hotmail.com;NA;Entre $ 60.001 y $ 150.000;No Pertenece a ZIT;
1441;27679;HOTEL LA ESTACIÓN CORFERIAS;HOTEL;KR 40 22 05;PUENTE ARANDA;7495900 - 7495899 - ;info@laestacionhotel.com;www.laestacionhotel.com;Menos de $ 60.000;Quinta Paredes;
1442;27702;MIRADOR DEL RECUERDO;HOTEL;KR 39 A 25 50;TEUSAQUILLO;7433460 -  - ;miradordelrecuerdo@hotmail.com;www.miradordelrecuerdo.com;Entre $ 150.001 y $ 350.000;No Pertenece a ZIT;
1443;27719;HOTEL BH BICENTENARIO;HOTEL;KR 4 16 03;SANTA FE;7470744 -  - ;recepcion.bicentenario@bhhoteles.com;www.bhhoteles.com;Entre $ 150.001 y $ 350.000;Candelaria;
1445;27887;HOTEL MOVICH CITY BUSINESS;HOTEL;TV 23 98 27;CHAPINERO;5190299 -  - ;reservas@movich.com;www.movichhoteles.com;Entre $ 150.001 y $ 350.000;Calle 100;
1450;28017;HOSTAL BAKANO;HOSTAL;CL 12 F 2 86 ;CANDELARIA;2816231 -  - ;hostalbakano@gmail.com;www.hostalbakano.wix.com/hostalbakano;Menos de $ 60.000;Candelaria;
1451;28075;HOTEL EL LAGO INN;HOTEL;CL 79 16 A 21;CHAPINERO;5304671 - 5304672 - 2570042;hotellagoinn@gmail.com;www.hotelbogotainn.com;Entre $ 60.001 y $ 150.000;Country;
1453;28106;HOTEL ECOFERIA BOUTIQUE;HOTEL;AC 24 43 A 23;TEUSAQUILLO;7550981 - 2696230 - ;hotel_ecoferia@hotmail.com;www.hotelesejecutivobogota.com;Menos de $ 60.000;Quinta Paredes;
1454;28149;HOTEL SUNA BACATA;HOTEL;KR 33 A 31 17;TEUSAQUILLO;2317929 - 3108599575 - 2442872;;www.sunabacata.com;Entre $ 60.001 y $ 150.000;No Pertenece a ZIT;
1455;28247;TIP TOP HOSTEL;HOSTAL;KR 1 BIS 12 D 78;CANDELARIA;2821928 -  - ;tiptophostal@gmail.com;www.tiptophostels.com;Menos de $ 60.000;Candelaria;
1456;28248;TIP TOP BACKPACKERS;HOSTAL;KR 1 12 B 81;CANDELARIA;3342639 -  - ;tiptophostal@gmail.com;www.tiptophostels.com;Menos de $ 60.000;Candelaria;
1458;28275;THE ORCHIDS HOTEL;HOTEL;KR 5 10 55;CANDELARIA;7455438 - 3208382883 - ;reservations@theorchidshotel.com;www.theorchids.com;Más de $ 350.001;Candelaria;
1459;28325;HOTEL BOGOTÁ REAL D.C.;HOTEL;KR 13 22 24;SANTA FE;2439192 - 3415941 - ;hotelbogotarealdc@outlook.com;http://hotelbogotarealdc.wix.com/hotelbogotarealdc#!company/c2414;Menos de $ 60.000;No Pertenece a ZIT;
1460;28328;CASONA D USAQUÉN HOTEL BOUTIQUE;HOTEL;CL 117 6 27;USAQUÉN;4686626 -  - ;casonadeusaquen@gmail.com;www.casonadeusaquen.com;Entre $ 150.001 y $ 350.000;Usaquen;
1462;28376;HOTEL LA ESTANCIA;HOTEL;KR 111 A 16 J 28;FONTIBON;4182371 -  - ;faletm@hotmail.com;NA;Entre $ 150.001 y $ 350.000;No Pertenece a ZIT;
1463;28380;HARRINGTON 63 HOTEL;HOTEL;KR 36 A 59 22;TEUSAQUILLO;2228675 - 2228672 - 3132740755;harrington63hotel@gmail.com;NA;Menos de $ 60.000;No Pertenece a ZIT;
1464;28385;CASA GAITÁN CORTÉS;HOTEL;CL 69 4 97;CHAPINERO;2488081 - 7452871 - ;info@casagaitancortes.com;www.casagaitancortes.com;Menos de $ 60.000;No Pertenece a ZIT;
1465;28387;HOTEL SOÑADOR;HOTEL;CL 12 80 D 03;KENNEDY;4246357 -  - ;hotelsonador1@hotmail.com;NA;Menos de $ 60.000;No Pertenece a ZIT;
1466;28407;HOTEL HOSPEDARTE SHALOM;HOTEL;KR 80 B 24 D 45;FONTIBON;4102696 -  - ;hospedarte2013@gmail.com;NA;Entre $ 60.001 y $ 150.000;No Pertenece a ZIT;
1467;28412;HOTEL TORRE CENTRAL LAS NIEVES;HOTEL;KR 10 17 23 ;SANTA FE;3410876 -  - ;hoteltorrecentral.ln@gmail.com;NA;Menos de $ 60.000;No Pertenece a ZIT;
1469;28417;VLVCAHO - ULUCAHOSAS;HOTEL;KR 3 12 B 88 ;CANDELARIA;2819251 -  - ;vlvcaho@hotmail.com;NA;Menos de $ 60.000;Candelaria;
1470;28419;HOTEL ESTELAR CALLE 100;HOTEL;AC 100 14 46;CHAPINERO;5921111 -  - ;reservas@hotelesestelar.com;www.hotelerestelar.com;Entre $ 150.001 y $ 350.000;Calle 100;
1471;28511;NABUSIMAKE HOTEL;HOTEL;CL 22 F 82 24;FONTIBON;5472326 - 5479822 - ;nabusimakehostel@gmail.com;www.nabusimakehotel.amawebs.com;Entre $ 60.001 y $ 150.000;No Pertenece a ZIT;
1472;29025;ZOHAR HOSTEL;HOSTAL;KR 4 09 80;CANDELARIA;2840173 - 3173943650 - ;zoharhostel@yahoo.com;www.hostelzoharbogota.com;Menos de $ 60.000;Candelaria;
1473;29220;HOTEL BIOUXURY;HOTEL;CL 83 9 48;CHAPINERO;7442800 -  - ;denisse.rios@ghlhoteles.com;NA;Entre $ 150.001 y $ 350.000;No Pertenece a ZIT;
1475;29235;APARTAHOTEL TORRE BLANCA;APARTA HOTEL;KR 17 52 60;TEUSAQUILLO;2487870 - 3133933694 - 4801309;torreblancaapartahotel@hotmail.com;www.apartamentosamobladostorreblanca.com;Más de $ 150.001;Campin;
1476;29417;HOSPEDAJE ZARAGOZA;HOSTAL;AV JIMENEZ 4 56;SANTA FE;2845411 - 3166978000 - ;fardycito@hotmail.com;NA;Menos de $ 60.000;Candelaria;
1477;29418;HOTEL CONFORT 80 LA CASTELLANA;HOTEL;CL 95 45 A 35;BARRIOS UNIDOS;6235919 -  - ;castellana@hotelesconfort80.com;www.hotelesconfort80.com;Entre $ 60.001 y $ 150.000;No Pertenece a ZIT;
1481;29686;CASA QUINTA HOTEL BOUTIQUE;HOTEL;KR 4 17 59;SANTA FE;3376500 - 3375721 - ;info@casaquintahotel.com;www.casaquintahotel.com;Entre $ 60.001 y $ 150.000;Candelaria;
1482;16134;HOTEL DALON´S COLONIAL;HOTEL;KR 17 31 65;TEUSAQUILLO;3404522 - 3123550504 - ;hoteldarlonscolonial@hotmail.com;www.hoteldalonscolonial.com;Menos de $ 60.000;No Pertenece a ZIT;
1483;9042;VIAGGIO 6.1.7. - INMOBILIRIARIA ROYAL S.A.S.;VIVIENDA TURÍSTICA;CL 61 7 18;CHAPINERO;7449999 -  - ;mercadeo@viaggio.com.co - reservas@viaggio.com.co;www.viaggio.com.co;Entre $ 150.001 y $ 350.000;Lourdes;
1484;27824;HOTEL 51;HOTEL;KR 7 51 A 14;CHAPINERO;2114910 - 7437808 - ;inmonautos2000@yahoo.com;www.apthotel51.com;Entre $ 60.001 y $ 150.000;No Pertenece a ZIT;
1485;30191;HOTEL ARISTON´S;HOTEL;KR 36 25 22;TEUSAQUILLO;8057418 - 8057416 - ;reservas@hotelaristons.com;www.hotelaristons.com;Entre $ 60.001 y $ 150.000;No Pertenece a ZIT;
1486;30730;HOTEL FIDENZI;HOTEL;CL 23 A 36 A 10;TEUSAQUILLO;7028484 - 3683314 - 3188658373;gerencia@hotelfindenzi.com;www.hotelfidenzi.com;Entre $ 60.001 y $ 150.000;No Pertenece a ZIT;
1490;30837;MADELEINE SUITE;HOTEL;KR 43 B 22 A 70;TEUSAQUILLO;3350741 -  - ;gerenciamadeleine@gmail.com;NA;Menos de $ 60.000;Quinta Paredes;
1491;30721;HOTEL BOGOTA CITY;HOTEL;CL 24 A 43 13;TEUSAQUILLO;2691099 - 2691092 - ;reservashotelbogotacity@gmail.com;www.hotelbogotacity.com;Entre $ 60.001 y $ 150.000;Quinta Paredes;
1492;21293;103 WONDERFULL HOUSE;VIVIENDA TURÍSTICA;KR 64 103 C 16;SUBA;7435753 - 3204278356 - ;contacto103@apartahoteleswh.com;www.apartahoteleswh.com;Entre $ 60.001 y $ 150.000;No Pertenece a ZIT;
1493;32002;PRISMA SUITE CHICO 94;HOTEL;TV 23 94 26;CHAPINERO;7437818 - 7437817 - ;NA;www.primashoteles.com;Entre $ 150.001 y $ 350.000;No Pertenece a ZIT;
1494;31041;DORADO SUITE;HOTEL;CL 38 29 40;TEUSAQUILLO;3680192 -  - ;hoteldoradosuite@yahoo.es;www.hoteldoradosuite.tk;Menos de $ 60.000;No Pertenece a ZIT;
1495;30964;CASA DEL VALLE HOTEL;HOTEL;KR 18 124 50;USAQUÉN;5204225 - 2145018 - ;reservas@casadelvallehotel.com;www.casadelvallehotel.com;Entre $ 60.001 y $ 150.000;No Pertenece a ZIT;
1497;30965;HOTEL BAVIERA S.A.;HOTEL;CL 32 13 32;SANTA FE;3203564 - 3203847 - 3203710;reservas@hotelbaviera.com.co;www.hotelbaviera.com.co;Entre $ 150.001 y $ 350.000;Centro Internacional;
1498;30726;HOTEL ANDINO INN;HOTEL;CL 23 9 26;SANTA FE;2842833 - 3187357450 - ;NA;NA;Menos de $ 60.000;No Pertenece a ZIT;